{
"type": "FeatureCollection",
"name": "corsica",
"crs": { "type": "name", "properties": { "name": "urn:ogc:def:crs:OGC:1.3:CRS84" } },
"features": [
{ "type": "Feature", "properties": { }, "geometry": { "type": "MultiPolygon", "coordinates": [ [ [ [ 8.7659841, 41.589776 ], [ 8.7674201, 41.5891044 ], [ 8.7662106, 41.5885645 ], [ 8.7666513, 41.5892215 ], [ 8.7659841, 41.589776 ] ] ], [ [ [ 8.7445382, 41.8114124 ], [ 8.7450255, 41.812984 ], [ 8.7461503, 41.8126346 ], [ 8.7456781, 41.8120871 ], [ 8.7467753, 41.8105407 ], [ 8.74565, 41.8104781 ], [ 8.7445382, 41.8114124 ] ] ], [ [ [ 8.768714, 41.8364712 ], [ 8.7684446, 41.8360219 ], [ 8.7681043, 41.8361902 ], [ 8.768714, 41.8364712 ] ] ], [ [ [ 8.7486299, 41.8448727 ], [ 8.7489591, 41.8454556 ], [ 8.7492485, 41.8453481 ], [ 8.7486299, 41.8448727 ] ] ], [ [ [ 8.5858318, 41.8757547 ], [ 8.5908722, 41.8784215 ], [ 8.5924264, 41.8783924 ], [ 8.5955552, 41.88062 ], [ 8.5957313, 41.8819543 ], [ 8.5984166, 41.8819578 ], [ 8.5986648, 41.88041 ], [ 8.5950255, 41.8776573 ], [ 8.5948444, 41.8766375 ], [ 8.5932782, 41.8761199 ], [ 8.5939725, 41.8745251 ], [ 8.59351, 41.8740318 ], [ 8.5918556, 41.8747941 ], [ 8.5899369, 41.8741536 ], [ 8.5892473, 41.8748864 ], [ 8.5861055, 41.8740298 ], [ 8.5864699, 41.8749598 ], [ 8.5858318, 41.8757547 ] ] ], [ [ [ 8.5980781, 41.8824394 ], [ 8.5993892, 41.8826087 ], [ 8.5994839, 41.881813 ], [ 8.5980781, 41.8824394 ] ] ], [ [ [ 8.6006766, 41.885296 ], [ 8.6011021, 41.886437 ], [ 8.6017217, 41.8859187 ], [ 8.6006766, 41.885296 ] ] ], [ [ [ 8.6024879, 41.8871325 ], [ 8.6028643, 41.8873259 ], [ 8.6029641, 41.8871838 ], [ 8.6024879, 41.8871325 ] ] ], [ [ [ 8.6052798, 41.8886584 ], [ 8.6065167, 41.8899147 ], [ 8.6070232, 41.8888927 ], [ 8.6052798, 41.8886584 ] ] ], [ [ [ 8.6088186, 41.9083258 ], [ 8.6085156, 41.9084009 ], [ 8.6086625, 41.9085613 ], [ 8.6088186, 41.9083258 ] ] ], [ [ [ 8.6176067, 41.9247122 ], [ 8.6177434, 41.9249552 ], [ 8.6181765, 41.924817 ], [ 8.6176067, 41.9247122 ] ] ], [ [ [ 8.5898793, 41.9427019 ], [ 8.5897196, 41.9418293 ], [ 8.5890692, 41.9422173 ], [ 8.5890442, 41.9428146 ], [ 8.5898793, 41.9427019 ] ] ], [ [ [ 8.6318351, 41.9713322 ], [ 8.6324813, 41.9717681 ], [ 8.6328512, 41.9715124 ], [ 8.6318351, 41.9713322 ] ] ], [ [ [ 8.6116116, 41.9771822 ], [ 8.6121081, 41.9766768 ], [ 8.6113695, 41.9770815 ], [ 8.6116116, 41.9771822 ] ] ], [ [ [ 8.6533421, 41.999453 ], [ 8.6541444, 41.9997887 ], [ 8.6543339, 41.9994941 ], [ 8.6533421, 41.999453 ] ] ], [ [ [ 8.7183868, 42.0438048 ], [ 8.7182667, 42.0432101 ], [ 8.718035, 42.0433347 ], [ 8.7183868, 42.0438048 ] ] ], [ [ [ 8.7199923, 42.0439654 ], [ 8.7206134, 42.0431366 ], [ 8.7189833, 42.0435901 ], [ 8.7199923, 42.0439654 ] ] ], [ [ [ 8.7180739, 42.0642738 ], [ 8.717658, 42.0633552 ], [ 8.7171137, 42.0637696 ], [ 8.7180739, 42.0642738 ] ] ], [ [ [ 8.7164746, 42.0640065 ], [ 8.7169325, 42.063415 ], [ 8.7157886, 42.0634966 ], [ 8.7164746, 42.0640065 ] ] ], [ [ [ 8.5860682, 42.1701734 ], [ 8.5865595, 42.1702699 ], [ 8.5861519, 42.1699106 ], [ 8.5860682, 42.1701734 ] ] ], [ [ [ 8.5596695, 42.1736187 ], [ 8.5597882, 42.1731127 ], [ 8.5591479, 42.1733317 ], [ 8.5596695, 42.1736187 ] ] ], [ [ [ 8.5726739, 42.2160633 ], [ 8.574207, 42.2168128 ], [ 8.573861, 42.216 ], [ 8.5726739, 42.2160633 ] ] ], [ [ [ 8.5462632, 42.2289077 ], [ 8.5468282, 42.2289326 ], [ 8.5470657, 42.2288431 ], [ 8.5468158, 42.2284938 ], [ 8.5462632, 42.2289077 ] ] ], [ [ [ 8.5390262, 42.236303 ], [ 8.5392607, 42.2353442 ], [ 8.5392157, 42.2353082 ], [ 8.5383585, 42.2360904 ], [ 8.5390262, 42.236303 ] ] ], [ [ [ 8.5722064, 42.2420428 ], [ 8.5725621, 42.2416824 ], [ 8.5720997, 42.241816 ], [ 8.5722064, 42.2420428 ] ] ], [ [ [ 8.5760994, 42.2431815 ], [ 8.5766493, 42.2440411 ], [ 8.5770665, 42.2437252 ], [ 8.5760994, 42.2431815 ] ] ], [ [ [ 8.5862063, 42.246053 ], [ 8.5870661, 42.2457563 ], [ 8.5862021, 42.2459267 ], [ 8.5862063, 42.246053 ] ] ], [ [ [ 8.6089301, 42.2532678 ], [ 8.608839, 42.2529497 ], [ 8.6085979, 42.2531978 ], [ 8.6089301, 42.2532678 ] ] ], [ [ [ 8.6436771, 42.2580278 ], [ 8.6432756, 42.2585653 ], [ 8.6437824, 42.2581477 ], [ 8.6436771, 42.2580278 ] ] ], [ [ [ 8.5510549, 42.3455936 ], [ 8.5518343, 42.3460146 ], [ 8.5534342, 42.3461201 ], [ 8.5517785, 42.3452133 ], [ 8.5510549, 42.3455936 ] ] ], [ [ [ 8.5537055, 42.3630208 ], [ 8.5549731, 42.3616114 ], [ 8.5533085, 42.3628229 ], [ 8.5537055, 42.3630208 ] ] ], [ [ [ 8.5407602, 42.3660505 ], [ 8.539495, 42.3648663 ], [ 8.5386359, 42.3649991 ], [ 8.5391182, 42.3658234 ], [ 8.5407602, 42.3660505 ] ] ], [ [ [ 8.5367246, 42.3718835 ], [ 8.5367135, 42.3725074 ], [ 8.5381045, 42.3725303 ], [ 8.5408134, 42.3711774 ], [ 8.5406616, 42.372007 ], [ 8.5415044, 42.3715618 ], [ 8.5419789, 42.366739 ], [ 8.5403472, 42.3663698 ], [ 8.5403848, 42.3683048 ], [ 8.5388278, 42.3682986 ], [ 8.539182, 42.3687516 ], [ 8.537779, 42.3697057 ], [ 8.5364976, 42.3695699 ], [ 8.5366721, 42.3702078 ], [ 8.535252, 42.3708481 ], [ 8.5362236, 42.3712326 ], [ 8.5347323, 42.372325 ], [ 8.5367246, 42.3718835 ] ] ], [ [ [ 8.5460478, 42.380331 ], [ 8.5465954, 42.3804638 ], [ 8.5470276, 42.380064 ], [ 8.5460478, 42.380331 ] ] ], [ [ [ 8.5814714, 42.3863374 ], [ 8.5822758, 42.3864391 ], [ 8.5824129, 42.3859931 ], [ 8.5814714, 42.3863374 ] ] ], [ [ [ 8.6487921, 42.4709975 ], [ 8.6493832, 42.4721674 ], [ 8.649912, 42.471278 ], [ 8.6487921, 42.4709975 ] ] ], [ [ [ 8.649831, 42.4792843 ], [ 8.6501282, 42.4787621 ], [ 8.6490788, 42.4775962 ], [ 8.648786, 42.4783775 ], [ 8.649831, 42.4792843 ] ] ], [ [ [ 8.7135041, 42.5306852 ], [ 8.7138265, 42.5304076 ], [ 8.7132248, 42.5305437 ], [ 8.7135041, 42.5306852 ] ] ], [ [ [ 8.7109623, 42.5661298 ], [ 8.711146, 42.5658456 ], [ 8.7107645, 42.5657536 ], [ 8.7109623, 42.5661298 ] ] ], [ [ [ 8.7136733, 42.5660655 ], [ 8.7138237, 42.5659857 ], [ 8.7136112, 42.5659402 ], [ 8.7136733, 42.5660655 ] ] ], [ [ [ 8.7139358, 42.5666717 ], [ 8.7143372, 42.566727 ], [ 8.7138339, 42.5664499 ], [ 8.7139358, 42.5666717 ] ] ], [ [ [ 8.7256283, 42.5847748 ], [ 8.7264584, 42.5847155 ], [ 8.7271062, 42.5847452 ], [ 8.7266502, 42.5842594 ], [ 8.7256283, 42.5847748 ] ] ], [ [ [ 8.7263417, 42.5848459 ], [ 8.7264919, 42.584917 ], [ 8.7265, 42.5848558 ], [ 8.7263417, 42.5848459 ] ] ], [ [ [ 8.9079969, 41.4565088 ], [ 8.9083875, 41.4569641 ], [ 8.9089308, 41.4569661 ], [ 8.9086001, 41.4562817 ], [ 8.9074278, 41.4563776 ], [ 8.9079969, 41.4565088 ] ] ], [ [ [ 8.9079262, 41.4566652 ], [ 8.9080305, 41.4566749 ], [ 8.9080175, 41.4566178 ], [ 8.9079262, 41.4566652 ] ] ], [ [ [ 8.9082225, 41.4570722 ], [ 8.9083421, 41.4570539 ], [ 8.9082655, 41.4570412 ], [ 8.9082225, 41.4570722 ] ] ], [ [ [ 8.9084326, 41.4570332 ], [ 8.9083483, 41.4571033 ], [ 8.9084602, 41.4570412 ], [ 8.9084326, 41.4570332 ] ] ], [ [ [ 8.9088989, 41.4570722 ], [ 8.9089265, 41.4571182 ], [ 8.9089786, 41.4570424 ], [ 8.9088989, 41.4570722 ] ] ], [ [ [ 8.9081366, 41.457147 ], [ 8.9080845, 41.4570332 ], [ 8.9080507, 41.4571102 ], [ 8.9081366, 41.457147 ] ] ], [ [ [ 8.9084955, 41.4570676 ], [ 8.9083928, 41.4571745 ], [ 8.9085277, 41.4571056 ], [ 8.9084955, 41.4570676 ] ] ], [ [ [ 8.9091029, 41.4572858 ], [ 8.909069, 41.4573564 ], [ 8.909133, 41.457362 ], [ 8.9091029, 41.4572858 ] ] ], [ [ [ 8.9085323, 41.4575148 ], [ 8.9086796, 41.457324 ], [ 8.9084633, 41.4574355 ], [ 8.9085323, 41.4575148 ] ] ], [ [ [ 8.909442, 41.4574157 ], [ 8.909491, 41.4574425 ], [ 8.909491, 41.4574101 ], [ 8.909442, 41.4574157 ] ] ], [ [ [ 8.9095419, 41.4576346 ], [ 8.9095344, 41.4574764 ], [ 8.9092894, 41.4575612 ], [ 8.9095419, 41.4576346 ] ] ], [ [ [ 8.9090803, 41.4575866 ], [ 8.9091217, 41.4575258 ], [ 8.9090633, 41.4575414 ], [ 8.9090803, 41.4575866 ] ] ], [ [ [ 8.9095664, 41.4577447 ], [ 8.9097737, 41.4577264 ], [ 8.9096795, 41.4576459 ], [ 8.9095664, 41.4577447 ] ] ], [ [ [ 8.9110393, 41.4599003 ], [ 8.910971, 41.4599034 ], [ 8.9110261, 41.4599539 ], [ 8.9110393, 41.4599003 ] ] ], [ [ [ 8.9158084, 41.462426 ], [ 8.9158738, 41.4625427 ], [ 8.9158925, 41.4624937 ], [ 8.9158084, 41.462426 ] ] ], [ [ [ 8.9152511, 41.4625357 ], [ 8.9151282, 41.4625158 ], [ 8.9151515, 41.4625497 ], [ 8.9152511, 41.4625357 ] ] ], [ [ [ 8.9152916, 41.462531 ], [ 8.9154115, 41.462706 ], [ 8.9153897, 41.4625392 ], [ 8.9152916, 41.462531 ] ] ], [ [ [ 8.9165429, 41.4628077 ], [ 8.9165645, 41.4625822 ], [ 8.9164868, 41.4625781 ], [ 8.9165429, 41.4628077 ] ] ], [ [ [ 8.9136228, 41.4628247 ], [ 8.9135743, 41.4628839 ], [ 8.9136476, 41.4628814 ], [ 8.9136228, 41.4628247 ] ] ], [ [ [ 8.9154986, 41.4630571 ], [ 8.9153819, 41.4629195 ], [ 8.9153165, 41.4629498 ], [ 8.9154986, 41.4630571 ] ] ], [ [ [ 8.9154496, 41.4632213 ], [ 8.9155957, 41.4632913 ], [ 8.915546, 41.4631666 ], [ 8.9154496, 41.4632213 ] ] ], [ [ [ 8.9153386, 41.4631884 ], [ 8.9154, 41.4633001 ], [ 8.9154555, 41.4633001 ], [ 8.9153386, 41.4631884 ] ] ], [ [ [ 8.9153887, 41.4634168 ], [ 8.9153473, 41.4633935 ], [ 8.9153473, 41.4634226 ], [ 8.9153887, 41.4634168 ] ] ], [ [ [ 8.9163872, 41.4634489 ], [ 8.9162383, 41.463519 ], [ 8.915841, 41.4635146 ], [ 8.916285, 41.4636459 ], [ 8.9163872, 41.4634489 ] ] ], [ [ [ 8.9155314, 41.4635824 ], [ 8.9155226, 41.4636306 ], [ 8.9155811, 41.4636131 ], [ 8.9155314, 41.4635824 ] ] ], [ [ [ 8.9158177, 41.4636262 ], [ 8.9158323, 41.4636853 ], [ 8.9158702, 41.4636547 ], [ 8.9158177, 41.4636262 ] ] ], [ [ [ 8.8429687, 41.5150606 ], [ 8.8436931, 41.5155572 ], [ 8.8437975, 41.5152703 ], [ 8.8429687, 41.5150606 ] ] ], [ [ [ 8.8389015, 41.520308 ], [ 8.8393753, 41.520584 ], [ 8.8395133, 41.5202511 ], [ 8.8389015, 41.520308 ] ] ], [ [ [ 8.8402237, 41.5217728 ], [ 8.8403154, 41.5220222 ], [ 8.8405227, 41.5221708 ], [ 8.8402237, 41.5217728 ] ] ], [ [ [ 8.8402988, 41.5226236 ], [ 8.8407866, 41.5228243 ], [ 8.8406994, 41.522495 ], [ 8.8402988, 41.5226236 ] ] ], [ [ [ 8.8407355, 41.5236942 ], [ 8.8411092, 41.5241496 ], [ 8.8410024, 41.5237318 ], [ 8.8407355, 41.5236942 ] ] ], [ [ [ 8.798582, 41.5554246 ], [ 8.799076, 41.555296 ], [ 8.7982991, 41.5552118 ], [ 8.798582, 41.5554246 ] ] ], [ [ [ 8.786411, 41.5575366 ], [ 8.7869272, 41.5572927 ], [ 8.7866767, 41.5571764 ], [ 8.786411, 41.5575366 ] ] ], [ [ [ 8.7871408, 41.5585577 ], [ 8.7870871, 41.5582241 ], [ 8.7866483, 41.5587023 ], [ 8.7871408, 41.5585577 ] ] ], [ [ [ 8.7874497, 41.5595939 ], [ 8.7879535, 41.559005 ], [ 8.7871016, 41.559623 ], [ 8.7874497, 41.5595939 ] ] ], [ [ [ 8.7803644, 41.5840005 ], [ 8.7808491, 41.5840407 ], [ 8.7807781, 41.583751 ], [ 8.7803644, 41.5840005 ] ] ], [ [ [ 8.8149767, 41.6327806 ], [ 8.8143847, 41.6330862 ], [ 8.8148679, 41.633163 ], [ 8.8149767, 41.6327806 ] ] ], [ [ [ 8.8102094, 41.6411856 ], [ 8.8105347, 41.6414311 ], [ 8.810856, 41.6412041 ], [ 8.8102094, 41.6411856 ] ] ], [ [ [ 8.8728924, 41.6622522 ], [ 8.8736472, 41.6623354 ], [ 8.873812, 41.6620639 ], [ 8.8728924, 41.6622522 ] ] ], [ [ [ 8.7955291, 41.6961449 ], [ 8.7961907, 41.6961716 ], [ 8.7959948, 41.6959492 ], [ 8.7955291, 41.6961449 ] ] ], [ [ [ 8.8000187, 42.6016711 ], [ 8.8000753, 42.6006251 ], [ 8.7986418, 42.5999656 ], [ 8.7984199, 42.6006696 ], [ 8.8000187, 42.6016711 ] ] ], [ [ [ 8.7984346, 42.6013338 ], [ 8.7978042, 42.6010254 ], [ 8.7974574, 42.6009486 ], [ 8.7984346, 42.6013338 ] ] ], [ [ [ 8.7997865, 42.6021671 ], [ 8.7991895, 42.6018952 ], [ 8.7988686, 42.6018437 ], [ 8.7991843, 42.6021386 ], [ 8.7997865, 42.6021671 ] ] ], [ [ [ 9.2534267, 41.3367133 ], [ 9.2525793, 41.3362673 ], [ 9.2524618, 41.3365548 ], [ 9.2534267, 41.3367133 ] ] ], [ [ [ 9.2480721, 41.3379198 ], [ 9.2488473, 41.3374607 ], [ 9.2484423, 41.3360066 ], [ 9.2477291, 41.3365635 ], [ 9.2480721, 41.3379198 ] ] ], [ [ [ 9.2494978, 41.3369767 ], [ 9.249909, 41.3372827 ], [ 9.2501009, 41.3371062 ], [ 9.2494978, 41.3369767 ] ] ], [ [ [ 9.2497872, 41.337613 ], [ 9.2493898, 41.3374097 ], [ 9.2492842, 41.3376433 ], [ 9.2497872, 41.337613 ] ] ], [ [ [ 9.2487695, 41.3385985 ], [ 9.2502903, 41.3390355 ], [ 9.2490511, 41.3378212 ], [ 9.2487695, 41.3385985 ] ] ], [ [ [ 9.2470928, 41.3378753 ], [ 9.2475027, 41.3399033 ], [ 9.2485206, 41.3390309 ], [ 9.2470928, 41.3378753 ] ] ], [ [ [ 9.2487544, 41.3395225 ], [ 9.2490163, 41.3409836 ], [ 9.2504534, 41.3413722 ], [ 9.2495237, 41.3420001 ], [ 9.2497933, 41.3432308 ], [ 9.2514654, 41.3436952 ], [ 9.2503607, 41.3442991 ], [ 9.2518569, 41.3440105 ], [ 9.2522433, 41.3431841 ], [ 9.2523548, 41.3438983 ], [ 9.253988, 41.344197 ], [ 9.2534945, 41.3455587 ], [ 9.2563356, 41.3450633 ], [ 9.2573825, 41.3467543 ], [ 9.2571973, 41.3482888 ], [ 9.2591345, 41.3475946 ], [ 9.2584873, 41.3460463 ], [ 9.2594898, 41.3456028 ], [ 9.2574036, 41.3454032 ], [ 9.2576047, 41.3431652 ], [ 9.2561474, 41.3427812 ], [ 9.2571232, 41.3422807 ], [ 9.2562411, 41.3419339 ], [ 9.2562934, 41.3411463 ], [ 9.2575297, 41.3407746 ], [ 9.2587397, 41.3414349 ], [ 9.2579814, 41.3393194 ], [ 9.2584816, 41.3388399 ], [ 9.259874, 41.3405882 ], [ 9.261732, 41.3398693 ], [ 9.2615418, 41.3391766 ], [ 9.260224, 41.3389832 ], [ 9.2615066, 41.3383035 ], [ 9.2603877, 41.3378516 ], [ 9.2605473, 41.3371131 ], [ 9.2612386, 41.3370977 ], [ 9.259908, 41.3339065 ], [ 9.2583401, 41.333446 ], [ 9.2569761, 41.3346134 ], [ 9.2581102, 41.3355429 ], [ 9.2574624, 41.335781 ], [ 9.2580331, 41.3369773 ], [ 9.2573365, 41.3378282 ], [ 9.2563168, 41.3383574 ], [ 9.2538604, 41.3369707 ], [ 9.252878, 41.3377792 ], [ 9.2540374, 41.3378202 ], [ 9.2529762, 41.3382468 ], [ 9.2539486, 41.3390807 ], [ 9.2534185, 41.3395767 ], [ 9.2514525, 41.3401736 ], [ 9.2496375, 41.3393556 ], [ 9.2487544, 41.3395225 ] ] ], [ [ [ 9.2486152, 41.3427162 ], [ 9.248709, 41.3423708 ], [ 9.2486057, 41.3423634 ], [ 9.2486152, 41.3427162 ] ] ], [ [ [ 9.2502987, 41.343807 ], [ 9.2501606, 41.3436702 ], [ 9.2501685, 41.343787 ], [ 9.2502987, 41.343807 ] ] ], [ [ [ 9.2510548, 41.3447227 ], [ 9.2524277, 41.3454646 ], [ 9.2524808, 41.3446635 ], [ 9.2510548, 41.3447227 ] ] ], [ [ [ 9.2520128, 41.3455403 ], [ 9.2522678, 41.3457124 ], [ 9.2525036, 41.3455397 ], [ 9.2520128, 41.3455403 ] ] ], [ [ [ 9.2535625, 41.3457579 ], [ 9.2545194, 41.3459628 ], [ 9.2546723, 41.3457176 ], [ 9.2535625, 41.3457579 ] ] ], [ [ [ 9.2550242, 41.3470355 ], [ 9.2559632, 41.3468412 ], [ 9.2552882, 41.3466554 ], [ 9.2550242, 41.3470355 ] ] ], [ [ [ 9.2556715, 41.3490657 ], [ 9.2561047, 41.3481007 ], [ 9.2541637, 41.3484054 ], [ 9.2542597, 41.3488969 ], [ 9.2556715, 41.3490657 ] ] ], [ [ [ 9.2501677, 41.3486317 ], [ 9.2504561, 41.3492633 ], [ 9.2516102, 41.3489533 ], [ 9.249796, 41.3480703 ], [ 9.2489914, 41.3487507 ], [ 9.2501677, 41.3486317 ] ] ], [ [ [ 9.2550812, 41.3503943 ], [ 9.2564169, 41.3509833 ], [ 9.2562852, 41.349095 ], [ 9.2548563, 41.3494264 ], [ 9.2550812, 41.3503943 ] ] ], [ [ [ 9.2551699, 41.3513699 ], [ 9.2561793, 41.351735 ], [ 9.2563851, 41.351283 ], [ 9.256138, 41.3512149 ], [ 9.2551699, 41.3513699 ] ] ], [ [ [ 9.1808039, 41.3657409 ], [ 9.1801016, 41.3645631 ], [ 9.1793537, 41.3646641 ], [ 9.1796452, 41.3647294 ], [ 9.1808039, 41.3657409 ] ] ], [ [ [ 9.2436322, 41.3722135 ], [ 9.2440759, 41.3726533 ], [ 9.2439627, 41.372001 ], [ 9.2436322, 41.3722135 ] ] ], [ [ [ 9.2264804, 41.3709769 ], [ 9.2273992, 41.3714869 ], [ 9.2271899, 41.373233 ], [ 9.2282494, 41.3741025 ], [ 9.230333, 41.3722465 ], [ 9.2274132, 41.3705836 ], [ 9.2264804, 41.3709769 ] ] ], [ [ [ 9.2441029, 41.3753583 ], [ 9.246887, 41.3766344 ], [ 9.2479985, 41.3764552 ], [ 9.2467311, 41.375498 ], [ 9.2468124, 41.3745699 ], [ 9.2456486, 41.3751419 ], [ 9.2441596, 41.3746736 ], [ 9.2441029, 41.3753583 ] ] ], [ [ [ 9.2417024, 41.3758851 ], [ 9.2413085, 41.3754037 ], [ 9.2411668, 41.3757041 ], [ 9.2417024, 41.3758851 ] ] ], [ [ [ 9.1332491, 41.3915662 ], [ 9.1325692, 41.3912713 ], [ 9.1319177, 41.3914333 ], [ 9.1325161, 41.3917442 ], [ 9.1332491, 41.3915662 ] ] ], [ [ [ 9.1334769, 41.3922285 ], [ 9.1349163, 41.3939434 ], [ 9.1353129, 41.3934546 ], [ 9.1334769, 41.3922285 ] ] ], [ [ [ 9.0983701, 41.4241342 ], [ 9.0989143, 41.4241864 ], [ 9.0984087, 41.4239493 ], [ 9.0983701, 41.4241342 ] ] ], [ [ [ 9.099329, 41.4253304 ], [ 9.1005247, 41.4248719 ], [ 9.0988958, 41.4247087 ], [ 9.099329, 41.4253304 ] ] ], [ [ [ 9.1013077, 41.4262119 ], [ 9.1018635, 41.4273687 ], [ 9.1032279, 41.4267548 ], [ 9.1013077, 41.4262119 ] ] ], [ [ [ 9.1140292, 41.4404135 ], [ 9.1144795, 41.4403779 ], [ 9.1139711, 41.4402982 ], [ 9.1140292, 41.4404135 ] ] ], [ [ [ 9.0690295, 41.442561 ], [ 9.0687605, 41.442421 ], [ 9.0687437, 41.4426122 ], [ 9.0690295, 41.442561 ] ] ], [ [ [ 9.0692824, 41.4438146 ], [ 9.0698112, 41.44379 ], [ 9.0692279, 41.4434438 ], [ 9.0692824, 41.4438146 ] ] ], [ [ [ 9.0640316, 41.4567894 ], [ 9.0653585, 41.4568462 ], [ 9.0636856, 41.4564721 ], [ 9.0640316, 41.4567894 ] ] ], [ [ [ 9.0196344, 41.4610749 ], [ 9.0204229, 41.4612663 ], [ 9.0234131, 41.459777 ], [ 9.0211986, 41.4603787 ], [ 9.0198286, 41.4596244 ], [ 9.0196344, 41.4610749 ] ] ], [ [ [ 9.0630242, 41.4620327 ], [ 9.0625206, 41.462512 ], [ 9.0635495, 41.4621161 ], [ 9.0630242, 41.4620327 ] ] ], [ [ [ 8.917223, 41.4643967 ], [ 8.9171566, 41.4644289 ], [ 8.917221, 41.4644347 ], [ 8.917223, 41.4643967 ] ] ], [ [ [ 8.917473, 41.4648021 ], [ 8.9176331, 41.4648782 ], [ 8.9176351, 41.4648489 ], [ 8.917473, 41.4648021 ] ] ], [ [ [ 9.0742381, 41.4739114 ], [ 9.0752179, 41.4738535 ], [ 9.0740403, 41.472271 ], [ 9.0734228, 41.472341 ], [ 9.0742381, 41.4739114 ] ] ], [ [ [ 8.9302401, 41.4906888 ], [ 8.9303604, 41.4904953 ], [ 8.9302191, 41.4905314 ], [ 8.9302401, 41.4906888 ] ] ], [ [ [ 8.5403198, 42.2371305 ], [ 8.5422014, 42.2371325 ], [ 8.5419359, 42.2379639 ], [ 8.5442153, 42.2382511 ], [ 8.5438124, 42.2389314 ], [ 8.5467884, 42.2396759 ], [ 8.546942, 42.2404871 ], [ 8.5475493, 42.2399726 ], [ 8.5470173, 42.2387112 ], [ 8.549898, 42.2401357 ], [ 8.5497639, 42.239533 ], [ 8.5563232, 42.2358158 ], [ 8.5585866, 42.235547 ], [ 8.562609, 42.2382209 ], [ 8.5685212, 42.2391714 ], [ 8.5720706, 42.2382855 ], [ 8.5735527, 42.2387105 ], [ 8.5742131, 42.239906 ], [ 8.5765766, 42.2401486 ], [ 8.57736, 42.2417017 ], [ 8.5766775, 42.2433223 ], [ 8.5793159, 42.2433899 ], [ 8.5787674, 42.243885 ], [ 8.5802982, 42.2439733 ], [ 8.5801077, 42.2453339 ], [ 8.581063, 42.2446041 ], [ 8.5808411, 42.2438834 ], [ 8.5821955, 42.2438869 ], [ 8.5827807, 42.2429281 ], [ 8.5863639, 42.2432793 ], [ 8.5931151, 42.2451413 ], [ 8.5943972, 42.2458802 ], [ 8.5949648, 42.2474264 ], [ 8.5956789, 42.2467784 ], [ 8.5973851, 42.2469613 ], [ 8.6008737, 42.2489334 ], [ 8.6098552, 42.2505041 ], [ 8.6110818, 42.2513969 ], [ 8.6096145, 42.2520353 ], [ 8.6091864, 42.253347 ], [ 8.6097074, 42.2536959 ], [ 8.6141285, 42.251833 ], [ 8.6179268, 42.2520006 ], [ 8.6178081, 42.2531024 ], [ 8.6160894, 42.2537819 ], [ 8.6156983, 42.2548098 ], [ 8.6167482, 42.2554 ], [ 8.6214589, 42.2547611 ], [ 8.6263439, 42.2514054 ], [ 8.6287519, 42.2525667 ], [ 8.6312018, 42.25199 ], [ 8.6365452, 42.2532124 ], [ 8.638862, 42.2524965 ], [ 8.6398519, 42.2529937 ], [ 8.6396294, 42.2537717 ], [ 8.64148, 42.2541976 ], [ 8.640392, 42.2552128 ], [ 8.6418228, 42.2549854 ], [ 8.6418466, 42.2565858 ], [ 8.6440438, 42.2575446 ], [ 8.6475593, 42.2573529 ], [ 8.6502023, 42.2578088 ], [ 8.6507491, 42.2586514 ], [ 8.6557294, 42.2585933 ], [ 8.6584844, 42.2597583 ], [ 8.6616297, 42.258831 ], [ 8.6649204, 42.2591377 ], [ 8.670228, 42.2606914 ], [ 8.6734659, 42.2630268 ], [ 8.6760902, 42.2630184 ], [ 8.6756735, 42.2622762 ], [ 8.6770399, 42.261842 ], [ 8.6875651, 42.2626077 ], [ 8.6902754, 42.2639275 ], [ 8.6916838, 42.2665323 ], [ 8.6930832, 42.266461 ], [ 8.6933143, 42.2657054 ], [ 8.6934652, 42.2664707 ], [ 8.6953331, 42.2663963 ], [ 8.6910404, 42.2670627 ], [ 8.690984, 42.268323 ], [ 8.692964, 42.2680647 ], [ 8.6930397, 42.2686104 ], [ 8.6911611, 42.2701547 ], [ 8.6915979, 42.2705182 ], [ 8.6891894, 42.2713916 ], [ 8.6888686, 42.2721904 ], [ 8.6910133, 42.2741472 ], [ 8.6906447, 42.2750585 ], [ 8.6916371, 42.276727 ], [ 8.6896737, 42.2781897 ], [ 8.6870366, 42.2821189 ], [ 8.6847728, 42.2830647 ], [ 8.6825234, 42.2816514 ], [ 8.6811921, 42.2820269 ], [ 8.6786452, 42.2810377 ], [ 8.6777871, 42.2819807 ], [ 8.6788009, 42.2821414 ], [ 8.6769121, 42.2830642 ], [ 8.6773948, 42.2832802 ], [ 8.6739825, 42.2838251 ], [ 8.6735055, 42.2846971 ], [ 8.6740427, 42.2852838 ], [ 8.677578, 42.2858465 ], [ 8.6778395, 42.2868014 ], [ 8.6770244, 42.2874157 ], [ 8.6776813, 42.2876716 ], [ 8.6769896, 42.2878961 ], [ 8.6782024, 42.2892053 ], [ 8.6759345, 42.2904864 ], [ 8.6723463, 42.2906868 ], [ 8.6749308, 42.2938896 ], [ 8.6700638, 42.2963599 ], [ 8.6669424, 42.2947675 ], [ 8.6667402, 42.2956842 ], [ 8.6659139, 42.2957132 ], [ 8.6667444, 42.297045 ], [ 8.6618, 42.2980792 ], [ 8.6618746, 42.2994603 ], [ 8.6611342, 42.2997193 ], [ 8.659592, 42.2989513 ], [ 8.6595446, 42.2998151 ], [ 8.6612879, 42.3013802 ], [ 8.6604416, 42.3025191 ], [ 8.6569439, 42.301458 ], [ 8.6549709, 42.3019716 ], [ 8.6528598, 42.3005737 ], [ 8.6519196, 42.3008329 ], [ 8.6526476, 42.3019811 ], [ 8.6475974, 42.3030537 ], [ 8.6464848, 42.3026008 ], [ 8.6461206, 42.3008592 ], [ 8.6440357, 42.3002215 ], [ 8.6427085, 42.3006604 ], [ 8.6413282, 42.2993599 ], [ 8.6392648, 42.2994293 ], [ 8.6404644, 42.3018446 ], [ 8.6374084, 42.3025817 ], [ 8.6379894, 42.3027948 ], [ 8.6372906, 42.3031477 ], [ 8.6375961, 42.3038586 ], [ 8.6336774, 42.3050963 ], [ 8.6313009, 42.3041032 ], [ 8.6293102, 42.3045163 ], [ 8.6290743, 42.3058374 ], [ 8.6309959, 42.3063962 ], [ 8.629774, 42.3077943 ], [ 8.6309396, 42.3088182 ], [ 8.6302409, 42.3096116 ], [ 8.6307161, 42.3105539 ], [ 8.6283341, 42.3122841 ], [ 8.6259022, 42.3125946 ], [ 8.6198303, 42.3104696 ], [ 8.6179414, 42.3108505 ], [ 8.6142938, 42.3101835 ], [ 8.6118936, 42.3086595 ], [ 8.60895, 42.3086246 ], [ 8.606274, 42.3061584 ], [ 8.6046818, 42.3058031 ], [ 8.6054951, 42.3069456 ], [ 8.6039294, 42.3078065 ], [ 8.6057875, 42.3087308 ], [ 8.6017647, 42.3093478 ], [ 8.6043991, 42.3118119 ], [ 8.603157, 42.3124789 ], [ 8.6037689, 42.3131005 ], [ 8.6021182, 42.3134432 ], [ 8.6017195, 42.3158358 ], [ 8.5999345, 42.3157361 ], [ 8.6001862, 42.3168717 ], [ 8.5987298, 42.3160398 ], [ 8.597632, 42.3164133 ], [ 8.5984037, 42.3170843 ], [ 8.5973551, 42.3172907 ], [ 8.5983566, 42.3194892 ], [ 8.5997262, 42.3203232 ], [ 8.6017744, 42.3199607 ], [ 8.6023391, 42.3205621 ], [ 8.6017176, 42.3216843 ], [ 8.6054626, 42.3227701 ], [ 8.6043897, 42.3230299 ], [ 8.6049302, 42.3236337 ], [ 8.6068761, 42.322657 ], [ 8.6087657, 42.3242901 ], [ 8.6123875, 42.3247437 ], [ 8.6127032, 42.325708 ], [ 8.6141758, 42.3255037 ], [ 8.6139665, 42.3260273 ], [ 8.6166803, 42.3269079 ], [ 8.6187972, 42.3264581 ], [ 8.6197561, 42.327984 ], [ 8.6221632, 42.3279873 ], [ 8.6282753, 42.3322434 ], [ 8.6271643, 42.3334936 ], [ 8.6277495, 42.333912 ], [ 8.6261594, 42.3352859 ], [ 8.6270231, 42.3357714 ], [ 8.6271255, 42.3377129 ], [ 8.6288418, 42.3398763 ], [ 8.6274512, 42.3406369 ], [ 8.6237459, 42.3398636 ], [ 8.6201125, 42.3410354 ], [ 8.619382, 42.3405772 ], [ 8.6188287, 42.3413154 ], [ 8.6179639, 42.3406564 ], [ 8.6184012, 42.3418775 ], [ 8.6177565, 42.3415968 ], [ 8.617455, 42.3423563 ], [ 8.6180693, 42.3432993 ], [ 8.6164324, 42.3436245 ], [ 8.6179956, 42.3464743 ], [ 8.6168175, 42.3489656 ], [ 8.6156894, 42.3489123 ], [ 8.6149923, 42.3499018 ], [ 8.613277, 42.3495398 ], [ 8.6127095, 42.3487089 ], [ 8.6139033, 42.3474797 ], [ 8.6122003, 42.3464012 ], [ 8.6122297, 42.3472355 ], [ 8.6111209, 42.3470848 ], [ 8.6118843, 42.3476821 ], [ 8.6108834, 42.3488452 ], [ 8.6080479, 42.3485347 ], [ 8.6083173, 42.3498141 ], [ 8.6075727, 42.3504225 ], [ 8.6055599, 42.3495992 ], [ 8.6040197, 42.3499589 ], [ 8.6007721, 42.3531387 ], [ 8.5911914, 42.3532249 ], [ 8.5877519, 42.3500045 ], [ 8.5849926, 42.3488985 ], [ 8.5839049, 42.3494693 ], [ 8.581884, 42.3488054 ], [ 8.581739, 42.346832 ], [ 8.5803878, 42.3458274 ], [ 8.580825, 42.3447957 ], [ 8.5801752, 42.3440148 ], [ 8.5789998, 42.3446744 ], [ 8.5780814, 42.3440342 ], [ 8.5780936, 42.3427738 ], [ 8.5773136, 42.3430612 ], [ 8.5773928, 42.3410251 ], [ 8.5748433, 42.3413076 ], [ 8.5756821, 42.3402191 ], [ 8.573992, 42.3387362 ], [ 8.5728883, 42.3387146 ], [ 8.573124, 42.3377188 ], [ 8.567753, 42.3379784 ], [ 8.5671635, 42.3375768 ], [ 8.5679854, 42.3367463 ], [ 8.5673664, 42.3355146 ], [ 8.5660244, 42.3367174 ], [ 8.5659216, 42.334367 ], [ 8.564547, 42.3344511 ], [ 8.5650646, 42.3333755 ], [ 8.5627331, 42.3328205 ], [ 8.5620888, 42.3332711 ], [ 8.5625338, 42.3344283 ], [ 8.5607902, 42.3335725 ], [ 8.5603717, 42.3344431 ], [ 8.5585621, 42.3333949 ], [ 8.5584065, 42.3322283 ], [ 8.5570011, 42.3341467 ], [ 8.5532465, 42.3332186 ], [ 8.5525548, 42.3351365 ], [ 8.5537582, 42.3352795 ], [ 8.554116, 42.3342222 ], [ 8.5557508, 42.335856 ], [ 8.5548128, 42.3381933 ], [ 8.557026, 42.3383273 ], [ 8.5572405, 42.3399757 ], [ 8.5591838, 42.3399006 ], [ 8.5582289, 42.3415061 ], [ 8.5589542, 42.3423183 ], [ 8.5573481, 42.3421024 ], [ 8.5568343, 42.3426717 ], [ 8.5588201, 42.343469 ], [ 8.5599128, 42.3449396 ], [ 8.5594553, 42.3453599 ], [ 8.557385, 42.3445583 ], [ 8.5577259, 42.3456794 ], [ 8.5568322, 42.3451464 ], [ 8.5571539, 42.3458892 ], [ 8.5557814, 42.3453079 ], [ 8.555253, 42.3460328 ], [ 8.5535724, 42.3434659 ], [ 8.5527933, 42.3443011 ], [ 8.5547293, 42.3461433 ], [ 8.5512359, 42.3467375 ], [ 8.5533742, 42.3484215 ], [ 8.5518208, 42.3497781 ], [ 8.5534292, 42.3505191 ], [ 8.5533042, 42.3513785 ], [ 8.5548304, 42.3501299 ], [ 8.5547974, 42.3522056 ], [ 8.5579039, 42.3518378 ], [ 8.5571332, 42.3525809 ], [ 8.5576602, 42.3528747 ], [ 8.5567521, 42.3531344 ], [ 8.5571924, 42.3533911 ], [ 8.5564089, 42.3534581 ], [ 8.5572983, 42.3542596 ], [ 8.5546536, 42.3539575 ], [ 8.5534985, 42.3555609 ], [ 8.5545503, 42.3560978 ], [ 8.5534606, 42.3565774 ], [ 8.5554083, 42.3561238 ], [ 8.5548324, 42.3577162 ], [ 8.556458, 42.3581006 ], [ 8.5570217, 42.358766 ], [ 8.5563495, 42.3593497 ], [ 8.5580134, 42.3606715 ], [ 8.5564933, 42.3608707 ], [ 8.5569633, 42.3620841 ], [ 8.555025, 42.3621897 ], [ 8.5560804, 42.3652482 ], [ 8.5533722, 42.3658726 ], [ 8.551848, 42.3646726 ], [ 8.5495801, 42.3654263 ], [ 8.550011, 42.3650027 ], [ 8.5478761, 42.3657749 ], [ 8.548923, 42.3667928 ], [ 8.5484095, 42.3676348 ], [ 8.5460856, 42.3682673 ], [ 8.5457437, 42.3672435 ], [ 8.5436621, 42.36704 ], [ 8.5432698, 42.3676397 ], [ 8.5440535, 42.3680262 ], [ 8.5431591, 42.3689214 ], [ 8.5437793, 42.3697615 ], [ 8.5463497, 42.37035 ], [ 8.5443785, 42.3742511 ], [ 8.5458459, 42.3746218 ], [ 8.5447381, 42.3756249 ], [ 8.5471392, 42.3765817 ], [ 8.5458191, 42.3778855 ], [ 8.5482154, 42.3785264 ], [ 8.5472903, 42.3791262 ], [ 8.5477758, 42.3796583 ], [ 8.5481816, 42.3790564 ], [ 8.5510509, 42.3790478 ], [ 8.5512296, 42.3765614 ], [ 8.5524462, 42.3757962 ], [ 8.5509073, 42.3732233 ], [ 8.5529843, 42.3732315 ], [ 8.5536892, 42.3714375 ], [ 8.5557633, 42.3718302 ], [ 8.5571542, 42.3709376 ], [ 8.5597922, 42.3719088 ], [ 8.56201, 42.3695441 ], [ 8.5630474, 42.3696769 ], [ 8.5640472, 42.3712199 ], [ 8.5668451, 42.3711026 ], [ 8.5692768, 42.3698283 ], [ 8.5704448, 42.3714206 ], [ 8.5719144, 42.37024 ], [ 8.5725682, 42.3705513 ], [ 8.5716601, 42.3735327 ], [ 8.5728146, 42.3726913 ], [ 8.5741608, 42.3732423 ], [ 8.5736626, 42.3744424 ], [ 8.5742817, 42.3751117 ], [ 8.5753291, 42.374392 ], [ 8.5763276, 42.3749667 ], [ 8.5774482, 42.3740534 ], [ 8.5782102, 42.3743851 ], [ 8.5781681, 42.3761721 ], [ 8.5767359, 42.3777376 ], [ 8.5779994, 42.3782719 ], [ 8.5763829, 42.3786976 ], [ 8.5761673, 42.3798173 ], [ 8.5730316, 42.3813975 ], [ 8.5768044, 42.3836027 ], [ 8.5786882, 42.3831956 ], [ 8.5784046, 42.3826276 ], [ 8.5802736, 42.3818049 ], [ 8.5827831, 42.38158 ], [ 8.5859319, 42.3834329 ], [ 8.5843103, 42.3849462 ], [ 8.5857952, 42.3857944 ], [ 8.5872906, 42.3838005 ], [ 8.5893038, 42.3848878 ], [ 8.589489, 42.3840595 ], [ 8.5943941, 42.3818475 ], [ 8.6005703, 42.383841 ], [ 8.6029547, 42.3872684 ], [ 8.605366, 42.3858876 ], [ 8.6090084, 42.3868583 ], [ 8.6085257, 42.3887542 ], [ 8.6096415, 42.3902103 ], [ 8.6084667, 42.3911948 ], [ 8.6080896, 42.3937607 ], [ 8.6049181, 42.3955013 ], [ 8.6036682, 42.395119 ], [ 8.6035234, 42.3971711 ], [ 8.6021528, 42.3974861 ], [ 8.6021206, 42.3987934 ], [ 8.6036387, 42.3993896 ], [ 8.6023217, 42.399859 ], [ 8.6028877, 42.4007998 ], [ 8.6044675, 42.400677 ], [ 8.6054358, 42.4019486 ], [ 8.6083594, 42.4015168 ], [ 8.6092204, 42.402725 ], [ 8.6121011, 42.4034796 ], [ 8.6110466, 42.4043128 ], [ 8.6119321, 42.4054463 ], [ 8.6089119, 42.4058642 ], [ 8.6084399, 42.4071099 ], [ 8.6066696, 42.4069118 ], [ 8.6067232, 42.4076605 ], [ 8.6033624, 42.4073753 ], [ 8.6010896, 42.4091331 ], [ 8.6030043, 42.4100468 ], [ 8.6056638, 42.4099439 ], [ 8.605932, 42.4106727 ], [ 8.6088556, 42.4116668 ], [ 8.6072752, 42.4128112 ], [ 8.6077241, 42.4131798 ], [ 8.6063986, 42.4135264 ], [ 8.6068386, 42.4140352 ], [ 8.6052198, 42.4141719 ], [ 8.6059481, 42.4142451 ], [ 8.6053355, 42.4150439 ], [ 8.6065435, 42.4153501 ], [ 8.6054094, 42.4155866 ], [ 8.6060776, 42.4165784 ], [ 8.6082094, 42.4163877 ], [ 8.6089069, 42.4173586 ], [ 8.6115593, 42.4158649 ], [ 8.612817, 42.4169618 ], [ 8.6171302, 42.4173243 ], [ 8.6174494, 42.4168035 ], [ 8.6183546, 42.4178973 ], [ 8.6194882, 42.4172495 ], [ 8.6222915, 42.4196393 ], [ 8.6220142, 42.4217095 ], [ 8.6226631, 42.4221062 ], [ 8.623872, 42.4207934 ], [ 8.6275688, 42.4208374 ], [ 8.6282963, 42.4199598 ], [ 8.6297768, 42.4208046 ], [ 8.6348247, 42.4187876 ], [ 8.6412592, 42.4181277 ], [ 8.642123, 42.4167144 ], [ 8.6448991, 42.4164283 ], [ 8.6442715, 42.4156471 ], [ 8.6454476, 42.4153649 ], [ 8.6454505, 42.415141 ], [ 8.6444031, 42.4154475 ], [ 8.6439234, 42.4146394 ], [ 8.6469263, 42.4133014 ], [ 8.6514836, 42.4142216 ], [ 8.6519279, 42.4155461 ], [ 8.6549024, 42.415155 ], [ 8.6551962, 42.4165675 ], [ 8.6568597, 42.4170868 ], [ 8.6560623, 42.4186287 ], [ 8.656784, 42.4200499 ], [ 8.6579797, 42.4197405 ], [ 8.6595137, 42.4213382 ], [ 8.6622588, 42.4262231 ], [ 8.6618802, 42.4270619 ], [ 8.6627307, 42.4274718 ], [ 8.6619564, 42.4275813 ], [ 8.6631468, 42.4282038 ], [ 8.6613277, 42.4287467 ], [ 8.6628512, 42.4289071 ], [ 8.6618422, 42.429053 ], [ 8.6631501, 42.4309056 ], [ 8.6608847, 42.4314321 ], [ 8.6631407, 42.4326557 ], [ 8.6643003, 42.434561 ], [ 8.659882, 42.4353706 ], [ 8.6582834, 42.4369764 ], [ 8.65844, 42.4378313 ], [ 8.6546023, 42.436949 ], [ 8.654396, 42.4386478 ], [ 8.6528758, 42.4387611 ], [ 8.652174, 42.4401945 ], [ 8.6508165, 42.4400875 ], [ 8.6483642, 42.4425727 ], [ 8.650335, 42.4422825 ], [ 8.6498574, 42.4439481 ], [ 8.6526294, 42.4448025 ], [ 8.6530536, 42.4439829 ], [ 8.6537295, 42.4447416 ], [ 8.6565875, 42.4442945 ], [ 8.659778, 42.4456276 ], [ 8.6598879, 42.4446548 ], [ 8.6632785, 42.4452644 ], [ 8.6655156, 42.444436 ], [ 8.666839, 42.4452499 ], [ 8.6688309, 42.4451027 ], [ 8.6682454, 42.4457487 ], [ 8.669063, 42.4462405 ], [ 8.6676314, 42.4472081 ], [ 8.6692707, 42.4479039 ], [ 8.6680417, 42.4490639 ], [ 8.670349, 42.4503699 ], [ 8.6692359, 42.4512265 ], [ 8.66972, 42.4516714 ], [ 8.6686222, 42.4518602 ], [ 8.6692379, 42.4526373 ], [ 8.6683503, 42.4525809 ], [ 8.6675111, 42.4542116 ], [ 8.6651206, 42.4538262 ], [ 8.664418, 42.4563817 ], [ 8.6690435, 42.4581166 ], [ 8.6685132, 42.4584475 ], [ 8.6712716, 42.4618091 ], [ 8.6724434, 42.4621558 ], [ 8.672625, 42.4630612 ], [ 8.6745575, 42.4633955 ], [ 8.6752419, 42.4651052 ], [ 8.6747135, 42.4654345 ], [ 8.6756773, 42.4659235 ], [ 8.6748254, 42.4659421 ], [ 8.6756354, 42.4663613 ], [ 8.6751385, 42.4666585 ], [ 8.6788431, 42.4664381 ], [ 8.6799103, 42.4686371 ], [ 8.6790267, 42.4722008 ], [ 8.6751307, 42.4765005 ], [ 8.6635555, 42.4753788 ], [ 8.6604344, 42.4754982 ], [ 8.6604302, 42.4762682 ], [ 8.6569637, 42.4761291 ], [ 8.6535555, 42.4753242 ], [ 8.6514596, 42.4738288 ], [ 8.6493951, 42.4746108 ], [ 8.6501845, 42.4786312 ], [ 8.6510999, 42.4789478 ], [ 8.6520627, 42.4809059 ], [ 8.6540512, 42.480894 ], [ 8.6542488, 42.4837816 ], [ 8.6561944, 42.4844953 ], [ 8.6562012, 42.4851083 ], [ 8.6565706, 42.484598 ], [ 8.6586353, 42.4875562 ], [ 8.6596055, 42.487161 ], [ 8.6617213, 42.4903578 ], [ 8.6637221, 42.490363 ], [ 8.6634653, 42.4921907 ], [ 8.6643854, 42.4930379 ], [ 8.6651421, 42.4927693 ], [ 8.6646296, 42.4933254 ], [ 8.6656435, 42.4948561 ], [ 8.6650027, 42.4941952 ], [ 8.6649218, 42.4951444 ], [ 8.6664268, 42.4961636 ], [ 8.6657436, 42.4964176 ], [ 8.6668966, 42.4991306 ], [ 8.6655667, 42.4987357 ], [ 8.6665585, 42.4996139 ], [ 8.6660999, 42.5014909 ], [ 8.6666688, 42.502152 ], [ 8.6642736, 42.5035265 ], [ 8.6645532, 42.5043996 ], [ 8.6665712, 42.5050345 ], [ 8.6655789, 42.5053508 ], [ 8.6660846, 42.5088458 ], [ 8.6646009, 42.5091477 ], [ 8.6657025, 42.5100585 ], [ 8.6659487, 42.5117152 ], [ 8.6652117, 42.5120015 ], [ 8.6660315, 42.5126297 ], [ 8.6652008, 42.5128976 ], [ 8.6668069, 42.5160705 ], [ 8.6744255, 42.5187868 ], [ 8.6765666, 42.5174685 ], [ 8.6814397, 42.5175959 ], [ 8.6814969, 42.5161745 ], [ 8.683074, 42.5149183 ], [ 8.6876143, 42.5179257 ], [ 8.6953251, 42.5206744 ], [ 8.6970659, 42.5229124 ], [ 8.6951582, 42.5240146 ], [ 8.6950427, 42.5256147 ], [ 8.6980769, 42.5257094 ], [ 8.6997293, 42.5271046 ], [ 8.7021397, 42.5254196 ], [ 8.7049221, 42.5264415 ], [ 8.7063234, 42.5236218 ], [ 8.708977, 42.5229857 ], [ 8.711753, 42.524547 ], [ 8.7140549, 42.5239343 ], [ 8.7140279, 42.5244842 ], [ 8.7181661, 42.524332 ], [ 8.720383, 42.5252099 ], [ 8.7197963, 42.5278601 ], [ 8.7174134, 42.5290239 ], [ 8.7174732, 42.5307542 ], [ 8.7159068, 42.5303237 ], [ 8.7144791, 42.5311689 ], [ 8.7159026, 42.5322454 ], [ 8.716734, 42.5319015 ], [ 8.7171415, 42.533498 ], [ 8.7158019, 42.5333707 ], [ 8.7147609, 42.5338069 ], [ 8.7154099, 42.5343932 ], [ 8.7142939, 42.5345596 ], [ 8.7118486, 42.5342053 ], [ 8.7102032, 42.5354987 ], [ 8.7135342, 42.5390084 ], [ 8.7170098, 42.5391765 ], [ 8.7189755, 42.5400924 ], [ 8.7190086, 42.5408249 ], [ 8.717625, 42.5414921 ], [ 8.717705, 42.5443256 ], [ 8.7229432, 42.5453024 ], [ 8.7206042, 42.5463183 ], [ 8.7209575, 42.5472005 ], [ 8.7200562, 42.5467805 ], [ 8.7205148, 42.5476473 ], [ 8.7179893, 42.5474454 ], [ 8.718341, 42.5486804 ], [ 8.7165991, 42.5490325 ], [ 8.7175598, 42.5499547 ], [ 8.7164681, 42.5503497 ], [ 8.7203231, 42.5522709 ], [ 8.7201848, 42.5528321 ], [ 8.7220965, 42.5531484 ], [ 8.7216016, 42.5534468 ], [ 8.7221402, 42.5538311 ], [ 8.721342, 42.5535934 ], [ 8.7227127, 42.5542439 ], [ 8.7221159, 42.5543297 ], [ 8.7230209, 42.5550177 ], [ 8.7230209, 42.5567905 ], [ 8.7204104, 42.5572462 ], [ 8.7211043, 42.5577537 ], [ 8.7201169, 42.5577662 ], [ 8.7206749, 42.5585578 ], [ 8.7197578, 42.5582666 ], [ 8.7205633, 42.5587008 ], [ 8.7203437, 42.5595862 ], [ 8.7156131, 42.5604446 ], [ 8.7182464, 42.5612046 ], [ 8.7174791, 42.5614812 ], [ 8.7185479, 42.5615231 ], [ 8.718066, 42.5617661 ], [ 8.7189236, 42.5624478 ], [ 8.7166487, 42.5632796 ], [ 8.7168223, 42.564034 ], [ 8.7151303, 42.5637903 ], [ 8.7153886, 42.5647275 ], [ 8.7146651, 42.5648572 ], [ 8.7157367, 42.5675218 ], [ 8.7167055, 42.5678421 ], [ 8.7185492, 42.5707306 ], [ 8.7136227, 42.5704792 ], [ 8.7099159, 42.5691656 ], [ 8.7100822, 42.5697878 ], [ 8.7089315, 42.5702678 ], [ 8.7064049, 42.5695152 ], [ 8.7067401, 42.5705306 ], [ 8.7094411, 42.5721819 ], [ 8.7118658, 42.5723676 ], [ 8.7120751, 42.5736317 ], [ 8.7130004, 42.5740583 ], [ 8.7127376, 42.5753936 ], [ 8.7098274, 42.5752118 ], [ 8.710396, 42.5758182 ], [ 8.7092212, 42.5767643 ], [ 8.7153313, 42.5781962 ], [ 8.7187967, 42.5810857 ], [ 8.7225786, 42.5818559 ], [ 8.7220716, 42.582006 ], [ 8.7245876, 42.5842673 ], [ 8.7271249, 42.5840875 ], [ 8.7260815, 42.5826162 ], [ 8.7266341, 42.5825906 ], [ 8.7239252, 42.5798611 ], [ 8.7248531, 42.5779918 ], [ 8.7238105, 42.5761711 ], [ 8.7243657, 42.5733782 ], [ 8.7291071, 42.5743882 ], [ 8.7289408, 42.5736673 ], [ 8.7260421, 42.5729417 ], [ 8.7258302, 42.5719679 ], [ 8.7271767, 42.5699492 ], [ 8.7264658, 42.5692889 ], [ 8.7272652, 42.5682464 ], [ 8.7264364, 42.5677941 ], [ 8.7278982, 42.5663421 ], [ 8.7268988, 42.5652072 ], [ 8.7270891, 42.5615556 ], [ 8.7282987, 42.5615447 ], [ 8.7298125, 42.5631741 ], [ 8.7320448, 42.5628261 ], [ 8.7377261, 42.5650211 ], [ 8.7382398, 42.5665622 ], [ 8.7377391, 42.5676648 ], [ 8.7394477, 42.5684896 ], [ 8.7426904, 42.5681242 ], [ 8.7450984, 42.5669117 ], [ 8.7466273, 42.5683379 ], [ 8.748816, 42.5681048 ], [ 8.75246, 42.5696291 ], [ 8.754167, 42.5690096 ], [ 8.7548772, 42.5716751 ], [ 8.7559961, 42.5714396 ], [ 8.7583573, 42.5688396 ], [ 8.7600606, 42.5697071 ], [ 8.7629014, 42.5694241 ], [ 8.7624958, 42.5664802 ], [ 8.7616554, 42.5670757 ], [ 8.7590828, 42.5668504 ], [ 8.7584686, 42.5660856 ], [ 8.7589815, 42.5656242 ], [ 8.7572095, 42.5655209 ], [ 8.7581851, 42.5649414 ], [ 8.7572612, 42.5653712 ], [ 8.7561263, 42.5638737 ], [ 8.757784, 42.5632493 ], [ 8.7594581, 42.5652388 ], [ 8.7582783, 42.5633709 ], [ 8.7565332, 42.5621472 ], [ 8.7591081, 42.5593537 ], [ 8.7617537, 42.5578703 ], [ 8.7697345, 42.5557121 ], [ 8.7836259, 42.5569803 ], [ 8.7879398, 42.55803 ], [ 8.7934044, 42.5610712 ], [ 8.7944759, 42.5631269 ], [ 8.7972031, 42.5655245 ], [ 8.8003425, 42.5672875 ], [ 8.8002969, 42.5680382 ], [ 8.8005412, 42.5675393 ], [ 8.8020295, 42.5680646 ], [ 8.805288, 42.571046 ], [ 8.805211, 42.572624 ], [ 8.806036, 42.573106 ], [ 8.805139, 42.573659 ], [ 8.8053917, 42.5762604 ], [ 8.8041268, 42.5761871 ], [ 8.804299, 42.578275 ], [ 8.8027396, 42.5788561 ], [ 8.803573, 42.579308 ], [ 8.80236, 42.580133 ], [ 8.802553, 42.581609 ], [ 8.79813, 42.583018 ], [ 8.801542, 42.583952 ], [ 8.801584, 42.585273 ], [ 8.802157, 42.584765 ], [ 8.804606, 42.585301 ], [ 8.805842, 42.586333 ], [ 8.801878, 42.58702 ], [ 8.8039473, 42.589139 ], [ 8.811322, 42.589762 ], [ 8.811621, 42.591544 ], [ 8.809855, 42.593512 ], [ 8.8112909, 42.5945411 ], [ 8.8105804, 42.5948144 ], [ 8.8111546, 42.5952711 ], [ 8.810007, 42.597145 ], [ 8.810558, 42.598254 ], [ 8.808127, 42.598181 ], [ 8.808997, 42.599219 ], [ 8.806371, 42.5995115 ], [ 8.806084, 42.600311 ], [ 8.805232, 42.599541 ], [ 8.8056106, 42.5990528 ], [ 8.8041955, 42.5995059 ], [ 8.8048822, 42.5997991 ], [ 8.8041686, 42.6009723 ], [ 8.801285, 42.600882 ], [ 8.802394, 42.602474 ], [ 8.8053912, 42.6027129 ], [ 8.8058662, 42.6040492 ], [ 8.8089088, 42.6036726 ], [ 8.8113647, 42.6049281 ], [ 8.8142976, 42.6040811 ], [ 8.817148, 42.60457 ], [ 8.81919, 42.603441 ], [ 8.819328, 42.604411 ], [ 8.822034, 42.605844 ], [ 8.82699, 42.606292 ], [ 8.828068, 42.606081 ], [ 8.828579, 42.605088 ], [ 8.827835, 42.605 ], [ 8.827788, 42.604158 ], [ 8.828975, 42.604095 ], [ 8.829161, 42.603226 ], [ 8.827899, 42.603983 ], [ 8.826882, 42.603127 ], [ 8.828497, 42.603174 ], [ 8.828822, 42.602105 ], [ 8.830887, 42.601364 ], [ 8.834205, 42.601667 ], [ 8.837301, 42.603956 ], [ 8.836506, 42.604293 ], [ 8.841105, 42.60471 ], [ 8.841661, 42.605069 ], [ 8.8407271, 42.6061616 ], [ 8.842482, 42.606667 ], [ 8.84271, 42.608034 ], [ 8.8508103, 42.6106536 ], [ 8.8506561, 42.6116826 ], [ 8.8518485, 42.6124516 ], [ 8.8536505, 42.6116436 ], [ 8.8537174, 42.6105418 ], [ 8.8543247, 42.6109686 ], [ 8.8552977, 42.6106287 ], [ 8.8534345, 42.6100662 ], [ 8.854025, 42.608584 ], [ 8.8576903, 42.609837 ], [ 8.8603215, 42.609013 ], [ 8.8617255, 42.6099332 ], [ 8.8643025, 42.6080737 ], [ 8.8672435, 42.6081455 ], [ 8.8721241, 42.6105845 ], [ 8.8756953, 42.6139757 ], [ 8.8760865, 42.614968 ], [ 8.8747728, 42.6155367 ], [ 8.8748226, 42.6182797 ], [ 8.8760106, 42.6193378 ], [ 8.8787696, 42.6195351 ], [ 8.8812659, 42.6209024 ], [ 8.8807243, 42.6219866 ], [ 8.8784716, 42.6220358 ], [ 8.8790523, 42.6227966 ], [ 8.8784597, 42.622893 ], [ 8.8839656, 42.6255784 ], [ 8.8827413, 42.6265631 ], [ 8.8793106, 42.6268869 ], [ 8.8803014, 42.629135 ], [ 8.8828768, 42.6295068 ], [ 8.8835835, 42.6282389 ], [ 8.8871304, 42.6283773 ], [ 8.8870311, 42.6293339 ], [ 8.889243, 42.6305147 ], [ 8.8904839, 42.6277344 ], [ 8.8914011, 42.6273913 ], [ 8.8925565, 42.6279117 ], [ 8.8933603, 42.6302742 ], [ 8.8960696, 42.6275504 ], [ 8.9001635, 42.6278416 ], [ 8.9005586, 42.6285147 ], [ 8.9027574, 42.6271624 ], [ 8.9056765, 42.6273947 ], [ 8.9080599, 42.6281193 ], [ 8.90832, 42.629035 ], [ 8.9117126, 42.6290689 ], [ 8.9133843, 42.6299242 ], [ 8.9142486, 42.6308923 ], [ 8.9138742, 42.6320588 ], [ 8.9159154, 42.6335381 ], [ 8.9151501, 42.6343738 ], [ 8.9173997, 42.6353478 ], [ 8.9185394, 42.637366 ], [ 8.9226644, 42.6395044 ], [ 8.9239069, 42.6392262 ], [ 8.9249711, 42.6377281 ], [ 8.9266476, 42.6382575 ], [ 8.9296476, 42.6374592 ], [ 8.9305039, 42.6381225 ], [ 8.9330805, 42.6379566 ], [ 8.9351514, 42.6394841 ], [ 8.9359132, 42.6376823 ], [ 8.9383954, 42.6376334 ], [ 8.9389431, 42.6352902 ], [ 8.9406238, 42.6345573 ], [ 8.948424, 42.633588 ], [ 8.9507898, 42.6336798 ], [ 8.9521692, 42.6346318 ], [ 8.9546786, 42.6336283 ], [ 8.9549723, 42.6350189 ], [ 8.9572737, 42.6356153 ], [ 8.9612184, 42.6350555 ], [ 8.9624671, 42.6341684 ], [ 8.9639202, 42.6344741 ], [ 8.9656099, 42.6352316 ], [ 8.9656782, 42.6368771 ], [ 8.9681276, 42.6370497 ], [ 8.9751229, 42.6402045 ], [ 8.977301, 42.6384409 ], [ 8.9775674, 42.6394439 ], [ 8.9791683, 42.6396784 ], [ 8.9833106, 42.6392764 ], [ 8.9858398, 42.6414185 ], [ 8.9887552, 42.6402397 ], [ 8.9891381, 42.641676 ], [ 8.9906551, 42.6406415 ], [ 8.9932018, 42.6409347 ], [ 8.9935701, 42.6397981 ], [ 8.9970711, 42.6399884 ], [ 9.001288, 42.6420645 ], [ 9.0027461, 42.6439704 ], [ 9.0075757, 42.6418713 ], [ 9.0073319, 42.6406714 ], [ 9.0079675, 42.6401814 ], [ 9.0154585, 42.6412092 ], [ 9.0212564, 42.6449796 ], [ 9.0287353, 42.6529675 ], [ 9.0360382, 42.6550187 ], [ 9.0396278, 42.6528442 ], [ 9.0428976, 42.6534708 ], [ 9.0519456, 42.6575666 ], [ 9.0536279, 42.6591568 ], [ 9.0582553, 42.6593465 ], [ 9.0592478, 42.6602639 ], [ 9.0617347, 42.6647972 ], [ 9.0614053, 42.6660274 ], [ 9.0607192, 42.665902 ], [ 9.0614761, 42.6666582 ], [ 9.05993, 42.6661687 ], [ 9.0598862, 42.6669861 ], [ 9.0582894, 42.6672979 ], [ 9.0583824, 42.6681993 ], [ 9.0552268, 42.6692957 ], [ 9.0565807, 42.6693275 ], [ 9.0563763, 42.6702312 ], [ 9.0578153, 42.6698177 ], [ 9.0585125, 42.6702677 ], [ 9.0583343, 42.6712645 ], [ 9.0602945, 42.6717812 ], [ 9.0551794, 42.673876 ], [ 9.0554006, 42.6754399 ], [ 9.0542299, 42.6760166 ], [ 9.0551833, 42.6760264 ], [ 9.0540586, 42.6762975 ], [ 9.0547812, 42.6773433 ], [ 9.0535879, 42.677869 ], [ 9.055086, 42.6776105 ], [ 9.0544889, 42.6780177 ], [ 9.0554476, 42.6783797 ], [ 9.0536108, 42.680091 ], [ 9.0544893, 42.6802929 ], [ 9.0534476, 42.6823466 ], [ 9.0598894, 42.6823418 ], [ 9.0597422, 42.6839141 ], [ 9.0580128, 42.685277 ], [ 9.0590166, 42.6856806 ], [ 9.058843, 42.6864506 ], [ 9.0570701, 42.6872851 ], [ 9.0578452, 42.6876598 ], [ 9.0569122, 42.6882838 ], [ 9.0584462, 42.6891268 ], [ 9.0568961, 42.6899619 ], [ 9.0576187, 42.6910403 ], [ 9.0562701, 42.6919519 ], [ 9.0570224, 42.6920424 ], [ 9.056359, 42.692405 ], [ 9.0572835, 42.6926112 ], [ 9.056838, 42.693019 ], [ 9.0575405, 42.6928984 ], [ 9.0571608, 42.6935452 ], [ 9.0588017, 42.6934428 ], [ 9.0585272, 42.6947762 ], [ 9.0571117, 42.6954345 ], [ 9.0576351, 42.696461 ], [ 9.0601112, 42.6960442 ], [ 9.0611121, 42.6938924 ], [ 9.0628457, 42.6940292 ], [ 9.0681015, 42.6917016 ], [ 9.0705487, 42.6923741 ], [ 9.0732573, 42.6954543 ], [ 9.0754123, 42.6956971 ], [ 9.0766623, 42.6967749 ], [ 9.0768772, 42.698087 ], [ 9.0758814, 42.6996835 ], [ 9.0767558, 42.6998832 ], [ 9.0765314, 42.7004835 ], [ 9.0782532, 42.7003223 ], [ 9.0793306, 42.7011048 ], [ 9.0803463, 42.7005886 ], [ 9.082057, 42.7022679 ], [ 9.0827354, 42.704453 ], [ 9.0842845, 42.7050608 ], [ 9.0813987, 42.7089349 ], [ 9.0829664, 42.7098232 ], [ 9.0843452, 42.7123735 ], [ 9.0840066, 42.7136334 ], [ 9.0855651, 42.7137929 ], [ 9.0860727, 42.7153491 ], [ 9.0870459, 42.7153697 ], [ 9.0876337, 42.7141313 ], [ 9.0890914, 42.7150508 ], [ 9.0919323, 42.7146748 ], [ 9.0923802, 42.7161232 ], [ 9.0941862, 42.7150434 ], [ 9.0952494, 42.7157428 ], [ 9.0967599, 42.7148675 ], [ 9.0998596, 42.7151186 ], [ 9.1004374, 42.7158067 ], [ 9.0996032, 42.7169892 ], [ 9.101168, 42.7176662 ], [ 9.1013405, 42.7192693 ], [ 9.1033431, 42.7198667 ], [ 9.1040593, 42.7221966 ], [ 9.1046906, 42.7220039 ], [ 9.1053494, 42.7233789 ], [ 9.1064148, 42.7232211 ], [ 9.1057969, 42.7246611 ], [ 9.1081689, 42.7240501 ], [ 9.1082259, 42.7233047 ], [ 9.1098982, 42.7233164 ], [ 9.1111483, 42.7255618 ], [ 9.112068, 42.7258311 ], [ 9.1117288, 42.7268946 ], [ 9.1144687, 42.7270491 ], [ 9.1175527, 42.7234435 ], [ 9.1187801, 42.7238697 ], [ 9.119376, 42.7241738 ], [ 9.1179588, 42.7244664 ], [ 9.118467, 42.7262833 ], [ 9.1178624, 42.7281551 ], [ 9.1226181, 42.7301657 ], [ 9.1229189, 42.7313559 ], [ 9.1240483, 42.7311936 ], [ 9.1236442, 42.7316049 ], [ 9.1303278, 42.7305606 ], [ 9.1325416, 42.7298243 ], [ 9.1321942, 42.7286983 ], [ 9.1347073, 42.7285109 ], [ 9.1396165, 42.7304586 ], [ 9.1406485, 42.7326544 ], [ 9.1429175, 42.733807 ], [ 9.1452898, 42.7322555 ], [ 9.1491054, 42.7311879 ], [ 9.1520062, 42.73231 ], [ 9.1512612, 42.7329083 ], [ 9.15421, 42.7348176 ], [ 9.1568022, 42.7342288 ], [ 9.1608753, 42.7353895 ], [ 9.1604399, 42.7362933 ], [ 9.1611499, 42.736572 ], [ 9.1655384, 42.7360567 ], [ 9.1659098, 42.736805 ], [ 9.1666665, 42.7361624 ], [ 9.1673197, 42.7367497 ], [ 9.1692023, 42.7359984 ], [ 9.1699761, 42.7334613 ], [ 9.1772669, 42.7317221 ], [ 9.1774222, 42.7296429 ], [ 9.1827938, 42.7300023 ], [ 9.1881611, 42.7271405 ], [ 9.1908978, 42.7262027 ], [ 9.1924757, 42.7269849 ], [ 9.1988421, 42.724499 ], [ 9.2076112, 42.7278456 ], [ 9.2138937, 42.7332137 ], [ 9.2172112, 42.7330058 ], [ 9.2191461, 42.7345331 ], [ 9.2205164, 42.734557 ], [ 9.220751, 42.7354243 ], [ 9.2221274, 42.7355143 ], [ 9.2238232, 42.7339918 ], [ 9.2243496, 42.7311382 ], [ 9.2265516, 42.7285389 ], [ 9.227375, 42.7287382 ], [ 9.2293753, 42.7271093 ], [ 9.2297803, 42.7252995 ], [ 9.2284087, 42.724609 ], [ 9.2330344, 42.7237029 ], [ 9.2316932, 42.7218194 ], [ 9.2325498, 42.7204847 ], [ 9.2360902, 42.7194194 ], [ 9.2377505, 42.7201771 ], [ 9.2408779, 42.718912 ], [ 9.2438176, 42.7193357 ], [ 9.2448773, 42.7184433 ], [ 9.2458761, 42.7191723 ], [ 9.246658, 42.7215623 ], [ 9.2493591, 42.7183385 ], [ 9.2535103, 42.7175752 ], [ 9.2548402, 42.7187236 ], [ 9.2570476, 42.7181391 ], [ 9.2569923, 42.7171606 ], [ 9.2560309, 42.7167515 ], [ 9.2571731, 42.7151309 ], [ 9.2549891, 42.7132245 ], [ 9.2555503, 42.7111624 ], [ 9.2549523, 42.7101992 ], [ 9.2562194, 42.7079443 ], [ 9.2535731, 42.7064878 ], [ 9.2536605, 42.7050319 ], [ 9.2546605, 42.7049073 ], [ 9.2554881, 42.7058265 ], [ 9.2574043, 42.7049922 ], [ 9.257439, 42.7038399 ], [ 9.2588253, 42.7029764 ], [ 9.2581907, 42.7017098 ], [ 9.2606413, 42.6999844 ], [ 9.2689269, 42.7011637 ], [ 9.2703094, 42.7006885 ], [ 9.2690929, 42.6991376 ], [ 9.2702957, 42.6977113 ], [ 9.2687209, 42.6963835 ], [ 9.2715691, 42.6941483 ], [ 9.274959, 42.6939299 ], [ 9.2754719, 42.6928576 ], [ 9.277015, 42.6924959 ], [ 9.2772403, 42.6910561 ], [ 9.2753894, 42.6891615 ], [ 9.2754964, 42.6872099 ], [ 9.2761768, 42.6887807 ], [ 9.2780142, 42.6896228 ], [ 9.2799224, 42.6889325 ], [ 9.2788305, 42.6838449 ], [ 9.2809342, 42.6829704 ], [ 9.2814874, 42.681589 ], [ 9.2828955, 42.6813904 ], [ 9.2830627, 42.6782877 ], [ 9.2855083, 42.675553 ], [ 9.2881136, 42.6743925 ], [ 9.2960186, 42.6750744 ], [ 9.299999, 42.6776271 ], [ 9.300117, 42.6784829 ], [ 9.2980826, 42.6791457 ], [ 9.297786, 42.6800155 ], [ 9.2988197, 42.6789853 ], [ 9.3023857, 42.6781414 ], [ 9.3020616, 42.6795283 ], [ 9.3015516, 42.6789024 ], [ 9.3003604, 42.6791317 ], [ 9.3010985, 42.6790443 ], [ 9.3012292, 42.6801607 ], [ 9.2994218, 42.6812064 ], [ 9.2971112, 42.680985 ], [ 9.2971737, 42.6802828 ], [ 9.2968839, 42.6810348 ], [ 9.3001479, 42.6817088 ], [ 9.299653, 42.6828582 ], [ 9.300704, 42.6829304 ], [ 9.3003813, 42.6835517 ], [ 9.3045908, 42.6841298 ], [ 9.3140612, 42.6889145 ], [ 9.3172318, 42.6927251 ], [ 9.3230165, 42.6970803 ], [ 9.3226129, 42.7015782 ], [ 9.3214504, 42.7039684 ], [ 9.3225562, 42.7058014 ], [ 9.3213077, 42.7109269 ], [ 9.3220726, 42.7115255 ], [ 9.3212454, 42.7125022 ], [ 9.3221592, 42.715036 ], [ 9.3232002, 42.7152583 ], [ 9.3223266, 42.7167721 ], [ 9.3245919, 42.7172957 ], [ 9.3250266, 42.718176 ], [ 9.3263752, 42.7177998 ], [ 9.3267244, 42.7192665 ], [ 9.3283653, 42.7187048 ], [ 9.330504, 42.7194889 ], [ 9.333158, 42.721473 ], [ 9.3335548, 42.722903 ], [ 9.3349376, 42.7226402 ], [ 9.3354955, 42.7238796 ], [ 9.3337879, 42.7247208 ], [ 9.3337486, 42.7259083 ], [ 9.3378065, 42.7284562 ], [ 9.339306, 42.728176 ], [ 9.3390124, 42.7291275 ], [ 9.340526, 42.729277 ], [ 9.345337, 42.736687 ], [ 9.3436369, 42.7391808 ], [ 9.3458248, 42.7432006 ], [ 9.3427164, 42.7483207 ], [ 9.3418819, 42.7527375 ], [ 9.3385975, 42.7585851 ], [ 9.3398073, 42.761076 ], [ 9.3376103, 42.7639653 ], [ 9.3381728, 42.7659146 ], [ 9.3418781, 42.7699177 ], [ 9.3391126, 42.773968 ], [ 9.3397893, 42.7760644 ], [ 9.3414187, 42.7773762 ], [ 9.3399701, 42.7842411 ], [ 9.3425773, 42.7863061 ], [ 9.3426985, 42.7974836 ], [ 9.3405037, 42.7994442 ], [ 9.3400277, 42.8016767 ], [ 9.337684, 42.805253 ], [ 9.3333102, 42.8076556 ], [ 9.3327813, 42.8107422 ], [ 9.3264009, 42.8120686 ], [ 9.3253766, 42.8129186 ], [ 9.3246031, 42.8164942 ], [ 9.3217516, 42.8208224 ], [ 9.3203675, 42.8248617 ], [ 9.31896, 42.8264383 ], [ 9.3157614, 42.8270503 ], [ 9.3142805, 42.8296438 ], [ 9.3105993, 42.8299405 ], [ 9.3110819, 42.8317037 ], [ 9.3095155, 42.8334838 ], [ 9.3155002, 42.8369231 ], [ 9.3152652, 42.8398481 ], [ 9.3163146, 42.8416902 ], [ 9.3155716, 42.8425808 ], [ 9.3163407, 42.8438079 ], [ 9.318431, 42.8439619 ], [ 9.3221729, 42.8468859 ], [ 9.3244752, 42.8505984 ], [ 9.3291241, 42.8530613 ], [ 9.3297941, 42.8553819 ], [ 9.3344431, 42.8604054 ], [ 9.3330263, 42.8627343 ], [ 9.3341673, 42.8630949 ], [ 9.3337852, 42.8636532 ], [ 9.3404962, 42.8659193 ], [ 9.3402998, 42.8670142 ], [ 9.3394049, 42.8671698 ], [ 9.3401533, 42.8674151 ], [ 9.339348, 42.8674354 ], [ 9.3392377, 42.8669053 ], [ 9.3390511, 42.8681416 ], [ 9.331683, 42.8707521 ], [ 9.3299501, 42.8722272 ], [ 9.3288072, 42.8760217 ], [ 9.3273791, 42.8777188 ], [ 9.3282333, 42.8786 ], [ 9.327223, 42.8810557 ], [ 9.3276117, 42.8822263 ], [ 9.3267083, 42.8828537 ], [ 9.3288701, 42.8852447 ], [ 9.3281248, 42.887472 ], [ 9.3286569, 42.8882377 ], [ 9.3277818, 42.8883217 ], [ 9.3288378, 42.8895205 ], [ 9.3244855, 42.8914574 ], [ 9.320833, 42.894408 ], [ 9.3203287, 42.8938713 ], [ 9.322882, 42.8996263 ], [ 9.3220538, 42.9001486 ], [ 9.3252301, 42.9003101 ], [ 9.3294377, 42.9037624 ], [ 9.3334142, 42.9055459 ], [ 9.3329036, 42.9057116 ], [ 9.3339128, 42.9065609 ], [ 9.3360673, 42.9067416 ], [ 9.3381919, 42.9086133 ], [ 9.344275, 42.9108275 ], [ 9.3435336, 42.9122297 ], [ 9.347391, 42.9123547 ], [ 9.3474189, 42.9132041 ], [ 9.3490235, 42.9132427 ], [ 9.3506313, 42.9157981 ], [ 9.354257, 42.91623 ], [ 9.3547256, 42.9172493 ], [ 9.3554515, 42.9171855 ], [ 9.3547217, 42.9185468 ], [ 9.355133, 42.9208281 ], [ 9.3568886, 42.922028 ], [ 9.3567295, 42.9232152 ], [ 9.3599085, 42.9232213 ], [ 9.3617101, 42.9246081 ], [ 9.3598773, 42.926524 ], [ 9.3584111, 42.9258791 ], [ 9.3566511, 42.927614 ], [ 9.3552079, 42.9271961 ], [ 9.352403, 42.929145 ], [ 9.3491462, 42.929407 ], [ 9.3500385, 42.929993 ], [ 9.3502042, 42.9336008 ], [ 9.3523057, 42.9346208 ], [ 9.3526652, 42.9364163 ], [ 9.3572239, 42.9394819 ], [ 9.3581054, 42.941019 ], [ 9.3577288, 42.9434915 ], [ 9.3594329, 42.9450394 ], [ 9.3584139, 42.94525 ], [ 9.3588818, 42.9463272 ], [ 9.3562999, 42.9470027 ], [ 9.356559, 42.9477274 ], [ 9.3554211, 42.9482566 ], [ 9.355123, 42.9496193 ], [ 9.3511731, 42.9501684 ], [ 9.3516274, 42.9505719 ], [ 9.349049, 42.9512898 ], [ 9.3463425, 42.9538228 ], [ 9.3475411, 42.9547309 ], [ 9.3459617, 42.9577767 ], [ 9.3489688, 42.9592891 ], [ 9.3478415, 42.9601044 ], [ 9.348177, 42.9606775 ], [ 9.3497004, 42.9606339 ], [ 9.3501627, 42.96132 ], [ 9.3488351, 42.9629055 ], [ 9.3477534, 42.9624562 ], [ 9.34805, 42.9629655 ], [ 9.3460132, 42.963178 ], [ 9.3458178, 42.9638275 ], [ 9.3465814, 42.9640133 ], [ 9.346361, 42.9646804 ], [ 9.3483933, 42.9649752 ], [ 9.3487606, 42.9671802 ], [ 9.3489509, 42.9658354 ], [ 9.3506441, 42.9659166 ], [ 9.3492189, 42.9664421 ], [ 9.3509501, 42.9676975 ], [ 9.3497192, 42.9686167 ], [ 9.3504831, 42.9690957 ], [ 9.3491018, 42.9710405 ], [ 9.3509451, 42.9729128 ], [ 9.3483821, 42.9734957 ], [ 9.3477035, 42.9746682 ], [ 9.3453116, 42.9759934 ], [ 9.3467119, 42.977199 ], [ 9.3431167, 42.977795 ], [ 9.3420939, 42.9791357 ], [ 9.342003, 42.9809401 ], [ 9.3432751, 42.9813459 ], [ 9.3426691, 42.9816361 ], [ 9.3435982, 42.9816931 ], [ 9.3443507, 42.9829965 ], [ 9.3433758, 42.9847973 ], [ 9.3457373, 42.9862159 ], [ 9.3428978, 42.9867482 ], [ 9.3427287, 42.987683 ], [ 9.3411431, 42.9880961 ], [ 9.3432306, 42.9898729 ], [ 9.3402513, 42.9940089 ], [ 9.3421208, 42.994244 ], [ 9.3429796, 42.9952272 ], [ 9.3440053, 42.9979857 ], [ 9.343482, 42.9996478 ], [ 9.3461101, 42.9996885 ], [ 9.3463444, 43.0006678 ], [ 9.3476091, 43.0003198 ], [ 9.3529359, 43.0020005 ], [ 9.3551179, 43.0047983 ], [ 9.3569152, 43.0053099 ], [ 9.3574466, 43.0071019 ], [ 9.3610556, 43.0055452 ], [ 9.3645256, 43.0057361 ], [ 9.3663425, 43.0047369 ], [ 9.3705262, 43.0061045 ], [ 9.373996, 43.0044659 ], [ 9.3758544, 43.0049108 ], [ 9.3774593, 43.0069419 ], [ 9.3832851, 43.0101799 ], [ 9.3898919, 43.0066576 ], [ 9.3923033, 43.0084142 ], [ 9.3964536, 43.0060086 ], [ 9.4008128, 43.0085913 ], [ 9.4021132, 43.007541 ], [ 9.402356, 43.0061783 ], [ 9.4028841, 43.0070693 ], [ 9.4046884, 43.0056188 ], [ 9.4080639, 43.0055341 ], [ 9.4144154, 43.0067005 ], [ 9.4157863, 43.0080594 ], [ 9.4157259, 43.0092694 ], [ 9.4183345, 43.0110264 ], [ 9.4220365, 43.0116993 ], [ 9.4239628, 43.0105445 ], [ 9.4231474, 43.0092698 ], [ 9.4243322, 43.0088892 ], [ 9.427273, 43.0101479 ], [ 9.4274039, 43.0091791 ], [ 9.4287525, 43.0088123 ], [ 9.4298226, 43.0067486 ], [ 9.4299373, 43.0032028 ], [ 9.4322381, 43.0022131 ], [ 9.4339328, 43.0024499 ], [ 9.4363445, 43.0005575 ], [ 9.4411385, 43.0011046 ], [ 9.4419641, 43.0004595 ], [ 9.4430558, 42.9979216 ], [ 9.4448079, 42.9968319 ], [ 9.4433728, 42.994972 ], [ 9.4437304, 42.9933838 ], [ 9.4474195, 42.9933743 ], [ 9.4477941, 42.991817 ], [ 9.4486078, 42.9914814 ], [ 9.4504882, 42.9922217 ], [ 9.4519126, 42.9908094 ], [ 9.4511817, 42.9907579 ], [ 9.4512073, 42.9897097 ], [ 9.4539831, 42.9880843 ], [ 9.4555021, 42.9878046 ], [ 9.4560094, 42.9885835 ], [ 9.45805, 42.9877713 ], [ 9.4613183, 42.9880023 ], [ 9.4618715, 42.9870134 ], [ 9.4635844, 42.98658 ], [ 9.4634508, 42.9853509 ], [ 9.4609978, 42.9833953 ], [ 9.4620364, 42.9806121 ], [ 9.4612712, 42.9801213 ], [ 9.4610811, 42.9783308 ], [ 9.459852, 42.9781314 ], [ 9.4590578, 42.9765658 ], [ 9.4554913, 42.9761894 ], [ 9.454065, 42.9734834 ], [ 9.4559368, 42.9715805 ], [ 9.4549992, 42.9713157 ], [ 9.4576577, 42.9656632 ], [ 9.4566686, 42.9652337 ], [ 9.4532944, 42.9662776 ], [ 9.4517695, 42.9644248 ], [ 9.4514701, 42.9624009 ], [ 9.4520849, 42.9610835 ], [ 9.4541644, 42.9610017 ], [ 9.452091, 42.9608846 ], [ 9.4527931, 42.9597885 ], [ 9.4548412, 42.9592493 ], [ 9.4535892, 42.9591938 ], [ 9.4541614, 42.9579575 ], [ 9.4555026, 42.9578551 ], [ 9.4546067, 42.9614542 ], [ 9.4553208, 42.9610711 ], [ 9.4561094, 42.9575903 ], [ 9.4553428, 42.9563407 ], [ 9.4563112, 42.9534962 ], [ 9.4571608, 42.9529886 ], [ 9.4560342, 42.95094 ], [ 9.4576187, 42.9497088 ], [ 9.4571151, 42.9492132 ], [ 9.4587687, 42.9488725 ], [ 9.461413, 42.94584 ], [ 9.4633249, 42.9449988 ], [ 9.4622591, 42.9441128 ], [ 9.4626765, 42.9436544 ], [ 9.4653621, 42.942943 ], [ 9.465851, 42.9422769 ], [ 9.4651784, 42.9416607 ], [ 9.4693668, 42.9362853 ], [ 9.4675096, 42.9341461 ], [ 9.465781, 42.9344588 ], [ 9.4648934, 42.9333616 ], [ 9.4655672, 42.9325703 ], [ 9.4646715, 42.9317134 ], [ 9.4668539, 42.9301619 ], [ 9.4681558, 42.9278194 ], [ 9.467224, 42.9269037 ], [ 9.4711655, 42.9252107 ], [ 9.4727257, 42.9236645 ], [ 9.469661, 42.9219597 ], [ 9.472174, 42.9200737 ], [ 9.4710381, 42.9189362 ], [ 9.4706939, 42.916832 ], [ 9.4719254, 42.9140061 ], [ 9.4713083, 42.9117965 ], [ 9.472538, 42.9103238 ], [ 9.4691149, 42.9080238 ], [ 9.4691183, 42.9051048 ], [ 9.4727429, 42.9031325 ], [ 9.4746687, 42.9002422 ], [ 9.4731927, 42.8990962 ], [ 9.4728337, 42.8959514 ], [ 9.4744156, 42.8936295 ], [ 9.4740547, 42.8900393 ], [ 9.4759058, 42.8891612 ], [ 9.476294, 42.8877979 ], [ 9.4756878, 42.8873113 ], [ 9.4759456, 42.8883004 ], [ 9.47507, 42.888558 ], [ 9.4745184, 42.8879114 ], [ 9.4755319, 42.8876689 ], [ 9.4742825, 42.8878296 ], [ 9.4735342, 42.8860334 ], [ 9.4776852, 42.88223 ], [ 9.478193, 42.8794845 ], [ 9.4764351, 42.877731 ], [ 9.4735084, 42.8779181 ], [ 9.4724362, 42.8751016 ], [ 9.4739701, 42.8735885 ], [ 9.4787864, 42.8720527 ], [ 9.4788488, 42.870649 ], [ 9.4778444, 42.8705038 ], [ 9.481312, 42.8680832 ], [ 9.4813504, 42.8659472 ], [ 9.4825645, 42.8643374 ], [ 9.481642, 42.8610755 ], [ 9.4800672, 42.8600857 ], [ 9.4825146, 42.8579214 ], [ 9.484051, 42.8535517 ], [ 9.4858087, 42.8514087 ], [ 9.4836732, 42.8498729 ], [ 9.4831323, 42.8476526 ], [ 9.4838198, 42.8463665 ], [ 9.48312, 42.8438643 ], [ 9.4844542, 42.8411897 ], [ 9.4808759, 42.8409785 ], [ 9.4799781, 42.8376321 ], [ 9.4807244, 42.8363444 ], [ 9.4814707, 42.8364301 ], [ 9.4805641, 42.8359001 ], [ 9.4830269, 42.8364229 ], [ 9.4857239, 42.8337896 ], [ 9.4859174, 42.8321423 ], [ 9.4846929, 42.8309628 ], [ 9.4868299, 42.829928 ], [ 9.4861584, 42.8291596 ], [ 9.4871462, 42.8258203 ], [ 9.4861637, 42.8253597 ], [ 9.4874789, 42.8237657 ], [ 9.4868143, 42.8206599 ], [ 9.4903937, 42.8142274 ], [ 9.4898475, 42.8129602 ], [ 9.4902975, 42.8104913 ], [ 9.4892928, 42.8100374 ], [ 9.4909317, 42.8105491 ], [ 9.490041, 42.8096954 ], [ 9.4901683, 42.8081946 ], [ 9.4922338, 42.8077485 ], [ 9.4929185, 42.80629 ], [ 9.4919566, 42.8048323 ], [ 9.4925537, 42.8042384 ], [ 9.4912978, 42.799624 ], [ 9.4914492, 42.7968001 ], [ 9.4901201, 42.7957486 ], [ 9.4914309, 42.7944903 ], [ 9.4898573, 42.7937272 ], [ 9.4897856, 42.7926302 ], [ 9.4888059, 42.7929617 ], [ 9.486791, 42.7879064 ], [ 9.4848466, 42.7872616 ], [ 9.4844225, 42.7837957 ], [ 9.483028, 42.7834957 ], [ 9.4838245, 42.7827117 ], [ 9.4819836, 42.7808628 ], [ 9.4792055, 42.7805514 ], [ 9.4787853, 42.7796383 ], [ 9.4794355, 42.7782517 ], [ 9.477258, 42.775905 ], [ 9.4768251, 42.7747199 ], [ 9.47738, 42.7739689 ], [ 9.4763529, 42.7743494 ], [ 9.4773825, 42.7733384 ], [ 9.4750223, 42.773557 ], [ 9.4735036, 42.7713536 ], [ 9.4719635, 42.77092 ], [ 9.4726217, 42.7702866 ], [ 9.4713009, 42.768068 ], [ 9.469316, 42.7667452 ], [ 9.469946, 42.7651247 ], [ 9.4681288, 42.764201 ], [ 9.4686033, 42.7638678 ], [ 9.4670614, 42.7619006 ], [ 9.4676538, 42.7613163 ], [ 9.4665805, 42.7603721 ], [ 9.466611, 42.7587314 ], [ 9.4655774, 42.7579801 ], [ 9.4658616, 42.7566298 ], [ 9.4675235, 42.7561629 ], [ 9.4676512, 42.7538066 ], [ 9.4685867, 42.7530328 ], [ 9.4663388, 42.7505866 ], [ 9.4645838, 42.7504803 ], [ 9.4637456, 42.7493789 ], [ 9.4637941, 42.7462492 ], [ 9.4612868, 42.7405077 ], [ 9.4624474, 42.7394127 ], [ 9.4614707, 42.7388953 ], [ 9.4628109, 42.7355388 ], [ 9.4613805, 42.7341731 ], [ 9.4622244, 42.7332581 ], [ 9.4611273, 42.7322337 ], [ 9.4585224, 42.7236868 ], [ 9.4560047, 42.7203397 ], [ 9.4564775, 42.7152704 ], [ 9.4550221, 42.7110945 ], [ 9.4562589, 42.7091792 ], [ 9.4548065, 42.7090138 ], [ 9.4542703, 42.7078671 ], [ 9.4546163, 42.7070238 ], [ 9.4554432, 42.7071017 ], [ 9.4567139, 42.7100466 ], [ 9.4556539, 42.7070696 ], [ 9.4576538, 42.7028445 ], [ 9.4559745, 42.6980526 ], [ 9.4556146, 42.7000416 ], [ 9.4567132, 42.7024021 ], [ 9.4558478, 42.7040077 ], [ 9.4547326, 42.7042512 ], [ 9.4533201, 42.7014236 ], [ 9.4541754, 42.6998066 ], [ 9.4524685, 42.700617 ], [ 9.453159, 42.6948274 ], [ 9.4523647, 42.6956561 ], [ 9.4518542, 42.6952307 ], [ 9.4520717, 42.6959709 ], [ 9.4499941, 42.6961235 ], [ 9.451583, 42.6945122 ], [ 9.4521022, 42.6948554 ], [ 9.4522169, 42.6935933 ], [ 9.4535685, 42.693254 ], [ 9.4542429, 42.6942356 ], [ 9.4523521, 42.6908565 ], [ 9.4506793, 42.6913594 ], [ 9.4481426, 42.6900915 ], [ 9.4481799, 42.6886494 ], [ 9.4464634, 42.6864219 ], [ 9.4473784, 42.6844598 ], [ 9.4470074, 42.6817211 ], [ 9.4475789, 42.6815104 ], [ 9.4473362, 42.6787069 ], [ 9.4464252, 42.6776895 ], [ 9.4464456, 42.6746479 ], [ 9.4480835, 42.666254 ], [ 9.4502819, 42.6604135 ], [ 9.4603352, 42.6427505 ], [ 9.4712332, 42.6286646 ], [ 9.4796464, 42.6194512 ], [ 9.5149631, 42.5848526 ], [ 9.5263177, 42.5673437 ], [ 9.5327565, 42.5480773 ], [ 9.5336007, 42.5421182 ], [ 9.5336384, 42.5269717 ], [ 9.5347182, 42.5217764 ], [ 9.5301763, 42.5021623 ], [ 9.5299638, 42.4913838 ], [ 9.533491, 42.4772857 ], [ 9.5374445, 42.4665388 ], [ 9.5414919, 42.4595787 ], [ 9.5410834, 42.4523939 ], [ 9.5420855, 42.4480259 ], [ 9.540995, 42.4421276 ], [ 9.5419882, 42.4367328 ], [ 9.541613, 42.4333979 ], [ 9.5434619, 42.4288084 ], [ 9.5418578, 42.4215899 ], [ 9.539817, 42.4177347 ], [ 9.5373353, 42.4087792 ], [ 9.5353843, 42.3936433 ], [ 9.532198, 42.3825552 ], [ 9.5328115, 42.3755364 ], [ 9.532257, 42.3703357 ], [ 9.5346748, 42.3613795 ], [ 9.53496, 42.356687 ], [ 9.5367659, 42.3525692 ], [ 9.5378904, 42.3438239 ], [ 9.5385427, 42.3429066 ], [ 9.5408325, 42.3425399 ], [ 9.5414984, 42.341884 ], [ 9.5399758, 42.3418903 ], [ 9.5401374, 42.3406598 ], [ 9.5414312, 42.3406153 ], [ 9.5393669, 42.3399768 ], [ 9.5399854, 42.3391329 ], [ 9.5415592, 42.3398983 ], [ 9.5395506, 42.3388546 ], [ 9.5403724, 42.3379185 ], [ 9.5424335, 42.3388195 ], [ 9.5416565, 42.3412335 ], [ 9.5423103, 42.3408281 ], [ 9.5426272, 42.3388303 ], [ 9.5413378, 42.3379787 ], [ 9.5419655, 42.3328267 ], [ 9.5454065, 42.3229631 ], [ 9.549939, 42.3155458 ], [ 9.5552234, 42.2924283 ], [ 9.5596544, 42.2843228 ], [ 9.5600125, 42.2821331 ], [ 9.5595884, 42.2726343 ], [ 9.555898, 42.2602988 ], [ 9.5554361, 42.2522543 ], [ 9.5536982, 42.244719 ], [ 9.552395, 42.2317191 ], [ 9.5529503, 42.2202467 ], [ 9.5548337, 42.2159204 ], [ 9.5561617, 42.2152391 ], [ 9.5558283, 42.2020014 ], [ 9.5590269, 42.1967964 ], [ 9.5550211, 42.1751485 ], [ 9.5552601, 42.1702119 ], [ 9.5542592, 42.1629899 ], [ 9.5544557, 42.1481093 ], [ 9.5552379, 42.1434996 ], [ 9.5560587, 42.1423611 ], [ 9.5565946, 42.1429085 ], [ 9.5553627, 42.1270125 ], [ 9.5521825, 42.1133386 ], [ 9.5491008, 42.1040243 ], [ 9.5310141, 42.0872483 ], [ 9.5147236, 42.067756 ], [ 9.5012504, 42.0536855 ], [ 9.4688564, 42.0146601 ], [ 9.4584651, 42.0051061 ], [ 9.456681, 42.0015501 ], [ 9.4469774, 41.9944651 ], [ 9.432697, 41.9809051 ], [ 9.4214937, 41.9672064 ], [ 9.4140115, 41.9549942 ], [ 9.4118172, 41.9458794 ], [ 9.4119323, 41.9423708 ], [ 9.4133339, 41.9366221 ], [ 9.4145716, 41.9357723 ], [ 9.4158819, 41.9327858 ], [ 9.41542, 41.9305977 ], [ 9.4160716, 41.9289942 ], [ 9.4122795, 41.9185927 ], [ 9.4123993, 41.9161476 ], [ 9.4135429, 41.9149566 ], [ 9.4101603, 41.9099981 ], [ 9.4087293, 41.9059863 ], [ 9.4050792, 41.9023237 ], [ 9.4029725, 41.8985882 ], [ 9.4012288, 41.8920048 ], [ 9.4009418, 41.8874999 ], [ 9.4019027, 41.8864916 ], [ 9.3986932, 41.8819262 ], [ 9.3968998, 41.8741754 ], [ 9.3974226, 41.8712039 ], [ 9.4000745, 41.8672074 ], [ 9.398734, 41.8652884 ], [ 9.3987232, 41.863161 ], [ 9.4017591, 41.8592551 ], [ 9.4038419, 41.8599201 ], [ 9.4050597, 41.8576901 ], [ 9.4048148, 41.8565947 ], [ 9.4041155, 41.8561181 ], [ 9.4047672, 41.8576685 ], [ 9.4036619, 41.8595849 ], [ 9.4015465, 41.8590686 ], [ 9.4027657, 41.8584424 ], [ 9.4027319, 41.8571283 ], [ 9.4038978, 41.8568066 ], [ 9.4024064, 41.856372 ], [ 9.4031694, 41.8557757 ], [ 9.4013832, 41.8558406 ], [ 9.4028892, 41.8540695 ], [ 9.401276, 41.8539412 ], [ 9.4015067, 41.852273 ], [ 9.4002368, 41.8510551 ], [ 9.4003545, 41.8494703 ], [ 9.4015025, 41.8491806 ], [ 9.401642, 41.845774 ], [ 9.4034058, 41.8423129 ], [ 9.4041818, 41.8420875 ], [ 9.4023732, 41.8406905 ], [ 9.4039901, 41.8377083 ], [ 9.4034077, 41.835852 ], [ 9.4051333, 41.8317473 ], [ 9.4045204, 41.8309368 ], [ 9.4051829, 41.8309089 ], [ 9.4050349, 41.8286453 ], [ 9.404394, 41.8280251 ], [ 9.4061982, 41.8264989 ], [ 9.4054615, 41.8247423 ], [ 9.4049276, 41.8251256 ], [ 9.4043662, 41.8242683 ], [ 9.4067452, 41.8235212 ], [ 9.406335, 41.8200948 ], [ 9.4053164, 41.8186901 ], [ 9.4060984, 41.8176065 ], [ 9.4052084, 41.8165136 ], [ 9.4039305, 41.8168715 ], [ 9.4044356, 41.816284 ], [ 9.4035799, 41.815359 ], [ 9.4039433, 41.8142881 ], [ 9.4009786, 41.8121665 ], [ 9.4017561, 41.8117469 ], [ 9.4018262, 41.8112304 ], [ 9.4000802, 41.811254 ], [ 9.4010362, 41.8104313 ], [ 9.4003973, 41.8079715 ], [ 9.3994631, 41.8075892 ], [ 9.3997589, 41.8068482 ], [ 9.3987141, 41.8063713 ], [ 9.399447, 41.8055281 ], [ 9.3985161, 41.8048049 ], [ 9.3994692, 41.8043842 ], [ 9.3993293, 41.8034905 ], [ 9.398168, 41.8030025 ], [ 9.3990733, 41.8024436 ], [ 9.3981734, 41.8017508 ], [ 9.3988688, 41.8011745 ], [ 9.3979836, 41.8005779 ], [ 9.3978348, 41.801099 ], [ 9.3973084, 41.7998553 ], [ 9.3967304, 41.8007521 ], [ 9.3954188, 41.8003002 ], [ 9.3943298, 41.7976428 ], [ 9.3972616, 41.7937928 ], [ 9.3965211, 41.7930481 ], [ 9.3969097, 41.790996 ], [ 9.3999872, 41.7894452 ], [ 9.3996588, 41.7860813 ], [ 9.3966547, 41.7836782 ], [ 9.3984957, 41.7821162 ], [ 9.39855, 41.7789255 ], [ 9.3972662, 41.7768406 ], [ 9.3967163, 41.7773168 ], [ 9.3956, 41.7764126 ], [ 9.3956413, 41.7753626 ], [ 9.3977108, 41.7726231 ], [ 9.399457, 41.771746 ], [ 9.401193, 41.771755 ], [ 9.402104, 41.773253 ], [ 9.404245, 41.773071 ], [ 9.407979, 41.766288 ], [ 9.407292, 41.763382 ], [ 9.4054, 41.761027 ], [ 9.4058255, 41.7579478 ], [ 9.4048742, 41.7573055 ], [ 9.406095, 41.754727 ], [ 9.405473, 41.752502 ], [ 9.40607, 41.751496 ], [ 9.403857, 41.750796 ], [ 9.4032796, 41.7493946 ], [ 9.4040027, 41.747616 ], [ 9.406172, 41.747373 ], [ 9.405761, 41.746168 ], [ 9.40651, 41.745249 ], [ 9.406796, 41.741682 ], [ 9.406046, 41.740984 ], [ 9.406152, 41.738778 ], [ 9.404115, 41.736509 ], [ 9.403633, 41.732295 ], [ 9.4019646, 41.7305326 ], [ 9.403299, 41.729516 ], [ 9.403476, 41.727637 ], [ 9.404893, 41.725487 ], [ 9.404589, 41.724285 ], [ 9.405717, 41.723839 ], [ 9.40583, 41.721433 ], [ 9.4014172, 41.7175324 ], [ 9.4019507, 41.7161247 ], [ 9.403514, 41.7163498 ], [ 9.403073, 41.7158517 ], [ 9.4047085, 41.7153794 ], [ 9.4045255, 41.7144957 ], [ 9.4065306, 41.7132178 ], [ 9.4030393, 41.7126095 ], [ 9.4032699, 41.7111401 ], [ 9.4048253, 41.710362 ], [ 9.4047712, 41.7091658 ], [ 9.4023113, 41.7079391 ], [ 9.4013672, 41.7051746 ], [ 9.4003386, 41.7004622 ], [ 9.4011891, 41.6976869 ], [ 9.3998879, 41.6963974 ], [ 9.4005163, 41.6952326 ], [ 9.4014498, 41.6951375 ], [ 9.4007584, 41.6950894 ], [ 9.4006447, 41.6930539 ], [ 9.3971983, 41.6911356 ], [ 9.3936026, 41.6906118 ], [ 9.391945, 41.6890084 ], [ 9.3871963, 41.6905558 ], [ 9.3850232, 41.689158 ], [ 9.3827547, 41.688877 ], [ 9.3782475, 41.6854519 ], [ 9.3774167, 41.6825906 ], [ 9.3758473, 41.6823986 ], [ 9.3742257, 41.6810466 ], [ 9.3738386, 41.67963 ], [ 9.3727901, 41.6798456 ], [ 9.3724422, 41.6791288 ], [ 9.3740311, 41.6728802 ], [ 9.3766007, 41.6700252 ], [ 9.3792748, 41.6693239 ], [ 9.3838212, 41.6711211 ], [ 9.3850424, 41.6705147 ], [ 9.3873671, 41.6712093 ], [ 9.3880644, 41.6704179 ], [ 9.3869384, 41.6683487 ], [ 9.3844998, 41.6679835 ], [ 9.3848836, 41.6667466 ], [ 9.3827322, 41.6663325 ], [ 9.3811809, 41.6640723 ], [ 9.3819173, 41.66116 ], [ 9.3864995, 41.660339 ], [ 9.3869265, 41.6595874 ], [ 9.3861574, 41.6588924 ], [ 9.3870425, 41.6585076 ], [ 9.3871121, 41.6571752 ], [ 9.3886009, 41.6568944 ], [ 9.3881664, 41.6559726 ], [ 9.3888932, 41.6553453 ], [ 9.3862539, 41.6559926 ], [ 9.3848324, 41.653706 ], [ 9.3848592, 41.6521869 ], [ 9.3822119, 41.6519845 ], [ 9.3811605, 41.650869 ], [ 9.382679, 41.6472911 ], [ 9.3854579, 41.6464469 ], [ 9.3859772, 41.6453609 ], [ 9.3851674, 41.646093 ], [ 9.3846997, 41.6452383 ], [ 9.3825002, 41.6458795 ], [ 9.3801195, 41.6484544 ], [ 9.377262, 41.648508 ], [ 9.3771927, 41.6455125 ], [ 9.3762678, 41.6450988 ], [ 9.3757201, 41.6433756 ], [ 9.3724794, 41.6441246 ], [ 9.3723641, 41.6419209 ], [ 9.3715636, 41.641413 ], [ 9.3735048, 41.6403922 ], [ 9.3705893, 41.638609 ], [ 9.371068, 41.637553 ], [ 9.3702966, 41.6365501 ], [ 9.3681748, 41.6368513 ], [ 9.3678421, 41.6356185 ], [ 9.367007, 41.6362834 ], [ 9.3646476, 41.635926 ], [ 9.3632862, 41.6378243 ], [ 9.3632627, 41.6393284 ], [ 9.3592319, 41.6410297 ], [ 9.353437, 41.6405889 ], [ 9.3489388, 41.6382117 ], [ 9.3474643, 41.6366136 ], [ 9.3460064, 41.6310998 ], [ 9.3473003, 41.6290545 ], [ 9.3482087, 41.6295111 ], [ 9.3496636, 41.6285771 ], [ 9.3508015, 41.6297271 ], [ 9.3526484, 41.6277838 ], [ 9.3542445, 41.6273522 ], [ 9.3522947, 41.6256068 ], [ 9.3541894, 41.6241975 ], [ 9.3536597, 41.6209502 ], [ 9.3553772, 41.6201315 ], [ 9.3563159, 41.6212754 ], [ 9.3575452, 41.6201613 ], [ 9.3570277, 41.619264 ], [ 9.3554637, 41.6196276 ], [ 9.3550428, 41.6179852 ], [ 9.3557625, 41.6175598 ], [ 9.3546189, 41.6167043 ], [ 9.3517009, 41.6188113 ], [ 9.3496234, 41.6175704 ], [ 9.3476433, 41.6179929 ], [ 9.345927, 41.617149 ], [ 9.3430493, 41.6197876 ], [ 9.338101, 41.6199735 ], [ 9.3387918, 41.6207969 ], [ 9.3355151, 41.6217901 ], [ 9.3322463, 41.6200919 ], [ 9.3296497, 41.6172921 ], [ 9.3258778, 41.6155059 ], [ 9.3231978, 41.6162417 ], [ 9.32006, 41.6150088 ], [ 9.3162992, 41.6171989 ], [ 9.3195122, 41.6177624 ], [ 9.3200576, 41.6186419 ], [ 9.3198976, 41.6178085 ], [ 9.3252567, 41.619021 ], [ 9.3212112, 41.6204066 ], [ 9.3204282, 41.6202708 ], [ 9.3200996, 41.6190317 ], [ 9.3178988, 41.6224844 ], [ 9.3134506, 41.6255352 ], [ 9.3138193, 41.6289655 ], [ 9.3128185, 41.6279435 ], [ 9.3115377, 41.6282004 ], [ 9.3117875, 41.6290928 ], [ 9.3110901, 41.6282567 ], [ 9.307791, 41.6284833 ], [ 9.3062078, 41.6269059 ], [ 9.3070166, 41.6267353 ], [ 9.3045272, 41.62549 ], [ 9.3051238, 41.6236322 ], [ 9.3040016, 41.6223322 ], [ 9.30622, 41.6168364 ], [ 9.3070187, 41.6163681 ], [ 9.306253, 41.6151723 ], [ 9.3029914, 41.6143584 ], [ 9.2976742, 41.6106372 ], [ 9.2950913, 41.6107294 ], [ 9.2935442, 41.6098037 ], [ 9.2932061, 41.6104588 ], [ 9.2914293, 41.6105212 ], [ 9.2902645, 41.6091149 ], [ 9.2877062, 41.6091406 ], [ 9.2856395, 41.6036614 ], [ 9.2874462, 41.5992969 ], [ 9.2871342, 41.5984487 ], [ 9.2838716, 41.5989746 ], [ 9.2816987, 41.5979885 ], [ 9.281347, 41.5970932 ], [ 9.2830637, 41.5961608 ], [ 9.2848574, 41.5965205 ], [ 9.2854051, 41.5956878 ], [ 9.284309, 41.5939067 ], [ 9.2876753, 41.5935161 ], [ 9.2899088, 41.590648 ], [ 9.2876327, 41.5933895 ], [ 9.2841358, 41.5914744 ], [ 9.2854655, 41.5912067 ], [ 9.2858945, 41.5908904 ], [ 9.2838489, 41.5912893 ], [ 9.2832217, 41.589816 ], [ 9.2841802, 41.5889608 ], [ 9.2858548, 41.5894609 ], [ 9.2855216, 41.5902654 ], [ 9.2860876, 41.5894984 ], [ 9.2882337, 41.5902821 ], [ 9.2892025, 41.5891528 ], [ 9.2878976, 41.5892318 ], [ 9.2874604, 41.5886566 ], [ 9.2909494, 41.5872105 ], [ 9.2927241, 41.5875746 ], [ 9.2933595, 41.5869013 ], [ 9.2923812, 41.5859197 ], [ 9.2951657, 41.5837409 ], [ 9.2994147, 41.5850229 ], [ 9.2997165, 41.5876073 ], [ 9.3016031, 41.589516 ], [ 9.3049445, 41.5900396 ], [ 9.3060327, 41.5924395 ], [ 9.3089656, 41.5944289 ], [ 9.3138399, 41.6020627 ], [ 9.318635, 41.6050819 ], [ 9.3262518, 41.6044875 ], [ 9.3295853, 41.6019842 ], [ 9.3313639, 41.6025843 ], [ 9.3315497, 41.6036502 ], [ 9.3339512, 41.6032375 ], [ 9.3340863, 41.6021045 ], [ 9.3370906, 41.6009701 ], [ 9.3380158, 41.5987595 ], [ 9.340416, 41.5973997 ], [ 9.3396558, 41.5974379 ], [ 9.3401167, 41.5955152 ], [ 9.3393753, 41.5950817 ], [ 9.3404749, 41.594157 ], [ 9.3424311, 41.5939329 ], [ 9.3427589, 41.5947122 ], [ 9.3460129, 41.5954265 ], [ 9.3482848, 41.5940489 ], [ 9.353494, 41.5943164 ], [ 9.3560607, 41.5961592 ], [ 9.3649725, 41.5959424 ], [ 9.3659962, 41.597828 ], [ 9.3661015, 41.5971098 ], [ 9.368292, 41.5980402 ], [ 9.3685445, 41.5960609 ], [ 9.3673629, 41.5955301 ], [ 9.3678597, 41.5944312 ], [ 9.3693211, 41.5939521 ], [ 9.3672591, 41.5926169 ], [ 9.3681379, 41.591799 ], [ 9.3672786, 41.5895498 ], [ 9.364677, 41.5911974 ], [ 9.3615, 41.5908849 ], [ 9.3617019, 41.5875268 ], [ 9.3597101, 41.5876467 ], [ 9.3594718, 41.5858901 ], [ 9.3583984, 41.5863618 ], [ 9.358, 41.585164 ], [ 9.3557048, 41.5841999 ], [ 9.3550623, 41.5801801 ], [ 9.3534241, 41.5794634 ], [ 9.3533849, 41.5776706 ], [ 9.3509656, 41.5774006 ], [ 9.3496189, 41.5765939 ], [ 9.3499585, 41.5758992 ], [ 9.3476995, 41.575376 ], [ 9.3477444, 41.5739713 ], [ 9.3491019, 41.5737951 ], [ 9.3499851, 41.571949 ], [ 9.3490924, 41.5712239 ], [ 9.3501978, 41.5700456 ], [ 9.34991, 41.5657417 ], [ 9.3484485, 41.565518 ], [ 9.3487717, 41.5646721 ], [ 9.3476186, 41.5628832 ], [ 9.3451695, 41.5620943 ], [ 9.343157, 41.5591375 ], [ 9.3414743, 41.5587278 ], [ 9.3393154, 41.5599477 ], [ 9.3363727, 41.5578702 ], [ 9.3367392, 41.5590065 ], [ 9.3352488, 41.559649 ], [ 9.3349319, 41.5590049 ], [ 9.3350934, 41.5598317 ], [ 9.3341288, 41.5601667 ], [ 9.329799, 41.5595367 ], [ 9.3195026, 41.5543721 ], [ 9.3185345, 41.5528661 ], [ 9.3193485, 41.5513929 ], [ 9.3172301, 41.5507387 ], [ 9.3145555, 41.5515979 ], [ 9.3103024, 41.5500306 ], [ 9.3077667, 41.5474015 ], [ 9.3094655, 41.5458376 ], [ 9.3088404, 41.545441 ], [ 9.3090512, 41.5439157 ], [ 9.3070116, 41.5456735 ], [ 9.3027473, 41.5456664 ], [ 9.3015211, 41.5436449 ], [ 9.2996662, 41.5433087 ], [ 9.298163, 41.5411386 ], [ 9.2964973, 41.5410661 ], [ 9.2963604, 41.5392918 ], [ 9.2946811, 41.538464 ], [ 9.295009, 41.5371146 ], [ 9.2924596, 41.5361726 ], [ 9.2925069, 41.5350617 ], [ 9.2913322, 41.5353329 ], [ 9.2911876, 41.5342821 ], [ 9.2922076, 41.5333755 ], [ 9.2915757, 41.5321045 ], [ 9.2913989, 41.5327002 ], [ 9.2902575, 41.5323337 ], [ 9.2872364, 41.5294973 ], [ 9.2850931, 41.5302486 ], [ 9.2844873, 41.5292905 ], [ 9.2825476, 41.5289049 ], [ 9.282537, 41.530081 ], [ 9.2769245, 41.5319087 ], [ 9.2742094, 41.5311835 ], [ 9.2730081, 41.5300318 ], [ 9.2719618, 41.5249 ], [ 9.2732794, 41.5225424 ], [ 9.279489, 41.5227289 ], [ 9.2812131, 41.5209576 ], [ 9.2836325, 41.520551 ], [ 9.2845167, 41.5174111 ], [ 9.2834358, 41.5160071 ], [ 9.2835311, 41.5147784 ], [ 9.2815042, 41.5134745 ], [ 9.2814958, 41.5115287 ], [ 9.2807032, 41.5116145 ], [ 9.2800803, 41.5101831 ], [ 9.2805282, 41.5097922 ], [ 9.2775216, 41.5060976 ], [ 9.274641, 41.5040067 ], [ 9.2736464, 41.5041822 ], [ 9.2687669, 41.5016633 ], [ 9.2680952, 41.5004292 ], [ 9.2698073, 41.4983427 ], [ 9.2747023, 41.4991751 ], [ 9.2746091, 41.4980096 ], [ 9.2768925, 41.4954488 ], [ 9.2786584, 41.4966905 ], [ 9.2798135, 41.4995212 ], [ 9.2820365, 41.4988606 ], [ 9.2831544, 41.5003952 ], [ 9.2857692, 41.4990441 ], [ 9.2865739, 41.4979683 ], [ 9.2857483, 41.4976675 ], [ 9.2863364, 41.4950579 ], [ 9.2877255, 41.4944238 ], [ 9.2875722, 41.4922051 ], [ 9.2840254, 41.4902549 ], [ 9.2834882, 41.489119 ], [ 9.284174, 41.4873724 ], [ 9.2873832, 41.4857506 ], [ 9.2877122, 41.4839832 ], [ 9.286916, 41.483556 ], [ 9.2858162, 41.4844421 ], [ 9.2852414, 41.4828703 ], [ 9.2842905, 41.4827511 ], [ 9.2845262, 41.4805542 ], [ 9.2834628, 41.4795176 ], [ 9.284636, 41.4789232 ], [ 9.2838418, 41.4773682 ], [ 9.2829304, 41.477742 ], [ 9.2817302, 41.4770396 ], [ 9.2812384, 41.4757542 ], [ 9.2793665, 41.4768712 ], [ 9.2781284, 41.4766646 ], [ 9.2774432, 41.4749574 ], [ 9.2760684, 41.474231 ], [ 9.2770229, 41.4723632 ], [ 9.2759726, 41.4711174 ], [ 9.2738678, 41.471263 ], [ 9.2719101, 41.4703272 ], [ 9.2725639, 41.4719421 ], [ 9.2706786, 41.4726779 ], [ 9.2670126, 41.4707308 ], [ 9.2667347, 41.4687048 ], [ 9.267928, 41.4671309 ], [ 9.2691282, 41.4667852 ], [ 9.2714759, 41.4679396 ], [ 9.2740761, 41.4656493 ], [ 9.2763783, 41.4663863 ], [ 9.2760327, 41.465873 ], [ 9.2778623, 41.4647697 ], [ 9.277112, 41.4634605 ], [ 9.272818, 41.4615539 ], [ 9.2705463, 41.4623712 ], [ 9.268555, 41.4657699 ], [ 9.2658367, 41.4660458 ], [ 9.2638704, 41.4639915 ], [ 9.259184, 41.4620621 ], [ 9.2589688, 41.4593517 ], [ 9.2597719, 41.4586145 ], [ 9.2588003, 41.4578579 ], [ 9.2592816, 41.4563269 ], [ 9.2570834, 41.4557649 ], [ 9.2568882, 41.4543833 ], [ 9.2562413, 41.4558852 ], [ 9.2552726, 41.4550043 ], [ 9.2527522, 41.4549396 ], [ 9.2502451, 41.4514333 ], [ 9.2489494, 41.4510562 ], [ 9.2479157, 41.451956 ], [ 9.248203, 41.4511439 ], [ 9.2460239, 41.4497321 ], [ 9.243742, 41.4467379 ], [ 9.2397712, 41.4463987 ], [ 9.2383186, 41.445113 ], [ 9.229602, 41.4440767 ], [ 9.2286217, 41.4429683 ], [ 9.2240593, 41.4426137 ], [ 9.2231628, 41.4417799 ], [ 9.2226008, 41.4386585 ], [ 9.2233942, 41.4347594 ], [ 9.2245267, 41.4335202 ], [ 9.226754, 41.4273864 ], [ 9.2289464, 41.4256387 ], [ 9.2253226, 41.4236107 ], [ 9.2259786, 41.4221297 ], [ 9.2247813, 41.4212034 ], [ 9.2248711, 41.4198791 ], [ 9.2267526, 41.4173873 ], [ 9.2251779, 41.4169778 ], [ 9.223737, 41.4146611 ], [ 9.2220221, 41.4140763 ], [ 9.2155647, 41.414588 ], [ 9.2096072, 41.4133082 ], [ 9.2151667, 41.4133774 ], [ 9.2166461, 41.4126966 ], [ 9.2197132, 41.4133914 ], [ 9.2159475, 41.4096174 ], [ 9.2171666, 41.4073215 ], [ 9.2200677, 41.4051093 ], [ 9.2215444, 41.4046718 ], [ 9.2228653, 41.4051596 ], [ 9.2223286, 41.4054579 ], [ 9.2250415, 41.4054581 ], [ 9.2261893, 41.4068267 ], [ 9.2262884, 41.4087086 ], [ 9.2304085, 41.4104866 ], [ 9.2320645, 41.4122625 ], [ 9.2315814, 41.413116 ], [ 9.233766, 41.4129136 ], [ 9.2354568, 41.4137088 ], [ 9.2351725, 41.4144741 ], [ 9.2360252, 41.4151967 ], [ 9.2358606, 41.4154922 ], [ 9.2362948, 41.4164998 ], [ 9.2365735, 41.4167155 ], [ 9.2368618, 41.4160529 ], [ 9.2387971, 41.4160721 ], [ 9.240957, 41.4192063 ], [ 9.2447806, 41.4218971 ], [ 9.2467736, 41.4220217 ], [ 9.2490187, 41.4235259 ], [ 9.2505687, 41.4234117 ], [ 9.2520091, 41.4248651 ], [ 9.2549305, 41.4251087 ], [ 9.2581155, 41.4283942 ], [ 9.2652663, 41.4282991 ], [ 9.2641143, 41.4274149 ], [ 9.2655747, 41.4271056 ], [ 9.2634025, 41.4257189 ], [ 9.2641174, 41.4248412 ], [ 9.2656625, 41.4249293 ], [ 9.2633426, 41.4241697 ], [ 9.2630294, 41.4233459 ], [ 9.2638664, 41.4227024 ], [ 9.2606639, 41.4218894 ], [ 9.2612826, 41.4216701 ], [ 9.2612393, 41.4202112 ], [ 9.2619813, 41.4200285 ], [ 9.2610867, 41.4200704 ], [ 9.2607799, 41.4190516 ], [ 9.2586231, 41.4187917 ], [ 9.2605995, 41.4173382 ], [ 9.2597741, 41.4170414 ], [ 9.2603826, 41.4165173 ], [ 9.2586173, 41.4159272 ], [ 9.2584193, 41.414379 ], [ 9.2598848, 41.4137489 ], [ 9.2571645, 41.4121131 ], [ 9.254804, 41.4117605 ], [ 9.2552434, 41.411162 ], [ 9.2537238, 41.4103049 ], [ 9.2508298, 41.4100866 ], [ 9.2510909, 41.4089009 ], [ 9.2496377, 41.4081073 ], [ 9.2503113, 41.4071922 ], [ 9.2488812, 41.406326 ], [ 9.249944, 41.4057098 ], [ 9.2461325, 41.4030063 ], [ 9.2459294, 41.4007788 ], [ 9.2412956, 41.3992537 ], [ 9.2390609, 41.3952748 ], [ 9.2364275, 41.3948161 ], [ 9.236791, 41.3926378 ], [ 9.2355148, 41.391486 ], [ 9.2359498, 41.3906136 ], [ 9.2348552, 41.3902933 ], [ 9.2353131, 41.3897587 ], [ 9.2345504, 41.3880118 ], [ 9.233764, 41.3879618 ], [ 9.2307628, 41.3832952 ], [ 9.2294136, 41.3828579 ], [ 9.2278886, 41.3808777 ], [ 9.2246382, 41.3796529 ], [ 9.2205603, 41.3754454 ], [ 9.2208101, 41.3739047 ], [ 9.2228607, 41.3718916 ], [ 9.2212452, 41.3708645 ], [ 9.2217827, 41.3700118 ], [ 9.2206368, 41.3692456 ], [ 9.2202087, 41.3664371 ], [ 9.2196627, 41.367767 ], [ 9.2171843, 41.3683351 ], [ 9.2162658, 41.3676183 ], [ 9.2142038, 41.3685301 ], [ 9.2125932, 41.3682586 ], [ 9.2104212, 41.3665496 ], [ 9.2086238, 41.366771 ], [ 9.207871, 41.3658574 ], [ 9.2069793, 41.3668366 ], [ 9.2061711, 41.3662468 ], [ 9.2059318, 41.3670914 ], [ 9.2040527, 41.3657646 ], [ 9.2016639, 41.3666914 ], [ 9.2003835, 41.3645898 ], [ 9.1984136, 41.365195 ], [ 9.1993403, 41.3670736 ], [ 9.1983316, 41.3678516 ], [ 9.194264, 41.3656331 ], [ 9.1925191, 41.3659199 ], [ 9.1922552, 41.3671529 ], [ 9.191395, 41.3674776 ], [ 9.186285, 41.3656582 ], [ 9.182114, 41.3667151 ], [ 9.1803308, 41.3657725 ], [ 9.1802436, 41.3668709 ], [ 9.1808901, 41.3669677 ], [ 9.1784093, 41.3675858 ], [ 9.1792217, 41.3683448 ], [ 9.1780563, 41.3690629 ], [ 9.1787643, 41.3703278 ], [ 9.1773715, 41.3707604 ], [ 9.1784372, 41.3715093 ], [ 9.177867, 41.3734884 ], [ 9.1761338, 41.3756141 ], [ 9.1743966, 41.3752812 ], [ 9.175333, 41.3764514 ], [ 9.1737825, 41.3768116 ], [ 9.1747522, 41.3778311 ], [ 9.1736081, 41.3777696 ], [ 9.1743434, 41.3792458 ], [ 9.1694355, 41.3844526 ], [ 9.1671174, 41.3856398 ], [ 9.1635902, 41.3856011 ], [ 9.1614765, 41.386807 ], [ 9.1566556, 41.3859781 ], [ 9.1529202, 41.3867293 ], [ 9.1490827, 41.3850987 ], [ 9.1483216, 41.3866719 ], [ 9.1502595, 41.3885253 ], [ 9.1510782, 41.3880559 ], [ 9.153629, 41.3890354 ], [ 9.1551752, 41.3883416 ], [ 9.161121, 41.3887749 ], [ 9.1638583, 41.3880806 ], [ 9.165304, 41.388483 ], [ 9.1648038, 41.3896572 ], [ 9.1631401, 41.389185 ], [ 9.1564568, 41.3898631 ], [ 9.1564688, 41.3913455 ], [ 9.157203, 41.3918429 ], [ 9.156538, 41.3922235 ], [ 9.1549368, 41.3897539 ], [ 9.1521378, 41.3902798 ], [ 9.1523267, 41.3912384 ], [ 9.15158, 41.3914866 ], [ 9.1510243, 41.3898619 ], [ 9.1499104, 41.390142 ], [ 9.1468264, 41.3885879 ], [ 9.1464089, 41.389108 ], [ 9.1444116, 41.3867146 ], [ 9.1437469, 41.3870899 ], [ 9.1444229, 41.3877267 ], [ 9.142936, 41.387634 ], [ 9.1420593, 41.3889221 ], [ 9.139019, 41.389802 ], [ 9.1379377, 41.3906035 ], [ 9.1380906, 41.3914608 ], [ 9.1348917, 41.392267 ], [ 9.135437, 41.3933508 ], [ 9.1368451, 41.3931414 ], [ 9.1344667, 41.3948305 ], [ 9.1297712, 41.3928062 ], [ 9.1267293, 41.39418 ], [ 9.1281477, 41.3961688 ], [ 9.1336533, 41.3986983 ], [ 9.1328947, 41.3997919 ], [ 9.1287713, 41.3986294 ], [ 9.1272265, 41.3994077 ], [ 9.1210702, 41.3962316 ], [ 9.1170162, 41.3969041 ], [ 9.1114263, 41.395958 ], [ 9.1109237, 41.3964954 ], [ 9.1078818, 41.3946032 ], [ 9.1080769, 41.394108 ], [ 9.1053048, 41.3948471 ], [ 9.1061043, 41.3953521 ], [ 9.105944, 41.3955308 ], [ 9.1029038, 41.3932143 ], [ 9.1015693, 41.3931874 ], [ 9.1014607, 41.3934734 ], [ 9.1019112, 41.3938279 ], [ 9.1017809, 41.3938433 ], [ 9.1009216, 41.392911 ], [ 9.100561, 41.3933213 ], [ 9.0987781, 41.391122 ], [ 9.096044, 41.3918576 ], [ 9.0965355, 41.3934288 ], [ 9.0948102, 41.393055 ], [ 9.0960948, 41.3939545 ], [ 9.0936402, 41.3937941 ], [ 9.0940358, 41.3942233 ], [ 9.0932898, 41.3946486 ], [ 9.0953575, 41.3966376 ], [ 9.0947058, 41.396787 ], [ 9.0954181, 41.3970523 ], [ 9.0957756, 41.3993281 ], [ 9.0946487, 41.399831 ], [ 9.0919851, 41.3984095 ], [ 9.0924413, 41.3989057 ], [ 9.0913857, 41.3990997 ], [ 9.0918215, 41.4000708 ], [ 9.0910937, 41.3999419 ], [ 9.0916952, 41.4005223 ], [ 9.0909054, 41.4017387 ], [ 9.0926978, 41.4028781 ], [ 9.0919559, 41.4032327 ], [ 9.0928638, 41.4050693 ], [ 9.0940112, 41.4052187 ], [ 9.0943795, 41.4063759 ], [ 9.0936354, 41.406342 ], [ 9.0936679, 41.407091 ], [ 9.0947188, 41.4075809 ], [ 9.093926, 41.4076296 ], [ 9.0938063, 41.4084271 ], [ 9.0963506, 41.4095485 ], [ 9.0966639, 41.4107715 ], [ 9.0948906, 41.4118661 ], [ 9.0973288, 41.4132122 ], [ 9.097159, 41.4139145 ], [ 9.0987772, 41.4155613 ], [ 9.1010123, 41.4156777 ], [ 9.1006905, 41.4162775 ], [ 9.1015141, 41.4163988 ], [ 9.1024793, 41.4151858 ], [ 9.1072944, 41.4183073 ], [ 9.1091558, 41.4214096 ], [ 9.1081381, 41.4224561 ], [ 9.1046615, 41.42203 ], [ 9.1050892, 41.4233887 ], [ 9.104309, 41.4230817 ], [ 9.105199, 41.4243476 ], [ 9.1042618, 41.4255544 ], [ 9.1051918, 41.4268978 ], [ 9.1046298, 41.4271085 ], [ 9.1055066, 41.4277184 ], [ 9.1064222, 41.4272063 ], [ 9.1054128, 41.4280751 ], [ 9.1070967, 41.4296674 ], [ 9.1091211, 41.4290102 ], [ 9.1113744, 41.4301403 ], [ 9.1118849, 41.4323862 ], [ 9.1134411, 41.4323518 ], [ 9.1158647, 41.434549 ], [ 9.1188587, 41.4336872 ], [ 9.1188569, 41.4354959 ], [ 9.120246, 41.4358509 ], [ 9.1205866, 41.4375236 ], [ 9.1185387, 41.4382234 ], [ 9.1196891, 41.4390168 ], [ 9.1189035, 41.4393113 ], [ 9.1190173, 41.4409597 ], [ 9.1216715, 41.4406985 ], [ 9.1222879, 41.441345 ], [ 9.1205904, 41.4434346 ], [ 9.116174, 41.4420859 ], [ 9.1153569, 41.4405023 ], [ 9.1141691, 41.441363 ], [ 9.111262, 41.4403666 ], [ 9.1105374, 41.440979 ], [ 9.1073503, 41.4408865 ], [ 9.1081684, 41.4440867 ], [ 9.1090977, 41.4448522 ], [ 9.1076493, 41.4459011 ], [ 9.1063094, 41.4456431 ], [ 9.1057022, 41.4432571 ], [ 9.1042997, 41.4426119 ], [ 9.0983529, 41.4425942 ], [ 9.0971097, 41.444151 ], [ 9.0978871, 41.4455287 ], [ 9.0950517, 41.447348 ], [ 9.0953974, 41.4495158 ], [ 9.0941416, 41.4499076 ], [ 9.0907498, 41.4471083 ], [ 9.0914026, 41.4465504 ], [ 9.090147, 41.4454099 ], [ 9.0884936, 41.4456619 ], [ 9.0871393, 41.4444675 ], [ 9.0856949, 41.4449106 ], [ 9.0854643, 41.443518 ], [ 9.0837105, 41.4433883 ], [ 9.0826013, 41.4414535 ], [ 9.0803715, 41.4421227 ], [ 9.079057, 41.4411839 ], [ 9.078147, 41.4422 ], [ 9.0772186, 41.4420347 ], [ 9.0775482, 41.4429581 ], [ 9.0738731, 41.4420234 ], [ 9.0738264, 41.4437975 ], [ 9.0717328, 41.4441729 ], [ 9.0715828, 41.4450004 ], [ 9.0698392, 41.4445377 ], [ 9.0700891, 41.4451862 ], [ 9.0691457, 41.4453522 ], [ 9.0703888, 41.4464701 ], [ 9.0686695, 41.448214 ], [ 9.0687699, 41.4497093 ], [ 9.0657676, 41.4501331 ], [ 9.0665624, 41.4506974 ], [ 9.0664583, 41.4523175 ], [ 9.067935, 41.4529741 ], [ 9.0658812, 41.4538338 ], [ 9.0661271, 41.4559594 ], [ 9.0669364, 41.4566429 ], [ 9.0658948, 41.4571791 ], [ 9.0662982, 41.4581141 ], [ 9.0685877, 41.4582619 ], [ 9.0692461, 41.46073 ], [ 9.0672068, 41.4631334 ], [ 9.0679726, 41.4641719 ], [ 9.0673997, 41.4655816 ], [ 9.0706552, 41.4657425 ], [ 9.071363, 41.470127 ], [ 9.0746212, 41.4701521 ], [ 9.0753799, 41.4721387 ], [ 9.0768899, 41.4725259 ], [ 9.0775211, 41.4744866 ], [ 9.079771, 41.4771154 ], [ 9.0786499, 41.4770609 ], [ 9.0786858, 41.4782401 ], [ 9.0773175, 41.4779195 ], [ 9.0769583, 41.4764035 ], [ 9.0739512, 41.4775771 ], [ 9.0733774, 41.4782175 ], [ 9.0743576, 41.4785929 ], [ 9.0735031, 41.4788381 ], [ 9.07157, 41.474949 ], [ 9.0722873, 41.4743893 ], [ 9.0713502, 41.4748741 ], [ 9.0713406, 41.4754652 ], [ 9.0687591, 41.4755282 ], [ 9.0678967, 41.4737018 ], [ 9.0683521, 41.4725006 ], [ 9.0662269, 41.4724627 ], [ 9.0656376, 41.470986 ], [ 9.0636567, 41.471482 ], [ 9.0626169, 41.4708732 ], [ 9.0624483, 41.4683529 ], [ 9.0586395, 41.4662329 ], [ 9.0593953, 41.4653637 ], [ 9.0587773, 41.4645028 ], [ 9.0562057, 41.4638351 ], [ 9.0548379, 41.4615099 ], [ 9.0520253, 41.4598943 ], [ 9.0517305, 41.4589907 ], [ 9.0505114, 41.4588125 ], [ 9.0510882, 41.4596691 ], [ 9.0499141, 41.4606493 ], [ 9.0474774, 41.4611957 ], [ 9.042047, 41.4570156 ], [ 9.0390861, 41.4571091 ], [ 9.0377581, 41.459712 ], [ 9.0387906, 41.4604555 ], [ 9.0388617, 41.4623595 ], [ 9.0408243, 41.4651668 ], [ 9.0395287, 41.465877 ], [ 9.0399147, 41.4667162 ], [ 9.0389065, 41.4674472 ], [ 9.0397219, 41.4680237 ], [ 9.0392845, 41.4693015 ], [ 9.0381644, 41.4697209 ], [ 9.0373061, 41.4690918 ], [ 9.0377627, 41.4700603 ], [ 9.0354472, 41.4710258 ], [ 9.0330239, 41.4686522 ], [ 9.0297158, 41.4682269 ], [ 9.0287956, 41.4675816 ], [ 9.0285887, 41.4653901 ], [ 9.0274128, 41.4644972 ], [ 9.0273266, 41.4628351 ], [ 9.0247904, 41.4614253 ], [ 9.0224602, 41.4625877 ], [ 9.0223273, 41.4636049 ], [ 9.0247239, 41.4645826 ], [ 9.0252835, 41.465975 ], [ 9.0182054, 41.4670396 ], [ 9.0188484, 41.4692985 ], [ 9.0160731, 41.4692555 ], [ 9.0165397, 41.4703239 ], [ 9.0147368, 41.4708055 ], [ 9.0157436, 41.4717738 ], [ 9.0151338, 41.4727023 ], [ 9.0141421, 41.4726691 ], [ 9.0165987, 41.4733903 ], [ 9.0158251, 41.4736471 ], [ 9.016508, 41.4742218 ], [ 9.0159465, 41.4745552 ], [ 9.017843, 41.4781741 ], [ 9.0147026, 41.4787561 ], [ 9.0134674, 41.4772513 ], [ 9.0137711, 41.4757561 ], [ 9.011847, 41.476289 ], [ 9.0104512, 41.4742248 ], [ 9.0080417, 41.4747503 ], [ 9.00765, 41.4755725 ], [ 9.0036038, 41.474787 ], [ 9.0021245, 41.4754662 ], [ 9.0020623, 41.4770398 ], [ 9.0007864, 41.4769915 ], [ 8.9993152, 41.478838 ], [ 8.9974978, 41.4785802 ], [ 8.99687, 41.4805192 ], [ 8.9975898, 41.4824013 ], [ 8.9962686, 41.4832957 ], [ 8.9970217, 41.4838543 ], [ 8.9954147, 41.4855819 ], [ 8.9927836, 41.4853499 ], [ 8.9927586, 41.4833327 ], [ 8.9904938, 41.4824956 ], [ 8.9883863, 41.4789787 ], [ 8.9866586, 41.4777427 ], [ 8.9864607, 41.4781898 ], [ 8.9863241, 41.4781645 ], [ 8.9845661, 41.474601 ], [ 8.9826735, 41.4738199 ], [ 8.9812036, 41.4744204 ], [ 8.98153, 41.4750662 ], [ 8.9804245, 41.4759017 ], [ 8.982432, 41.4776328 ], [ 8.9818992, 41.4787567 ], [ 8.9796389, 41.479808 ], [ 8.9761619, 41.4796737 ], [ 8.9752258, 41.4808097 ], [ 8.9769994, 41.4826575 ], [ 8.9732844, 41.485018 ], [ 8.9709948, 41.485092 ], [ 8.9691222, 41.4831417 ], [ 8.9683253, 41.4840222 ], [ 8.9649249, 41.4828334 ], [ 8.9653169, 41.4839643 ], [ 8.9674187, 41.4853314 ], [ 8.9665913, 41.4867773 ], [ 8.9668933, 41.4880112 ], [ 8.9654888, 41.4899215 ], [ 8.9633863, 41.4899814 ], [ 8.9610544, 41.4925261 ], [ 8.9577105, 41.4917628 ], [ 8.956755, 41.4927467 ], [ 8.9558224, 41.4921856 ], [ 8.9546917, 41.4926809 ], [ 8.9541448, 41.491828 ], [ 8.9530781, 41.4925356 ], [ 8.9502919, 41.490293 ], [ 8.9477901, 41.4894361 ], [ 8.947708, 41.4900372 ], [ 8.9461373, 41.48978 ], [ 8.9460361, 41.4905127 ], [ 8.9438072, 41.4893983 ], [ 8.942064, 41.4900231 ], [ 8.9408823, 41.488986 ], [ 8.9404857, 41.4902065 ], [ 8.9391507, 41.4888881 ], [ 8.9393571, 41.4899266 ], [ 8.9380635, 41.489366 ], [ 8.9382889, 41.4907018 ], [ 8.9372544, 41.4902931 ], [ 8.9371499, 41.4917852 ], [ 8.9361114, 41.4918501 ], [ 8.9367708, 41.4951834 ], [ 8.9328619, 41.4958427 ], [ 8.9319209, 41.4956527 ], [ 8.9294731, 41.4918127 ], [ 8.9270359, 41.4897053 ], [ 8.9241054, 41.4903792 ], [ 8.9229317, 41.4891549 ], [ 8.9205073, 41.4891806 ], [ 8.9196291, 41.4900914 ], [ 8.9221564, 41.4921515 ], [ 8.9217427, 41.4951949 ], [ 8.919532, 41.5012667 ], [ 8.9163029, 41.5062791 ], [ 8.9125133, 41.5083389 ], [ 8.910573, 41.5080883 ], [ 8.9092522, 41.5063809 ], [ 8.9038821, 41.5085245 ], [ 8.9018206, 41.5075109 ], [ 8.9014035, 41.5085601 ], [ 8.8998334, 41.508965 ], [ 8.8961083, 41.5073962 ], [ 8.8916199, 41.5083101 ], [ 8.888521, 41.5059288 ], [ 8.8845115, 41.5054248 ], [ 8.8841374, 41.5047683 ], [ 8.8830344, 41.5058656 ], [ 8.8858578, 41.5070323 ], [ 8.8829737, 41.507413 ], [ 8.8833928, 41.508029 ], [ 8.8818342, 41.5082094 ], [ 8.8828055, 41.5092581 ], [ 8.8817463, 41.5096741 ], [ 8.8832474, 41.509796 ], [ 8.8852609, 41.5122805 ], [ 8.8880327, 41.512879 ], [ 8.8877244, 41.5141446 ], [ 8.890419, 41.5146711 ], [ 8.8906422, 41.5160504 ], [ 8.8892257, 41.5171302 ], [ 8.8837423, 41.5177851 ], [ 8.8841949, 41.5187722 ], [ 8.8812123, 41.5216802 ], [ 8.8763266, 41.5243949 ], [ 8.8737504, 41.5245657 ], [ 8.8721122, 41.52273 ], [ 8.8657141, 41.5200332 ], [ 8.8609138, 41.5197047 ], [ 8.8607019, 41.521233 ], [ 8.8598891, 41.5215473 ], [ 8.8588942, 41.5203162 ], [ 8.8561923, 41.519404 ], [ 8.8553357, 41.5176446 ], [ 8.8517424, 41.5177088 ], [ 8.8508347, 41.5188135 ], [ 8.844495, 41.51784 ], [ 8.8422276, 41.5186153 ], [ 8.8427156, 41.5191437 ], [ 8.8408034, 41.5197917 ], [ 8.8413652, 41.5205493 ], [ 8.8408629, 41.5221152 ], [ 8.8410751, 41.5235376 ], [ 8.8434402, 41.525317 ], [ 8.8433609, 41.5265369 ], [ 8.8441827, 41.5264478 ], [ 8.8442936, 41.5273643 ], [ 8.846144, 41.5284211 ], [ 8.8469574, 41.5281032 ], [ 8.8505441, 41.5327891 ], [ 8.855768, 41.5342481 ], [ 8.8543779, 41.5371851 ], [ 8.8511952, 41.5383646 ], [ 8.8512471, 41.5417928 ], [ 8.8503513, 41.5421825 ], [ 8.8515833, 41.5423255 ], [ 8.8523578, 41.5449119 ], [ 8.8538322, 41.5462287 ], [ 8.8532821, 41.5469147 ], [ 8.8520699, 41.546792 ], [ 8.8498781, 41.5444607 ], [ 8.8495147, 41.5427898 ], [ 8.8466448, 41.5409834 ], [ 8.8467702, 41.5402661 ], [ 8.8437932, 41.5415021 ], [ 8.8433505, 41.5424461 ], [ 8.8441595, 41.5445551 ], [ 8.8449073, 41.5446909 ], [ 8.8441259, 41.5457304 ], [ 8.8454352, 41.5462991 ], [ 8.8449596, 41.5469703 ], [ 8.8365373, 41.5454117 ], [ 8.8334228, 41.5469886 ], [ 8.8333944, 41.5482687 ], [ 8.8326643, 41.5484397 ], [ 8.831609, 41.5469977 ], [ 8.8298873, 41.5473097 ], [ 8.8286822, 41.5452453 ], [ 8.8271891, 41.5449519 ], [ 8.8248039, 41.5460696 ], [ 8.8219475, 41.5442994 ], [ 8.8194254, 41.5467581 ], [ 8.8171947, 41.5471644 ], [ 8.8170465, 41.5488852 ], [ 8.815838, 41.5478343 ], [ 8.8144884, 41.5482089 ], [ 8.8144525, 41.5489291 ], [ 8.8130661, 41.5485108 ], [ 8.8137288, 41.5496753 ], [ 8.8151773, 41.5497104 ], [ 8.815426, 41.5511045 ], [ 8.8144822, 41.5515561 ], [ 8.8162256, 41.5524883 ], [ 8.8156286, 41.5534215 ], [ 8.8166939, 41.5553672 ], [ 8.8125694, 41.5526515 ], [ 8.8113316, 41.5545447 ], [ 8.8092475, 41.5549818 ], [ 8.8105871, 41.5559028 ], [ 8.8094829, 41.5569931 ], [ 8.8057006, 41.5552861 ], [ 8.8044582, 41.5564702 ], [ 8.8023541, 41.5550355 ], [ 8.8016472, 41.5552692 ], [ 8.8026839, 41.5563121 ], [ 8.8020381, 41.5567979 ], [ 8.7993674, 41.5559477 ], [ 8.7986063, 41.5567499 ], [ 8.7958299, 41.5563789 ], [ 8.7951525, 41.5552726 ], [ 8.7928074, 41.556524 ], [ 8.7922476, 41.5557995 ], [ 8.7912487, 41.5575441 ], [ 8.7885486, 41.5570653 ], [ 8.7879982, 41.5557883 ], [ 8.7869153, 41.5561333 ], [ 8.7889013, 41.5576751 ], [ 8.788788, 41.5589838 ], [ 8.7875935, 41.5597665 ], [ 8.7882704, 41.5594563 ], [ 8.7884886, 41.5600771 ], [ 8.787203, 41.5610317 ], [ 8.7878593, 41.5611669 ], [ 8.7878553, 41.5621838 ], [ 8.7858871, 41.5641733 ], [ 8.7838966, 41.5638578 ], [ 8.7849693, 41.5650075 ], [ 8.7824799, 41.5658438 ], [ 8.7824591, 41.5668822 ], [ 8.7848635, 41.5668554 ], [ 8.7844077, 41.5661252 ], [ 8.7854206, 41.5662165 ], [ 8.7857549, 41.5645308 ], [ 8.7884453, 41.564181 ], [ 8.7894284, 41.563112 ], [ 8.7886859, 41.5647916 ], [ 8.7895378, 41.5651688 ], [ 8.7900441, 41.5669861 ], [ 8.7923909, 41.566603 ], [ 8.7942951, 41.5689747 ], [ 8.7954845, 41.5686196 ], [ 8.798475, 41.5716429 ], [ 8.8021353, 41.5722951 ], [ 8.8019292, 41.5729412 ], [ 8.80285, 41.5733129 ], [ 8.8017981, 41.5744332 ], [ 8.8038801, 41.5745153 ], [ 8.8041652, 41.5753956 ], [ 8.7983984, 41.5750586 ], [ 8.7954631, 41.5764773 ], [ 8.7961296, 41.5773954 ], [ 8.7945604, 41.5779779 ], [ 8.7948458, 41.5786705 ], [ 8.7917903, 41.5789286 ], [ 8.7922724, 41.58201 ], [ 8.791314, 41.5824858 ], [ 8.7912993, 41.5835343 ], [ 8.7928278, 41.5840971 ], [ 8.7914132, 41.5850834 ], [ 8.7922743, 41.586427 ], [ 8.7917159, 41.5870398 ], [ 8.7885291, 41.5873596 ], [ 8.786909, 41.5857093 ], [ 8.783987, 41.5859789 ], [ 8.7824058, 41.5848761 ], [ 8.7815038, 41.585473 ], [ 8.7819895, 41.5863673 ], [ 8.7810304, 41.586794 ], [ 8.7823019, 41.5881542 ], [ 8.7819485, 41.590374 ], [ 8.7774407, 41.5900737 ], [ 8.7766652, 41.5886731 ], [ 8.7758018, 41.5899023 ], [ 8.7762021, 41.5906719 ], [ 8.7746479, 41.5916744 ], [ 8.7743054, 41.5926777 ], [ 8.7749794, 41.5933529 ], [ 8.7747911, 41.5921182 ], [ 8.7751327, 41.5927557 ], [ 8.7777707, 41.5925028 ], [ 8.7777255, 41.5930271 ], [ 8.7787943, 41.592491 ], [ 8.7790301, 41.5933523 ], [ 8.780058, 41.59316 ], [ 8.7792357, 41.59439 ], [ 8.7806094, 41.5949012 ], [ 8.7812258, 41.5943584 ], [ 8.7820224, 41.5951925 ], [ 8.7832497, 41.5938133 ], [ 8.7831076, 41.5947069 ], [ 8.7839451, 41.5949921 ], [ 8.7832638, 41.5954753 ], [ 8.7852166, 41.5971985 ], [ 8.7872802, 41.5972564 ], [ 8.7883866, 41.596158 ], [ 8.7897717, 41.5966944 ], [ 8.7871789, 41.597571 ], [ 8.7872584, 41.5984919 ], [ 8.7853124, 41.5996726 ], [ 8.7861278, 41.5999882 ], [ 8.7854486, 41.6000827 ], [ 8.7859453, 41.6008295 ], [ 8.7849365, 41.6011133 ], [ 8.7858122, 41.6026136 ], [ 8.7883095, 41.6030175 ], [ 8.7882942, 41.6041912 ], [ 8.7893263, 41.6044592 ], [ 8.7891833, 41.6057573 ], [ 8.7902165, 41.6054553 ], [ 8.7900589, 41.606391 ], [ 8.791615, 41.6070916 ], [ 8.7902426, 41.6090959 ], [ 8.7915849, 41.6099637 ], [ 8.7914052, 41.6111153 ], [ 8.7907788, 41.6110446 ], [ 8.7911749, 41.6115384 ], [ 8.7904647, 41.6114417 ], [ 8.7904508, 41.6130487 ], [ 8.791356, 41.6141795 ], [ 8.7904774, 41.6150823 ], [ 8.7912252, 41.615412 ], [ 8.7905254, 41.6165869 ], [ 8.7882433, 41.6160931 ], [ 8.7881714, 41.6176087 ], [ 8.7865517, 41.6173343 ], [ 8.7855936, 41.6181993 ], [ 8.7893643, 41.6196618 ], [ 8.7886992, 41.6204049 ], [ 8.7898079, 41.6202311 ], [ 8.7891949, 41.6210954 ], [ 8.7919124, 41.6200411 ], [ 8.7925584, 41.6206015 ], [ 8.7915724, 41.6215414 ], [ 8.793052, 41.6216857 ], [ 8.7918657, 41.6226069 ], [ 8.7940627, 41.6230623 ], [ 8.7939606, 41.6239213 ], [ 8.7948679, 41.6234928 ], [ 8.7943241, 41.6246508 ], [ 8.7953016, 41.6249466 ], [ 8.7949598, 41.6255986 ], [ 8.7905258, 41.6283847 ], [ 8.7909015, 41.629022 ], [ 8.7928058, 41.628299 ], [ 8.7932093, 41.6300068 ], [ 8.7957415, 41.6308924 ], [ 8.7947118, 41.6313461 ], [ 8.7942451, 41.6327823 ], [ 8.7971361, 41.6322937 ], [ 8.7976162, 41.633015 ], [ 8.800734, 41.6331233 ], [ 8.8009496, 41.6339085 ], [ 8.8023655, 41.6331574 ], [ 8.8038414, 41.6340715 ], [ 8.8045351, 41.6373344 ], [ 8.8037537, 41.6377267 ], [ 8.8049296, 41.6378418 ], [ 8.8035432, 41.6387857 ], [ 8.8031475, 41.6406388 ], [ 8.8048895, 41.6406854 ], [ 8.8042094, 41.6416078 ], [ 8.8049214, 41.6413844 ], [ 8.8046172, 41.6417024 ], [ 8.8047596, 41.6420488 ], [ 8.8100614, 41.6395748 ], [ 8.8106669, 41.6377331 ], [ 8.8098179, 41.6369966 ], [ 8.8099859, 41.6349292 ], [ 8.8113456, 41.6315315 ], [ 8.814788, 41.6298425 ], [ 8.8204025, 41.6296174 ], [ 8.823472, 41.6314786 ], [ 8.8228082, 41.63207 ], [ 8.8236074, 41.6317615 ], [ 8.8232659, 41.6327879 ], [ 8.8245829, 41.6339657 ], [ 8.8242452, 41.634706 ], [ 8.8250594, 41.6344116 ], [ 8.8249018, 41.6351435 ], [ 8.8266677, 41.6359305 ], [ 8.8282828, 41.6355595 ], [ 8.8284903, 41.6368538 ], [ 8.8295859, 41.6364095 ], [ 8.8291282, 41.6373377 ], [ 8.8298313, 41.6374291 ], [ 8.8299095, 41.6386439 ], [ 8.8331353, 41.6383739 ], [ 8.8348841, 41.6394229 ], [ 8.8366029, 41.6385187 ], [ 8.839426, 41.6398855 ], [ 8.8408772, 41.6396932 ], [ 8.8417094, 41.6421275 ], [ 8.8408212, 41.6424279 ], [ 8.8421958, 41.6429409 ], [ 8.8439795, 41.6423898 ], [ 8.8447252, 41.6431361 ], [ 8.8463284, 41.6423504 ], [ 8.8478179, 41.6427317 ], [ 8.8475122, 41.6435411 ], [ 8.849257, 41.6438863 ], [ 8.8492944, 41.6451599 ], [ 8.8518693, 41.6466488 ], [ 8.8514121, 41.6479934 ], [ 8.8544469, 41.6467316 ], [ 8.8554489, 41.6472909 ], [ 8.8553896, 41.6463946 ], [ 8.8563984, 41.6463557 ], [ 8.8574784, 41.6474886 ], [ 8.8609786, 41.6476217 ], [ 8.8636098, 41.6488246 ], [ 8.8640711, 41.6481488 ], [ 8.8667505, 41.6479414 ], [ 8.8689386, 41.6462648 ], [ 8.8718816, 41.6466828 ], [ 8.8750299, 41.6490314 ], [ 8.8770369, 41.65197 ], [ 8.8810983, 41.6701871 ], [ 8.882025, 41.6712475 ], [ 8.8899738, 41.6716872 ], [ 8.893446, 41.6758374 ], [ 8.8946641, 41.675142 ], [ 8.8961142, 41.6758398 ], [ 8.8971269, 41.6786226 ], [ 8.8996509, 41.678535 ], [ 8.898474, 41.6773766 ], [ 8.8989903, 41.6761613 ], [ 8.9013497, 41.6775085 ], [ 8.8992627, 41.6759041 ], [ 8.9023779, 41.6761187 ], [ 8.9013281, 41.6768884 ], [ 8.9034363, 41.6779203 ], [ 8.905828, 41.6779405 ], [ 8.9061802, 41.6778614 ], [ 8.9031737, 41.6777036 ], [ 8.9018609, 41.6769675 ], [ 8.9026161, 41.6761076 ], [ 8.9040765, 41.6765807 ], [ 8.9038815, 41.6772218 ], [ 8.9089398, 41.6772162 ], [ 8.9108975, 41.6795681 ], [ 8.9138039, 41.6797915 ], [ 8.9167124, 41.6821122 ], [ 8.9161461, 41.6871735 ], [ 8.9142705, 41.6905001 ], [ 8.913117, 41.6911167 ], [ 8.9061508, 41.6911446 ], [ 8.8938111, 41.6892312 ], [ 8.8915792, 41.6901996 ], [ 8.889756, 41.6889393 ], [ 8.8884942, 41.6897817 ], [ 8.8864321, 41.6895324 ], [ 8.883258, 41.6938192 ], [ 8.8782253, 41.6960315 ], [ 8.8746087, 41.6937252 ], [ 8.8697331, 41.6964231 ], [ 8.8613396, 41.6956491 ], [ 8.8569608, 41.6976722 ], [ 8.8500606, 41.6960697 ], [ 8.8478807, 41.6972148 ], [ 8.842088, 41.6971654 ], [ 8.8361654, 41.7001291 ], [ 8.8306029, 41.7061112 ], [ 8.8253949, 41.7096409 ], [ 8.8121377, 41.7143645 ], [ 8.8086861, 41.7135682 ], [ 8.8072378, 41.7114411 ], [ 8.8075957, 41.7102151 ], [ 8.8066171, 41.7096063 ], [ 8.8023504, 41.7110136 ], [ 8.7958486, 41.7099239 ], [ 8.7938418, 41.7079611 ], [ 8.7939018, 41.7072791 ], [ 8.7956112, 41.7074566 ], [ 8.794993, 41.7055584 ], [ 8.7929594, 41.7039946 ], [ 8.7923146, 41.7009056 ], [ 8.7906288, 41.7000092 ], [ 8.7882133, 41.7000808 ], [ 8.7877575, 41.7007545 ], [ 8.7827066, 41.6990369 ], [ 8.7815971, 41.6997269 ], [ 8.7825653, 41.7009768 ], [ 8.7821399, 41.7016271 ], [ 8.784025, 41.7027498 ], [ 8.7861324, 41.7028839 ], [ 8.7861489, 41.7036941 ], [ 8.7881022, 41.7046371 ], [ 8.7871955, 41.7050605 ], [ 8.7876764, 41.7054846 ], [ 8.7866858, 41.7075647 ], [ 8.7882766, 41.7084618 ], [ 8.7852976, 41.7099369 ], [ 8.7841559, 41.7089005 ], [ 8.779791, 41.7093413 ], [ 8.7763288, 41.7115107 ], [ 8.7743662, 41.7109857 ], [ 8.7740175, 41.7125645 ], [ 8.7711169, 41.7116531 ], [ 8.7720528, 41.712186 ], [ 8.7707833, 41.713961 ], [ 8.7718161, 41.7138638 ], [ 8.7734013, 41.7151723 ], [ 8.7724222, 41.7167793 ], [ 8.7744152, 41.7204378 ], [ 8.7730519, 41.7212209 ], [ 8.7784014, 41.7215335 ], [ 8.7795598, 41.7237785 ], [ 8.7813462, 41.7247956 ], [ 8.7803591, 41.7257663 ], [ 8.7808202, 41.7266451 ], [ 8.7797364, 41.7270948 ], [ 8.7818659, 41.7279906 ], [ 8.7816672, 41.7294141 ], [ 8.7835176, 41.7307677 ], [ 8.7825709, 41.7310424 ], [ 8.7832596, 41.7317237 ], [ 8.784435, 41.7314359 ], [ 8.7847413, 41.732156 ], [ 8.7846178, 41.7345669 ], [ 8.7820563, 41.737933 ], [ 8.7752637, 41.741549 ], [ 8.7710861, 41.7413369 ], [ 8.7574481, 41.737699 ], [ 8.7524116, 41.7350224 ], [ 8.7509243, 41.7351443 ], [ 8.7495052, 41.7338196 ], [ 8.7408623, 41.7320402 ], [ 8.736983, 41.7292088 ], [ 8.7354312, 41.7299283 ], [ 8.7343157, 41.7289886 ], [ 8.7297916, 41.7291393 ], [ 8.7270105, 41.7282911 ], [ 8.7250224, 41.727252 ], [ 8.7230397, 41.7243693 ], [ 8.7170397, 41.7225622 ], [ 8.7139551, 41.7229819 ], [ 8.7072032, 41.7217346 ], [ 8.7066578, 41.7235418 ], [ 8.7045735, 41.7236656 ], [ 8.7028223, 41.7257579 ], [ 8.7043413, 41.7275828 ], [ 8.7045954, 41.7292557 ], [ 8.7062511, 41.7301673 ], [ 8.7055836, 41.7304133 ], [ 8.7064159, 41.7319845 ], [ 8.705957, 41.7330828 ], [ 8.7079274, 41.7359801 ], [ 8.7046805, 41.7395304 ], [ 8.7035084, 41.7392211 ], [ 8.7028989, 41.7400682 ], [ 8.7018623, 41.7394309 ], [ 8.6984856, 41.7415058 ], [ 8.6966808, 41.7411803 ], [ 8.6953911, 41.7419326 ], [ 8.6893626, 41.7402128 ], [ 8.6863015, 41.7421225 ], [ 8.6849734, 41.740467 ], [ 8.6821458, 41.7398579 ], [ 8.6784481, 41.7421511 ], [ 8.6754365, 41.7421038 ], [ 8.6719138, 41.7437705 ], [ 8.6660771, 41.7432897 ], [ 8.6623857, 41.7398153 ], [ 8.6603439, 41.7391354 ], [ 8.6597142, 41.7395268 ], [ 8.6601988, 41.7401418 ], [ 8.6588244, 41.7404535 ], [ 8.6595961, 41.7432116 ], [ 8.6588795, 41.7440515 ], [ 8.659294, 41.7457546 ], [ 8.6606849, 41.7469297 ], [ 8.6603228, 41.7493111 ], [ 8.6612409, 41.7499695 ], [ 8.6653078, 41.7508601 ], [ 8.6680416, 41.7530813 ], [ 8.6688972, 41.7523238 ], [ 8.6725017, 41.7528293 ], [ 8.6749135, 41.7512729 ], [ 8.6769258, 41.7512905 ], [ 8.6772026, 41.7522553 ], [ 8.6785112, 41.7519569 ], [ 8.6778639, 41.7509292 ], [ 8.6788092, 41.7494671 ], [ 8.68461, 41.747003 ], [ 8.6860371, 41.7478685 ], [ 8.6862031, 41.7498635 ], [ 8.6876493, 41.7492919 ], [ 8.695199, 41.7512831 ], [ 8.7001521, 41.7558518 ], [ 8.7034993, 41.7573104 ], [ 8.7034561, 41.7579322 ], [ 8.707949, 41.7573196 ], [ 8.7096806, 41.7580614 ], [ 8.7136787, 41.7605891 ], [ 8.7135617, 41.7612558 ], [ 8.7170427, 41.7642483 ], [ 8.7170585, 41.7651824 ], [ 8.7184106, 41.7658267 ], [ 8.719221, 41.7677746 ], [ 8.7218214, 41.7684033 ], [ 8.7212498, 41.7694403 ], [ 8.7230967, 41.7700165 ], [ 8.7228395, 41.7712274 ], [ 8.72639, 41.772592 ], [ 8.7266607, 41.7743765 ], [ 8.7279988, 41.7738322 ], [ 8.7290874, 41.7744159 ], [ 8.7307752, 41.7766447 ], [ 8.729232, 41.7778481 ], [ 8.7315894, 41.778272 ], [ 8.7329492, 41.7803195 ], [ 8.7284136, 41.7814032 ], [ 8.7282592, 41.7833442 ], [ 8.7263948, 41.7836946 ], [ 8.7276072, 41.7873531 ], [ 8.7265383, 41.7882362 ], [ 8.7266254, 41.7892102 ], [ 8.7253864, 41.7890776 ], [ 8.7241857, 41.790055 ], [ 8.7198197, 41.7891452 ], [ 8.719904, 41.7900405 ], [ 8.717397, 41.7919908 ], [ 8.7188826, 41.7935709 ], [ 8.7180192, 41.7951024 ], [ 8.7166309, 41.7948689 ], [ 8.7149867, 41.7959215 ], [ 8.7118876, 41.7947183 ], [ 8.7108028, 41.7959626 ], [ 8.7090743, 41.7963769 ], [ 8.7095302, 41.7992179 ], [ 8.7103093, 41.7992878 ], [ 8.712006, 41.8017455 ], [ 8.717838, 41.8036233 ], [ 8.7205966, 41.8019023 ], [ 8.7198789, 41.7991212 ], [ 8.7213749, 41.7979793 ], [ 8.7291964, 41.7986193 ], [ 8.7300887, 41.7979787 ], [ 8.7336051, 41.7990306 ], [ 8.7355959, 41.796962 ], [ 8.7382161, 41.7970968 ], [ 8.7411717, 41.7986551 ], [ 8.7414254, 41.8000277 ], [ 8.7396682, 41.8020201 ], [ 8.7418734, 41.8042839 ], [ 8.7411973, 41.8050791 ], [ 8.7448142, 41.8053358 ], [ 8.7440582, 41.8061515 ], [ 8.7445629, 41.8073291 ], [ 8.7485473, 41.8110205 ], [ 8.7515722, 41.8108446 ], [ 8.7553069, 41.8124779 ], [ 8.7572586, 41.810778 ], [ 8.7576743, 41.8090928 ], [ 8.7618427, 41.8095205 ], [ 8.7623691, 41.8089207 ], [ 8.765211, 41.8095734 ], [ 8.7663616, 41.8109467 ], [ 8.7672821, 41.8111512 ], [ 8.7685056, 41.8100233 ], [ 8.7715913, 41.8111818 ], [ 8.7739049, 41.814917 ], [ 8.7727171, 41.816789 ], [ 8.7740985, 41.8194057 ], [ 8.7728534, 41.8220871 ], [ 8.7735969, 41.8224619 ], [ 8.7740796, 41.8246923 ], [ 8.7767699, 41.825638 ], [ 8.7791953, 41.8279207 ], [ 8.780171, 41.8270751 ], [ 8.7822765, 41.8280544 ], [ 8.7844636, 41.8299001 ], [ 8.7838325, 41.8299604 ], [ 8.7846551, 41.8310269 ], [ 8.7840142, 41.8323561 ], [ 8.7821792, 41.8338347 ], [ 8.7806019, 41.8334779 ], [ 8.779974, 41.834298 ], [ 8.7774558, 41.8347192 ], [ 8.7746085, 41.8338243 ], [ 8.7733379, 41.8343876 ], [ 8.7738343, 41.8347742 ], [ 8.7732614, 41.835382 ], [ 8.7714421, 41.8351602 ], [ 8.772482, 41.836149 ], [ 8.771791, 41.8362781 ], [ 8.7720005, 41.837247 ], [ 8.767874, 41.8381448 ], [ 8.768096, 41.8391113 ], [ 8.7666734, 41.838831 ], [ 8.7683396, 41.8402206 ], [ 8.766277, 41.8409867 ], [ 8.7661856, 41.8426789 ], [ 8.7653004, 41.8434942 ], [ 8.7626924, 41.8438691 ], [ 8.760632, 41.8427055 ], [ 8.7607808, 41.841645 ], [ 8.7600864, 41.8412924 ], [ 8.7559255, 41.8409824 ], [ 8.7565803, 41.841673 ], [ 8.7551181, 41.8418911 ], [ 8.7553093, 41.8426203 ], [ 8.750996, 41.8424947 ], [ 8.7507004, 41.8438038 ], [ 8.7517494, 41.8446917 ], [ 8.7508949, 41.8451933 ], [ 8.7585327, 41.8466179 ], [ 8.7609255, 41.8494467 ], [ 8.7603127, 41.8500174 ], [ 8.7619205, 41.8497251 ], [ 8.7610464, 41.8483318 ], [ 8.7617676, 41.8472907 ], [ 8.7658634, 41.84755 ], [ 8.7692663, 41.8457935 ], [ 8.7788535, 41.8479691 ], [ 8.7809322, 41.8472942 ], [ 8.7832471, 41.8476941 ], [ 8.7856124, 41.8496037 ], [ 8.7883875, 41.8505272 ], [ 8.7906009, 41.855922 ], [ 8.7902216, 41.8669592 ], [ 8.7861761, 41.8691826 ], [ 8.7871569, 41.8708573 ], [ 8.7855845, 41.8723467 ], [ 8.7841947, 41.8720926 ], [ 8.7829479, 41.8731732 ], [ 8.7812885, 41.8731488 ], [ 8.7811366, 41.8745708 ], [ 8.7855845, 41.8769638 ], [ 8.7853186, 41.8788831 ], [ 8.7839088, 41.8803838 ], [ 8.7800814, 41.8804365 ], [ 8.7806323, 41.8827445 ], [ 8.7783298, 41.8828438 ], [ 8.7795442, 41.884151 ], [ 8.7865038, 41.8849991 ], [ 8.7883346, 41.8838395 ], [ 8.7918802, 41.8850826 ], [ 8.7992243, 41.8890773 ], [ 8.7995751, 41.889892 ], [ 8.8017163, 41.8897205 ], [ 8.8033355, 41.8920149 ], [ 8.803296, 41.8953137 ], [ 8.8015248, 41.9000184 ], [ 8.8000652, 41.9021955 ], [ 8.799297, 41.9019782 ], [ 8.7981586, 41.905174 ], [ 8.7941581, 41.9112957 ], [ 8.7875679, 41.9188551 ], [ 8.78188, 41.9237852 ], [ 8.7769677, 41.9264428 ], [ 8.7704582, 41.9276562 ], [ 8.7665599, 41.925896 ], [ 8.764848, 41.9232493 ], [ 8.7652331, 41.9207471 ], [ 8.7636617, 41.9201735 ], [ 8.7619263, 41.9211349 ], [ 8.7614707, 41.9222745 ], [ 8.7636681, 41.9205512 ], [ 8.7647937, 41.9206541 ], [ 8.7646061, 41.9229372 ], [ 8.7627957, 41.9224529 ], [ 8.7621842, 41.9244873 ], [ 8.7583259, 41.9259307 ], [ 8.7587674, 41.9272024 ], [ 8.7558567, 41.9295649 ], [ 8.7553781, 41.9325226 ], [ 8.7529122, 41.9334363 ], [ 8.7471495, 41.9335435 ], [ 8.7438296, 41.9328413 ], [ 8.7434219, 41.9317291 ], [ 8.7408602, 41.9316864 ], [ 8.7404469, 41.9308979 ], [ 8.7412927, 41.9277832 ], [ 8.7427782, 41.9280454 ], [ 8.7428643, 41.9295543 ], [ 8.7438846, 41.9300101 ], [ 8.7431016, 41.9294555 ], [ 8.7433131, 41.9278799 ], [ 8.741401, 41.9277066 ], [ 8.7402235, 41.9256137 ], [ 8.7403718, 41.9240881 ], [ 8.7414276, 41.9240685 ], [ 8.7409219, 41.9223419 ], [ 8.742547, 41.9223149 ], [ 8.7406667, 41.9217991 ], [ 8.7406836, 41.9210153 ], [ 8.7432283, 41.9204445 ], [ 8.740298, 41.920911 ], [ 8.7402503, 41.918797 ], [ 8.7413349, 41.9181375 ], [ 8.740009, 41.9187923 ], [ 8.7414997, 41.9175531 ], [ 8.7438738, 41.9194736 ], [ 8.7437006, 41.9179475 ], [ 8.7404398, 41.9156447 ], [ 8.7355586, 41.9169892 ], [ 8.7327034, 41.9168752 ], [ 8.7309158, 41.9156637 ], [ 8.7308133, 41.9139505 ], [ 8.7296865, 41.9126891 ], [ 8.7236012, 41.9122216 ], [ 8.7225484, 41.9114804 ], [ 8.7218701, 41.9094253 ], [ 8.7194696, 41.9082639 ], [ 8.7097614, 41.9083932 ], [ 8.7056586, 41.9070538 ], [ 8.6993432, 41.9088586 ], [ 8.6932871, 41.9084015 ], [ 8.6922748, 41.9091947 ], [ 8.6879322, 41.9092257 ], [ 8.6854527, 41.9076625 ], [ 8.6779541, 41.9069905 ], [ 8.6766881, 41.9058138 ], [ 8.677258, 41.905189 ], [ 8.6760035, 41.9044028 ], [ 8.6737798, 41.9055763 ], [ 8.6705455, 41.9050215 ], [ 8.6658646, 41.9073655 ], [ 8.6600271, 41.9070766 ], [ 8.6531103, 41.9091336 ], [ 8.6499521, 41.9085693 ], [ 8.6467154, 41.9098246 ], [ 8.6420691, 41.9100872 ], [ 8.6300178, 41.9064 ], [ 8.629493, 41.9052574 ], [ 8.6245409, 41.9021411 ], [ 8.617175, 41.9009139 ], [ 8.6147762, 41.8984277 ], [ 8.6101473, 41.8961433 ], [ 8.6087088, 41.8941864 ], [ 8.6074441, 41.8948209 ], [ 8.6076677, 41.8960144 ], [ 8.6107383, 41.8969928 ], [ 8.6099856, 41.8986672 ], [ 8.6106171, 41.8996005 ], [ 8.6124558, 41.9009911 ], [ 8.6145236, 41.901295 ], [ 8.6156567, 41.9029173 ], [ 8.6138351, 41.9038995 ], [ 8.6120772, 41.9069315 ], [ 8.6094916, 41.907463 ], [ 8.6092068, 41.9081327 ], [ 8.6104186, 41.9092414 ], [ 8.6090934, 41.909992 ], [ 8.610655, 41.9106281 ], [ 8.6098422, 41.9114396 ], [ 8.6105442, 41.9122785 ], [ 8.6099044, 41.9122806 ], [ 8.6110768, 41.9132062 ], [ 8.610306, 41.9131795 ], [ 8.6111528, 41.9135909 ], [ 8.6114179, 41.9154096 ], [ 8.6129003, 41.9152703 ], [ 8.6157839, 41.919026 ], [ 8.6154828, 41.9213302 ], [ 8.6146685, 41.9219581 ], [ 8.6155091, 41.9237958 ], [ 8.6176509, 41.9239406 ], [ 8.6227772, 41.9260688 ], [ 8.6223767, 41.9278183 ], [ 8.6206888, 41.9283506 ], [ 8.6210897, 41.9291583 ], [ 8.6193214, 41.9302951 ], [ 8.6202781, 41.9305101 ], [ 8.6202787, 41.9314536 ], [ 8.6227045, 41.9317884 ], [ 8.6233715, 41.9350981 ], [ 8.6206835, 41.9399081 ], [ 8.618587, 41.9399083 ], [ 8.6179902, 41.940795 ], [ 8.6173699, 41.9393808 ], [ 8.6163226, 41.9391971 ], [ 8.616236, 41.9397547 ], [ 8.6133043, 41.9400594 ], [ 8.612688, 41.9395318 ], [ 8.612264, 41.9404041 ], [ 8.6097774, 41.9394995 ], [ 8.6090744, 41.9403925 ], [ 8.6094705, 41.9411647 ], [ 8.6073517, 41.941481 ], [ 8.6064638, 41.9427445 ], [ 8.607313, 41.9429356 ], [ 8.6076453, 41.9442691 ], [ 8.6070089, 41.9449104 ], [ 8.6077247, 41.9465692 ], [ 8.6048952, 41.9473492 ], [ 8.6061759, 41.9483509 ], [ 8.6063463, 41.95032 ], [ 8.6058102, 41.9504082 ], [ 8.6070353, 41.9511774 ], [ 8.6069283, 41.9518996 ], [ 8.5976638, 41.9525789 ], [ 8.5983861, 41.9539844 ], [ 8.5977976, 41.9548138 ], [ 8.5984528, 41.9547323 ], [ 8.5982367, 41.9556893 ], [ 8.5995092, 41.9568426 ], [ 8.5984257, 41.9573733 ], [ 8.5990094, 41.9580178 ], [ 8.5976833, 41.95909 ], [ 8.5978499, 41.9603402 ], [ 8.5933249, 41.960752 ], [ 8.5912842, 41.9619352 ], [ 8.5918065, 41.9635693 ], [ 8.5926367, 41.9636597 ], [ 8.5922349, 41.9644806 ], [ 8.5963418, 41.9663871 ], [ 8.5980052, 41.9658374 ], [ 8.6017101, 41.9677218 ], [ 8.6097036, 41.9678201 ], [ 8.6111865, 41.9684189 ], [ 8.6102058, 41.9702904 ], [ 8.6143876, 41.9717258 ], [ 8.6162598, 41.9711373 ], [ 8.6207805, 41.9714435 ], [ 8.6249098, 41.9702931 ], [ 8.6257288, 41.9709216 ], [ 8.6297071, 41.9697529 ], [ 8.6324073, 41.9676468 ], [ 8.6374044, 41.9682451 ], [ 8.6419823, 41.9676134 ], [ 8.6480663, 41.9684158 ], [ 8.6525226, 41.9721748 ], [ 8.6562893, 41.9725774 ], [ 8.6559656, 41.9735211 ], [ 8.6581387, 41.9737787 ], [ 8.6576042, 41.9745888 ], [ 8.6589188, 41.9748303 ], [ 8.6589856, 41.9756707 ], [ 8.6631125, 41.9765964 ], [ 8.6656137, 41.9780789 ], [ 8.6652745, 41.979458 ], [ 8.6690772, 41.9826383 ], [ 8.6685255, 41.9831377 ], [ 8.6692244, 41.9835813 ], [ 8.6699263, 41.9876296 ], [ 8.6689272, 41.9912942 ], [ 8.6670084, 41.9937027 ], [ 8.6655756, 41.994049 ], [ 8.6635486, 41.9925891 ], [ 8.6595786, 41.9916238 ], [ 8.6582303, 41.9925869 ], [ 8.6575152, 41.9943248 ], [ 8.657895, 41.9955731 ], [ 8.6557266, 41.9973415 ], [ 8.6546421, 41.9995885 ], [ 8.6545228, 42.0017885 ], [ 8.6568672, 42.0039443 ], [ 8.6553928, 42.0051097 ], [ 8.6561471, 42.0052969 ], [ 8.6560406, 42.0062577 ], [ 8.6549657, 42.0062081 ], [ 8.656912, 42.0073057 ], [ 8.6572478, 42.0088468 ], [ 8.6561749, 42.0094129 ], [ 8.657573, 42.0092616 ], [ 8.6573898, 42.0102452 ], [ 8.6608432, 42.0124512 ], [ 8.660681, 42.0130595 ], [ 8.6670199, 42.016063 ], [ 8.6690718, 42.0186357 ], [ 8.6701045, 42.0186387 ], [ 8.669534, 42.0191105 ], [ 8.6707904, 42.0191541 ], [ 8.6707863, 42.0199241 ], [ 8.683166, 42.0225259 ], [ 8.6834961, 42.0253503 ], [ 8.6855606, 42.0256126 ], [ 8.6852111, 42.0266385 ], [ 8.6869293, 42.0272845 ], [ 8.6903695, 42.0278071 ], [ 8.6906773, 42.0288566 ], [ 8.7000823, 42.0257867 ], [ 8.7038013, 42.0277229 ], [ 8.706738, 42.0271911 ], [ 8.7068941, 42.0279793 ], [ 8.7083512, 42.0284434 ], [ 8.7134309, 42.0290226 ], [ 8.7131779, 42.0296862 ], [ 8.7166846, 42.0296152 ], [ 8.7160667, 42.030227 ], [ 8.7196155, 42.0318615 ], [ 8.7191319, 42.0326087 ], [ 8.7267419, 42.0347815 ], [ 8.7257127, 42.0353869 ], [ 8.7254464, 42.0370093 ], [ 8.7238776, 42.0374622 ], [ 8.7245737, 42.0378354 ], [ 8.7236751, 42.0382326 ], [ 8.7243488, 42.0390323 ], [ 8.7235715, 42.0399421 ], [ 8.7248443, 42.040615 ], [ 8.724739, 42.0413713 ], [ 8.7232316, 42.0412581 ], [ 8.7219046, 42.0426639 ], [ 8.7275491, 42.0433783 ], [ 8.7289277, 42.0423503 ], [ 8.7318158, 42.0423936 ], [ 8.7358293, 42.0400258 ], [ 8.741467, 42.040966 ], [ 8.7453251, 42.044986 ], [ 8.7474038, 42.0501697 ], [ 8.7446731, 42.0520825 ], [ 8.7446393, 42.0532505 ], [ 8.7434106, 42.0540684 ], [ 8.7446795, 42.0552386 ], [ 8.7431311, 42.0571606 ], [ 8.7449726, 42.0584336 ], [ 8.7419756, 42.0614188 ], [ 8.7406399, 42.0609197 ], [ 8.7389403, 42.061787 ], [ 8.7394285, 42.0635893 ], [ 8.7384366, 42.0650824 ], [ 8.7346846, 42.0657955 ], [ 8.7282345, 42.0633061 ], [ 8.7191765, 42.0638228 ], [ 8.7207804, 42.06542 ], [ 8.7207506, 42.0696379 ], [ 8.719768, 42.072813 ], [ 8.7144971, 42.0824263 ], [ 8.7091748, 42.0870632 ], [ 8.7028369, 42.0859802 ], [ 8.7048985, 42.087269 ], [ 8.706734, 42.0897828 ], [ 8.707977, 42.0920535 ], [ 8.7070521, 42.0927974 ], [ 8.7083506, 42.0934327 ], [ 8.7074432, 42.093547 ], [ 8.7100832, 42.0941372 ], [ 8.709484, 42.0944533 ], [ 8.7104951, 42.0960429 ], [ 8.7053955, 42.1036886 ], [ 8.7029623, 42.1037679 ], [ 8.7038735, 42.1043773 ], [ 8.7011959, 42.1049859 ], [ 8.7016371, 42.1055935 ], [ 8.7003954, 42.1065717 ], [ 8.7015266, 42.1081069 ], [ 8.7015838, 42.1096565 ], [ 8.7007086, 42.1097624 ], [ 8.7005398, 42.1106696 ], [ 8.7015808, 42.1111263 ], [ 8.6998161, 42.1127142 ], [ 8.6949135, 42.1146654 ], [ 8.6894354, 42.1150552 ], [ 8.6882412, 42.1135988 ], [ 8.6884164, 42.1119289 ], [ 8.6874463, 42.1102105 ], [ 8.6861809, 42.1089385 ], [ 8.6849708, 42.1095419 ], [ 8.6843964, 42.108594 ], [ 8.6831604, 42.1085652 ], [ 8.680457, 42.1051882 ], [ 8.6786447, 42.1046514 ], [ 8.6777807, 42.1057838 ], [ 8.6759166, 42.105797 ], [ 8.6751067, 42.1069489 ], [ 8.6720002, 42.1074139 ], [ 8.6672186, 42.1058572 ], [ 8.6659292, 42.1066076 ], [ 8.6638404, 42.1058562 ], [ 8.6628913, 42.1027827 ], [ 8.659667, 42.100874 ], [ 8.6587172, 42.1013559 ], [ 8.6592125, 42.1029762 ], [ 8.6583273, 42.1057552 ], [ 8.6591352, 42.1073368 ], [ 8.6579051, 42.108075 ], [ 8.6583258, 42.108888 ], [ 8.6562517, 42.1092434 ], [ 8.656535, 42.1107226 ], [ 8.6528059, 42.1137439 ], [ 8.651522, 42.1138575 ], [ 8.6512051, 42.1172238 ], [ 8.6475027, 42.1210425 ], [ 8.644529, 42.1214307 ], [ 8.636438, 42.1194393 ], [ 8.6358045, 42.1201167 ], [ 8.6369544, 42.120636 ], [ 8.6369086, 42.1219865 ], [ 8.6346482, 42.1237787 ], [ 8.6290151, 42.1222652 ], [ 8.627735, 42.1231636 ], [ 8.6240781, 42.1225297 ], [ 8.624167, 42.124926 ], [ 8.6209388, 42.1244984 ], [ 8.6200202, 42.1249841 ], [ 8.6208189, 42.1256247 ], [ 8.6188446, 42.1256166 ], [ 8.6192916, 42.1260626 ], [ 8.6175624, 42.126549 ], [ 8.6181816, 42.1278522 ], [ 8.6174139, 42.1287163 ], [ 8.6183168, 42.1303933 ], [ 8.6161933, 42.1316551 ], [ 8.616503, 42.1325213 ], [ 8.6153686, 42.1333349 ], [ 8.612398, 42.1344428 ], [ 8.6100967, 42.1345137 ], [ 8.6062548, 42.1325348 ], [ 8.6046638, 42.1329427 ], [ 8.6033653, 42.1316819 ], [ 8.6033077, 42.1302737 ], [ 8.6028801, 42.1317671 ], [ 8.5991658, 42.1325093 ], [ 8.5977465, 42.1314843 ], [ 8.5964118, 42.1316407 ], [ 8.5962207, 42.1300901 ], [ 8.5975508, 42.1310746 ], [ 8.5982425, 42.1310098 ], [ 8.595421, 42.1292811 ], [ 8.5939408, 42.1293797 ], [ 8.594011, 42.1300038 ], [ 8.5930458, 42.1294282 ], [ 8.5937006, 42.1302121 ], [ 8.5874573, 42.1290684 ], [ 8.5870127, 42.1299255 ], [ 8.5853932, 42.1292523 ], [ 8.5854185, 42.1298645 ], [ 8.5842718, 42.1300686 ], [ 8.5814691, 42.1284171 ], [ 8.5802069, 42.1290177 ], [ 8.5801131, 42.129596 ], [ 8.5813764, 42.1296656 ], [ 8.580915, 42.1300933 ], [ 8.5815507, 42.1309685 ], [ 8.5841364, 42.1325896 ], [ 8.5834685, 42.1328363 ], [ 8.5847962, 42.1344813 ], [ 8.5842088, 42.1347756 ], [ 8.5911852, 42.1395889 ], [ 8.5906354, 42.139587 ], [ 8.591719, 42.1405595 ], [ 8.5911128, 42.1409115 ], [ 8.5940981, 42.1432225 ], [ 8.5906134, 42.1485224 ], [ 8.5866974, 42.1495646 ], [ 8.5861342, 42.1514138 ], [ 8.5840425, 42.1520302 ], [ 8.5796185, 42.1510797 ], [ 8.578429, 42.1515846 ], [ 8.577742, 42.153291 ], [ 8.5761352, 42.1521865 ], [ 8.5734015, 42.1523326 ], [ 8.5721341, 42.1503857 ], [ 8.5697986, 42.150166 ], [ 8.5683692, 42.1487013 ], [ 8.5610111, 42.1466525 ], [ 8.56062, 42.1457111 ], [ 8.5582751, 42.1458355 ], [ 8.558358, 42.1469729 ], [ 8.5607265, 42.1479916 ], [ 8.5597652, 42.1486011 ], [ 8.5604624, 42.1486119 ], [ 8.559826, 42.1489444 ], [ 8.5614252, 42.1506377 ], [ 8.5607346, 42.1505451 ], [ 8.562845, 42.1514317 ], [ 8.5625634, 42.1519905 ], [ 8.5638347, 42.1517399 ], [ 8.5638052, 42.1529807 ], [ 8.5657203, 42.1528912 ], [ 8.5677776, 42.1543269 ], [ 8.5683811, 42.1534858 ], [ 8.5700494, 42.1541042 ], [ 8.5706797, 42.154991 ], [ 8.5701862, 42.1554126 ], [ 8.5715488, 42.155504 ], [ 8.5709667, 42.1558301 ], [ 8.5719484, 42.1565619 ], [ 8.5730991, 42.1554384 ], [ 8.5770553, 42.1552098 ], [ 8.5778117, 42.1570271 ], [ 8.5787049, 42.1567607 ], [ 8.5802981, 42.1581724 ], [ 8.5831171, 42.1589598 ], [ 8.5824063, 42.1598426 ], [ 8.5835329, 42.1600016 ], [ 8.5833585, 42.1619759 ], [ 8.5885969, 42.1620932 ], [ 8.5914481, 42.1641112 ], [ 8.5918316, 42.1654134 ], [ 8.5932505, 42.1663041 ], [ 8.5935831, 42.1680734 ], [ 8.5911347, 42.1704514 ], [ 8.5882231, 42.1714864 ], [ 8.5854997, 42.1717499 ], [ 8.5843277, 42.1704129 ], [ 8.5838172, 42.1708208 ], [ 8.5821571, 42.1697895 ], [ 8.5810299, 42.1711929 ], [ 8.578053, 42.1694356 ], [ 8.5765776, 42.1697319 ], [ 8.5746178, 42.168631 ], [ 8.5744086, 42.1694443 ], [ 8.5713296, 42.1693711 ], [ 8.5689831, 42.1680438 ], [ 8.5696854, 42.1694504 ], [ 8.5669156, 42.1687109 ], [ 8.5675391, 42.1693068 ], [ 8.5667123, 42.1704079 ], [ 8.5652371, 42.16965 ], [ 8.5658841, 42.1702204 ], [ 8.5654312, 42.1706138 ], [ 8.5630145, 42.1703489 ], [ 8.5628687, 42.1714809 ], [ 8.5612368, 42.17147 ], [ 8.5621426, 42.1734594 ], [ 8.5654101, 42.1740679 ], [ 8.5657203, 42.1753082 ], [ 8.5645488, 42.1761314 ], [ 8.5674056, 42.1780717 ], [ 8.5681727, 42.1769317 ], [ 8.5703251, 42.1768346 ], [ 8.5703101, 42.176142 ], [ 8.5715086, 42.1775045 ], [ 8.5753508, 42.177832 ], [ 8.57681, 42.179015 ], [ 8.5779649, 42.1778548 ], [ 8.585424, 42.1789515 ], [ 8.5854962, 42.179559 ], [ 8.5844557, 42.1797167 ], [ 8.5857175, 42.1798032 ], [ 8.5868555, 42.1810089 ], [ 8.5862045, 42.1826193 ], [ 8.5827803, 42.1829916 ], [ 8.5814119, 42.1839113 ], [ 8.5818037, 42.1851078 ], [ 8.5798476, 42.1857022 ], [ 8.5789723, 42.1874959 ], [ 8.5794838, 42.1885244 ], [ 8.5781031, 42.1885195 ], [ 8.5777529, 42.1892881 ], [ 8.5784397, 42.1898041 ], [ 8.5805157, 42.1890417 ], [ 8.579989, 42.1903231 ], [ 8.5805006, 42.1913516 ], [ 8.5789449, 42.1916026 ], [ 8.5770217, 42.1954458 ], [ 8.5783989, 42.1959642 ], [ 8.5794386, 42.1953259 ], [ 8.581329, 42.1964883 ], [ 8.5808051, 42.197513 ], [ 8.5818355, 42.198287 ], [ 8.5811451, 42.1982844 ], [ 8.5807898, 42.1998232 ], [ 8.5825055, 42.2013696 ], [ 8.5813513, 42.2054075 ], [ 8.5821086, 42.2060317 ], [ 8.577823, 42.2076151 ], [ 8.5761552, 42.2068071 ], [ 8.5744963, 42.2076466 ], [ 8.5729346, 42.2054614 ], [ 8.571694, 42.2056186 ], [ 8.5717537, 42.2042775 ], [ 8.5711713, 42.205004 ], [ 8.5704829, 42.2045404 ], [ 8.5707183, 42.2055006 ], [ 8.5676403, 42.2044174 ], [ 8.5664212, 42.2054178 ], [ 8.5700199, 42.206297 ], [ 8.5693683, 42.2069349 ], [ 8.5702023, 42.2080949 ], [ 8.5697555, 42.2096725 ], [ 8.5712206, 42.2097932 ], [ 8.5685211, 42.2132152 ], [ 8.5702517, 42.2116587 ], [ 8.5709852, 42.2134482 ], [ 8.5752329, 42.212033 ], [ 8.5783287, 42.2142817 ], [ 8.5767781, 42.2161299 ], [ 8.5750881, 42.2161329 ], [ 8.5739014, 42.217667 ], [ 8.5731762, 42.217359 ], [ 8.5713617, 42.2186631 ], [ 8.5699435, 42.2179062 ], [ 8.5669213, 42.2194673 ], [ 8.5672569, 42.2201062 ], [ 8.569597, 42.2198906 ], [ 8.5699862, 42.2211561 ], [ 8.5692293, 42.2214025 ], [ 8.5701148, 42.2223777 ], [ 8.5729137, 42.2222512 ], [ 8.572798, 42.2238769 ], [ 8.5745364, 42.2250905 ], [ 8.5743309, 42.2278657 ], [ 8.5730662, 42.2292443 ], [ 8.571825, 42.2292214 ], [ 8.569924, 42.2309087 ], [ 8.5633466, 42.2302154 ], [ 8.5623894, 42.2320518 ], [ 8.5607462, 42.2324477 ], [ 8.5581397, 42.2303048 ], [ 8.5574692, 42.2282115 ], [ 8.5539072, 42.2267651 ], [ 8.5477428, 42.2288659 ], [ 8.5495473, 42.2315565 ], [ 8.5451256, 42.2320609 ], [ 8.5429685, 42.2339089 ], [ 8.5452072, 42.2361487 ], [ 8.5415992, 42.2344694 ], [ 8.5401294, 42.2360512 ], [ 8.5403198, 42.2371305 ] ] ], [ [ [ 8.9328459, 42.6452569 ], [ 8.9342961, 42.643998 ], [ 8.9354724, 42.6446961 ], [ 8.9368412, 42.6443153 ], [ 8.9373827, 42.6423359 ], [ 8.9398425, 42.6411961 ], [ 8.9378361, 42.6416923 ], [ 8.9361298, 42.6394793 ], [ 8.93668, 42.6409725 ], [ 8.9352943, 42.6404266 ], [ 8.935632, 42.6395231 ], [ 8.9347639, 42.6403428 ], [ 8.9318315, 42.6405555 ], [ 8.9366217, 42.6420042 ], [ 8.9361783, 42.6428299 ], [ 8.9312766, 42.6438832 ], [ 8.9301123, 42.6450566 ], [ 8.9328459, 42.6452569 ] ] ], [ [ [ 8.9299404, 42.6450752 ], [ 8.929634, 42.6448908 ], [ 8.929638, 42.6451972 ], [ 8.9299404, 42.6450752 ] ] ], [ [ [ 8.9323554, 42.6466569 ], [ 8.9332441, 42.6454093 ], [ 8.9313293, 42.6462055 ], [ 8.9323554, 42.6466569 ] ] ], [ [ [ 8.9338092, 42.6466905 ], [ 8.9346647, 42.6458985 ], [ 8.9335893, 42.6460626 ], [ 8.9338092, 42.6466905 ] ] ], [ [ [ 8.9337063, 42.6467298 ], [ 8.9336654, 42.6468179 ], [ 8.9337355, 42.6467745 ], [ 8.9337063, 42.6467298 ] ] ], [ [ [ 9.2616923, 41.3340183 ], [ 9.2620945, 41.333191 ], [ 9.2614722, 41.3338553 ], [ 9.2616923, 41.3340183 ] ] ], [ [ [ 9.2613614, 41.3342799 ], [ 9.2623496, 41.3344922 ], [ 9.2621903, 41.3340974 ], [ 9.2613614, 41.3342799 ] ] ], [ [ [ 9.2613057, 41.3373399 ], [ 9.2613493, 41.3372694 ], [ 9.2612687, 41.3372996 ], [ 9.2613057, 41.3373399 ] ] ], [ [ [ 9.2611832, 41.3372631 ], [ 9.2610523, 41.3374231 ], [ 9.2611672, 41.3374118 ], [ 9.2611832, 41.3372631 ] ] ], [ [ [ 9.2581139, 41.3486295 ], [ 9.2572834, 41.3486068 ], [ 9.25726, 41.3487281 ], [ 9.2577621, 41.3490698 ], [ 9.2581139, 41.3486295 ] ] ], [ [ [ 9.2610557, 41.3605197 ], [ 9.260107, 41.3601797 ], [ 9.2600224, 41.3606063 ], [ 9.2610557, 41.3605197 ] ] ], [ [ [ 9.2600394, 41.3606307 ], [ 9.2607875, 41.361805 ], [ 9.2618261, 41.3611796 ], [ 9.2600394, 41.3606307 ] ] ], [ [ [ 9.2688186, 41.3622868 ], [ 9.2681488, 41.3617299 ], [ 9.267106, 41.3620273 ], [ 9.2675286, 41.362508 ], [ 9.2688186, 41.3622868 ] ] ], [ [ [ 9.2509082, 41.3690451 ], [ 9.2517987, 41.3686415 ], [ 9.252883, 41.3699441 ], [ 9.2530898, 41.3691103 ], [ 9.2546376, 41.3710598 ], [ 9.2558406, 41.370765 ], [ 9.2555602, 41.3715524 ], [ 9.2575002, 41.3718147 ], [ 9.2575196, 41.3730913 ], [ 9.259344, 41.3743594 ], [ 9.2606461, 41.3730929 ], [ 9.2599216, 41.3720292 ], [ 9.261535, 41.3707842 ], [ 9.2639668, 41.3715591 ], [ 9.2635067, 41.3732921 ], [ 9.2640575, 41.3737568 ], [ 9.2681396, 41.3730777 ], [ 9.2688637, 41.3712992 ], [ 9.2655415, 41.3692234 ], [ 9.2677063, 41.3678852 ], [ 9.2720692, 41.3688445 ], [ 9.2730943, 41.369848 ], [ 9.2746773, 41.3689812 ], [ 9.2741271, 41.3691447 ], [ 9.2744472, 41.3677808 ], [ 9.2733409, 41.3674556 ], [ 9.2731628, 41.3656257 ], [ 9.2704358, 41.3652792 ], [ 9.268357, 41.3667644 ], [ 9.2673957, 41.3663929 ], [ 9.2678796, 41.3654878 ], [ 9.2659796, 41.3655954 ], [ 9.2666092, 41.3645955 ], [ 9.2683168, 41.3646469 ], [ 9.2669945, 41.3639415 ], [ 9.2677574, 41.362923 ], [ 9.2656696, 41.3625865 ], [ 9.2657536, 41.3614122 ], [ 9.2642592, 41.3608532 ], [ 9.2655071, 41.3615462 ], [ 9.26532, 41.3630207 ], [ 9.2633058, 41.363046 ], [ 9.2632644, 41.3622473 ], [ 9.2622085, 41.3620349 ], [ 9.2603036, 41.3625105 ], [ 9.2634311, 41.3637007 ], [ 9.2611035, 41.3645394 ], [ 9.2624473, 41.3651544 ], [ 9.2622868, 41.3660554 ], [ 9.260221, 41.366836 ], [ 9.2588858, 41.3659726 ], [ 9.2557836, 41.3664101 ], [ 9.2558788, 41.3679406 ], [ 9.2552019, 41.3683266 ], [ 9.2531562, 41.3669836 ], [ 9.2535691, 41.368171 ], [ 9.2505814, 41.3678875 ], [ 9.2509082, 41.3690451 ] ] ], [ [ [ 9.3055473, 41.368933 ], [ 9.3060033, 41.3694372 ], [ 9.3064472, 41.3688711 ], [ 9.3055473, 41.368933 ] ] ], [ [ [ 9.2726074, 41.3701016 ], [ 9.2732504, 41.3699979 ], [ 9.2727362, 41.369842 ], [ 9.2726074, 41.3701016 ] ] ], [ [ [ 9.3045804, 41.3700985 ], [ 9.3055104, 41.3707632 ], [ 9.3060174, 41.3700748 ], [ 9.3052248, 41.3695132 ], [ 9.3045804, 41.3700985 ] ] ], [ [ [ 9.2695066, 41.3725447 ], [ 9.2691637, 41.3720321 ], [ 9.2690635, 41.372383 ], [ 9.2695066, 41.3725447 ] ] ], [ [ [ 9.2627808, 41.3907931 ], [ 9.2631434, 41.3927028 ], [ 9.2636034, 41.3928195 ], [ 9.263951, 41.3920662 ], [ 9.2631537, 41.3916433 ], [ 9.2638005, 41.3909381 ], [ 9.2627808, 41.3907931 ] ] ], [ [ [ 9.2641756, 41.3931565 ], [ 9.2654523, 41.3934372 ], [ 9.2641951, 41.3927081 ], [ 9.2641756, 41.3931565 ] ] ], [ [ [ 9.2882884, 41.4841499 ], [ 9.2880419, 41.4842378 ], [ 9.2882685, 41.4843153 ], [ 9.2882884, 41.4841499 ] ] ], [ [ [ 9.3550349, 41.5392051 ], [ 9.3554349, 41.5389998 ], [ 9.3550925, 41.5388143 ], [ 9.3550349, 41.5392051 ] ] ], [ [ [ 9.3522062, 41.5412368 ], [ 9.3545358, 41.5415254 ], [ 9.3550181, 41.5394052 ], [ 9.3523541, 41.5397873 ], [ 9.3522062, 41.5412368 ] ] ], [ [ [ 9.3081779, 41.5421223 ], [ 9.3080445, 41.5421723 ], [ 9.308142, 41.5421761 ], [ 9.3081779, 41.5421223 ] ] ], [ [ [ 9.3090712, 41.5420416 ], [ 9.309256, 41.5423567 ], [ 9.3093587, 41.5421108 ], [ 9.3090712, 41.5420416 ] ] ], [ [ [ 9.308219, 41.5422645 ], [ 9.3085322, 41.5420186 ], [ 9.3082241, 41.541911 ], [ 9.308219, 41.5422645 ] ] ], [ [ [ 9.3085527, 41.5434364 ], [ 9.3088453, 41.5429292 ], [ 9.3087529, 41.5429292 ], [ 9.3085527, 41.5434364 ] ] ], [ [ [ 9.3581991, 41.549285 ], [ 9.3617996, 41.5537413 ], [ 9.3645364, 41.5527591 ], [ 9.3644858, 41.5512181 ], [ 9.3607992, 41.5482607 ], [ 9.3587797, 41.5485057 ], [ 9.3581991, 41.549285 ] ] ], [ [ [ 9.3655508, 41.5542291 ], [ 9.3657382, 41.5542879 ], [ 9.3655684, 41.5541136 ], [ 9.3655508, 41.5542291 ] ] ], [ [ [ 9.3654362, 41.5559513 ], [ 9.3662172, 41.5568904 ], [ 9.3674204, 41.5557885 ], [ 9.3658559, 41.5541997 ], [ 9.3654362, 41.5559513 ] ] ], [ [ [ 9.3657579, 41.5572363 ], [ 9.3659358, 41.5578642 ], [ 9.3666586, 41.5579942 ], [ 9.3657579, 41.5572363 ] ] ], [ [ [ 9.3568781, 41.5802893 ], [ 9.3556218, 41.58056 ], [ 9.3556063, 41.5807602 ], [ 9.3575556, 41.5813683 ], [ 9.3568781, 41.5802893 ] ] ], [ [ [ 9.3039482, 41.5940382 ], [ 9.3045309, 41.5941122 ], [ 9.3045637, 41.5938571 ], [ 9.3039482, 41.5940382 ] ] ], [ [ [ 9.3047647, 41.5944027 ], [ 9.3047589, 41.5942922 ], [ 9.3047099, 41.5943384 ], [ 9.3047647, 41.5944027 ] ] ], [ [ [ 9.3548954, 41.6277138 ], [ 9.3554988, 41.6278462 ], [ 9.3554524, 41.627537 ], [ 9.3548954, 41.6277138 ] ] ], [ [ [ 9.3689631, 41.6318813 ], [ 9.3691294, 41.6319649 ], [ 9.36913, 41.6318477 ], [ 9.3689631, 41.6318813 ] ] ], [ [ [ 9.3682948, 41.6318876 ], [ 9.3684546, 41.6325906 ], [ 9.3694735, 41.6322161 ], [ 9.3682948, 41.6318876 ] ] ], [ [ [ 9.3687384, 41.6329842 ], [ 9.3687133, 41.6329181 ], [ 9.3686947, 41.6329571 ], [ 9.3687384, 41.6329842 ] ] ], [ [ [ 9.3609789, 41.6336959 ], [ 9.3615773, 41.6346419 ], [ 9.3630975, 41.6340649 ], [ 9.3627293, 41.6324077 ], [ 9.3609789, 41.6336959 ] ] ], [ [ [ 9.2866735, 42.6757418 ], [ 9.2864623, 42.6758512 ], [ 9.2866798, 42.6758334 ], [ 9.2866735, 42.6757418 ] ] ], [ [ [ 9.3445915, 42.9628977 ], [ 9.3445799, 42.9626649 ], [ 9.3442792, 42.9626585 ], [ 9.3445915, 42.9628977 ] ] ], [ [ [ 9.3451033, 42.962485 ], [ 9.3456499, 42.9630204 ], [ 9.3457684, 42.9627982 ], [ 9.3451033, 42.962485 ] ] ], [ [ [ 9.3443871, 42.963385 ], [ 9.3445539, 42.9631075 ], [ 9.3442449, 42.9631692 ], [ 9.3443871, 42.963385 ] ] ], [ [ [ 9.3404092, 42.9651875 ], [ 9.3414604, 42.9655765 ], [ 9.3439227, 42.9635399 ], [ 9.3409372, 42.963268 ], [ 9.3404092, 42.9651875 ] ] ], [ [ [ 9.3475455, 42.9740793 ], [ 9.3473436, 42.9740459 ], [ 9.347556, 42.9741217 ], [ 9.3475455, 42.9740793 ] ] ], [ [ [ 9.3472874, 42.9740934 ], [ 9.3473542, 42.9741127 ], [ 9.347298, 42.9740652 ], [ 9.3472874, 42.9740934 ] ] ], [ [ [ 9.3470505, 42.9746331 ], [ 9.346968, 42.9746806 ], [ 9.347061, 42.9746588 ], [ 9.3470505, 42.9746331 ] ] ], [ [ [ 9.3422028, 42.978593 ], [ 9.3424626, 42.9785018 ], [ 9.3418973, 42.9786213 ], [ 9.3422028, 42.978593 ] ] ], [ [ [ 9.3814137, 41.5073186 ], [ 9.3813192, 41.5075424 ], [ 9.3813783, 41.507546 ], [ 9.3814137, 41.5073186 ] ] ], [ [ [ 9.3809492, 41.5075343 ], [ 9.3810426, 41.5076331 ], [ 9.380998, 41.5075196 ], [ 9.3809492, 41.5075343 ] ] ], [ [ [ 9.3799203, 41.5079176 ], [ 9.3807242, 41.5080488 ], [ 9.3804237, 41.5074509 ], [ 9.3799203, 41.5079176 ] ] ], [ [ [ 9.380999, 41.5080294 ], [ 9.3807887, 41.5079683 ], [ 9.3808271, 41.5081254 ], [ 9.380999, 41.5080294 ] ] ], [ [ [ 9.3791164, 41.5086313 ], [ 9.379453, 41.5083406 ], [ 9.3790393, 41.5082496 ], [ 9.3791164, 41.5086313 ] ] ], [ [ [ 9.3799037, 41.508642 ], [ 9.37961, 41.5083518 ], [ 9.379612, 41.5086822 ], [ 9.3799037, 41.508642 ] ] ], [ [ [ 9.3801229, 41.5085187 ], [ 9.3800173, 41.5085396 ], [ 9.3801282, 41.5086238 ], [ 9.3801229, 41.5085187 ] ] ], [ [ [ 9.3803156, 41.5089061 ], [ 9.3818336, 41.5100145 ], [ 9.3826224, 41.5093935 ], [ 9.381262, 41.5087133 ], [ 9.3803156, 41.5089061 ] ] ], [ [ [ 9.3829657, 41.5094537 ], [ 9.383634, 41.5094391 ], [ 9.3834566, 41.5089716 ], [ 9.3829657, 41.5094537 ] ] ], [ [ [ 9.3799147, 41.5096232 ], [ 9.3800289, 41.5094487 ], [ 9.3799314, 41.5093889 ], [ 9.3799147, 41.5096232 ] ] ], [ [ [ 9.3874834, 41.5557461 ], [ 9.387334, 41.5556904 ], [ 9.3874447, 41.5558036 ], [ 9.3874834, 41.5557461 ] ] ], [ [ [ 9.3869787, 41.5559103 ], [ 9.3873464, 41.5568284 ], [ 9.3878133, 41.5562865 ], [ 9.3869787, 41.5559103 ] ] ], [ [ [ 9.3862076, 41.5569455 ], [ 9.3861348, 41.5567707 ], [ 9.3859858, 41.5568347 ], [ 9.3862076, 41.5569455 ] ] ], [ [ [ 9.3708088, 41.5600909 ], [ 9.3708258, 41.5629781 ], [ 9.3725049, 41.5641013 ], [ 9.3724701, 41.5650809 ], [ 9.3736154, 41.5653573 ], [ 9.3740179, 41.5649175 ], [ 9.3725147, 41.5631899 ], [ 9.3745753, 41.5619404 ], [ 9.3739183, 41.5601623 ], [ 9.3750752, 41.5593884 ], [ 9.3743052, 41.5585983 ], [ 9.3726148, 41.5586055 ], [ 9.3708088, 41.5600909 ] ] ], [ [ [ 9.3694902, 41.6319926 ], [ 9.3693021, 41.6319959 ], [ 9.3694959, 41.6320895 ], [ 9.3694902, 41.6319926 ] ] ], [ [ [ 9.3702071, 41.6322816 ], [ 9.3699237, 41.6321924 ], [ 9.3697584, 41.6322295 ], [ 9.3702071, 41.6322816 ] ] ], [ [ [ 9.3691986, 41.6326076 ], [ 9.3692971, 41.632607 ], [ 9.3692977, 41.6325575 ], [ 9.3691986, 41.6326076 ] ] ], [ [ [ 9.3692665, 41.632881 ], [ 9.3692631, 41.6327821 ], [ 9.3691761, 41.6328108 ], [ 9.3692665, 41.632881 ] ] ], [ [ [ 9.3908841, 41.6682327 ], [ 9.3912719, 41.6679848 ], [ 9.3912006, 41.6679252 ], [ 9.3908841, 41.6682327 ] ] ], [ [ [ 9.3891365, 41.6706403 ], [ 9.3898722, 41.6702315 ], [ 9.3941122, 41.6726884 ], [ 9.3955481, 41.6719316 ], [ 9.3964256, 41.6701238 ], [ 9.3952959, 41.668769 ], [ 9.394269, 41.6698514 ], [ 9.3932117, 41.669131 ], [ 9.3929998, 41.669616 ], [ 9.3916433, 41.6680082 ], [ 9.3914097, 41.6685143 ], [ 9.3895495, 41.6684698 ], [ 9.3891365, 41.6706403 ] ] ], [ [ [ 9.3939996, 41.6727692 ], [ 9.3946231, 41.6731448 ], [ 9.3950658, 41.6726719 ], [ 9.3939996, 41.6727692 ] ] ], [ [ [ 9.4013084, 41.6833234 ], [ 9.4015027, 41.6831539 ], [ 9.4014285, 41.6831125 ], [ 9.4013084, 41.6833234 ] ] ], [ [ [ 9.4015464, 41.6835459 ], [ 9.4021197, 41.683401 ], [ 9.4018834, 41.683028 ], [ 9.4015464, 41.6835459 ] ] ], [ [ [ 9.4022211, 41.6835715 ], [ 9.4024918, 41.6833514 ], [ 9.402375, 41.6832945 ], [ 9.4022211, 41.6835715 ] ] ], [ [ [ 9.4015078, 41.6836555 ], [ 9.401407, 41.6836571 ], [ 9.4014894, 41.6836737 ], [ 9.4015078, 41.6836555 ] ] ], [ [ [ 9.4072028, 41.7134831 ], [ 9.4071786, 41.7141685 ], [ 9.4078153, 41.7138747 ], [ 9.4072028, 41.7134831 ] ] ], [ [ [ 9.4713183, 42.9845744 ], [ 9.4717649, 42.983349 ], [ 9.470148, 42.9836907 ], [ 9.4705547, 42.9845173 ], [ 9.4713183, 42.9845744 ] ] ], [ [ [ 9.4684176, 42.9847212 ], [ 9.469051, 42.9848293 ], [ 9.4698927, 42.9841262 ], [ 9.4685798, 42.983722 ], [ 9.4684176, 42.9847212 ] ] ], [ [ [ 9.4661268, 42.98467 ], [ 9.466698, 42.9849398 ], [ 9.4666782, 42.9845904 ], [ 9.4661268, 42.98467 ] ] ], [ [ [ 9.4662616, 42.9851041 ], [ 9.4662803, 42.9864064 ], [ 9.4666834, 42.9864999 ], [ 9.4662616, 42.9851041 ] ] ], [ [ [ 9.4013982, 43.0085624 ], [ 9.4012133, 43.0086159 ], [ 9.4012337, 43.0086633 ], [ 9.4013982, 43.0085624 ] ] ], [ [ [ 9.4014162, 43.0086571 ], [ 9.4014174, 43.0087089 ], [ 9.4014546, 43.0086835 ], [ 9.4014162, 43.0086571 ] ] ], [ [ [ 9.4272284, 43.0101762 ], [ 9.4272462, 43.0102174 ], [ 9.4272798, 43.0101913 ], [ 9.4272284, 43.0101762 ] ] ], [ [ [ 9.4271315, 43.0103048 ], [ 9.4270564, 43.0102441 ], [ 9.4270326, 43.0103157 ], [ 9.4271315, 43.0103048 ] ] ], [ [ [ 9.4273725, 43.0103188 ], [ 9.4274288, 43.0103138 ], [ 9.4273715, 43.0102747 ], [ 9.4273725, 43.0103188 ] ] ], [ [ [ 9.4275416, 43.0102966 ], [ 9.4275169, 43.0103428 ], [ 9.4276009, 43.0103204 ], [ 9.4275416, 43.0102966 ] ] ], [ [ [ 9.4276443, 43.0104328 ], [ 9.4276601, 43.0104841 ], [ 9.4276967, 43.0104928 ], [ 9.4276443, 43.0104328 ] ] ], [ [ [ 9.4277679, 43.0104945 ], [ 9.427849, 43.0105509 ], [ 9.4278638, 43.010522 ], [ 9.4277679, 43.0104945 ] ] ], [ [ [ 9.428017, 43.0106723 ], [ 9.427931, 43.0105841 ], [ 9.4279073, 43.0106528 ], [ 9.428017, 43.0106723 ] ] ], [ [ [ 9.4041096, 43.0262125 ], [ 9.4043559, 43.0272755 ], [ 9.4064339, 43.0277032 ], [ 9.4070254, 43.0260658 ], [ 9.4081135, 43.0255324 ], [ 9.4088335, 43.022298 ], [ 9.406843, 43.0230403 ], [ 9.4065768, 43.0242453 ], [ 9.4041096, 43.0262125 ] ] ] ] } }
]
}
