{
"type": "FeatureCollection",
"name": "crete",
"crs": { "type": "name", "properties": { "name": "urn:ogc:def:crs:OGC:1.3:CRS84" } },
"features": [
{ "type": "Feature", "properties": { }, "geometry": { "type": "MultiPolygon", "coordinates": [ [ [ [ 23.514671, 35.306066 ], [ 23.5169514, 35.3072249 ], [ 23.5162777, 35.3061027 ], [ 23.5188757, 35.3052185 ], [ 23.5194857, 35.3031394 ], [ 23.5206873, 35.3023502 ], [ 23.5214225, 35.3030278 ], [ 23.5206236, 35.3039079 ], [ 23.5213546, 35.3039181 ], [ 23.5211945, 35.307993 ], [ 23.5221097, 35.3105785 ], [ 23.5247856, 35.3103903 ], [ 23.5247473, 35.3092397 ], [ 23.5256448, 35.3099131 ], [ 23.5245399, 35.3106258 ], [ 23.5250834, 35.3107497 ], [ 23.524253, 35.3120721 ], [ 23.5251278, 35.3128254 ], [ 23.5247079, 35.3135267 ], [ 23.5327488, 35.3112682 ], [ 23.5314954, 35.3127211 ], [ 23.5337813, 35.315302 ], [ 23.5333373, 35.3148916 ], [ 23.5316349, 35.3159237 ], [ 23.5317149, 35.317482 ], [ 23.5299457, 35.3182664 ], [ 23.5313115, 35.319141 ], [ 23.5319009, 35.3182778 ], [ 23.5329554, 35.3189655 ], [ 23.5332443, 35.317468 ], [ 23.5348616, 35.3160343 ], [ 23.5362539, 35.3157148 ], [ 23.5362746, 35.3165226 ], [ 23.5377567, 35.3159619 ], [ 23.539447, 35.3190173 ], [ 23.5428925, 35.3174272 ], [ 23.5450536, 35.3181089 ], [ 23.5458643, 35.31928 ], [ 23.5468457, 35.318712 ], [ 23.5463935, 35.3195353 ], [ 23.5474643, 35.3206874 ], [ 23.5470104, 35.3215693 ], [ 23.5483905, 35.3225485 ], [ 23.5484459, 35.3282137 ], [ 23.5470608, 35.3302912 ], [ 23.5424389, 35.3295166 ], [ 23.5398395, 35.3307546 ], [ 23.5398319, 35.3297229 ], [ 23.5389648, 35.3299253 ], [ 23.5361103, 35.3320782 ], [ 23.5358504, 35.3354974 ], [ 23.5336972, 35.3362487 ], [ 23.5329977, 35.3375412 ], [ 23.5283755, 35.3391061 ], [ 23.5318098, 35.3395748 ], [ 23.5323611, 35.3407722 ], [ 23.5359892, 35.3434287 ], [ 23.536224, 35.3452556 ], [ 23.5375096, 35.3462296 ], [ 23.5377398, 35.3498606 ], [ 23.536033, 35.3511494 ], [ 23.5364119, 35.3521894 ], [ 23.5320187, 35.3543028 ], [ 23.5326624, 35.3554563 ], [ 23.5314787, 35.3569748 ], [ 23.5316386, 35.3591719 ], [ 23.5295359, 35.3615412 ], [ 23.5309808, 35.3619426 ], [ 23.5304572, 35.3632725 ], [ 23.5331121, 35.3644931 ], [ 23.5329096, 35.3659582 ], [ 23.53165, 35.3670901 ], [ 23.5319463, 35.3683516 ], [ 23.5345553, 35.3697543 ], [ 23.5349137, 35.3725448 ], [ 23.5376576, 35.3752368 ], [ 23.5378314, 35.3774796 ], [ 23.5369988, 35.3783329 ], [ 23.5323124, 35.3788858 ], [ 23.5306088, 35.3815432 ], [ 23.5329449, 35.3836124 ], [ 23.5344236, 35.3836412 ], [ 23.5339135, 35.3843088 ], [ 23.5351207, 35.3838906 ], [ 23.5357639, 35.3846175 ], [ 23.536037, 35.3837283 ], [ 23.5371325, 35.3839735 ], [ 23.5378266, 35.38306 ], [ 23.5390561, 35.3838538 ], [ 23.5395176, 35.3854531 ], [ 23.5407396, 35.3848686 ], [ 23.541069, 35.386065 ], [ 23.5434871, 35.3872278 ], [ 23.542764, 35.3884207 ], [ 23.5439301, 35.389541 ], [ 23.5429623, 35.3900071 ], [ 23.5442127, 35.3920376 ], [ 23.5504796, 35.3948535 ], [ 23.551037, 35.3969687 ], [ 23.5499029, 35.3991651 ], [ 23.5428983, 35.4044553 ], [ 23.5429707, 35.4057282 ], [ 23.5440074, 35.4063672 ], [ 23.5441244, 35.4085799 ], [ 23.5458973, 35.409763 ], [ 23.5458705, 35.4116544 ], [ 23.5499721, 35.4121646 ], [ 23.5512354, 35.4111196 ], [ 23.55414, 35.4126941 ], [ 23.5545555, 35.4141583 ], [ 23.553472, 35.4146776 ], [ 23.5527794, 35.4163574 ], [ 23.5511015, 35.416927 ], [ 23.5518615, 35.4177094 ], [ 23.5607409, 35.4156625 ], [ 23.5633015, 35.4183439 ], [ 23.5648624, 35.4224185 ], [ 23.5668222, 35.4227373 ], [ 23.5679422, 35.4246142 ], [ 23.5664011, 35.4317032 ], [ 23.5687782, 35.4336765 ], [ 23.5685088, 35.4347468 ], [ 23.5666886, 35.4356073 ], [ 23.568543, 35.4366903 ], [ 23.5682266, 35.435904 ], [ 23.5688144, 35.4357986 ], [ 23.5692104, 35.4373127 ], [ 23.5676507, 35.4384588 ], [ 23.5663482, 35.4383539 ], [ 23.5673916, 35.4388079 ], [ 23.566383, 35.4392302 ], [ 23.5703883, 35.4414817 ], [ 23.5700718, 35.444858 ], [ 23.5682138, 35.4479094 ], [ 23.5601761, 35.4469766 ], [ 23.5569563, 35.4494213 ], [ 23.5575049, 35.4507893 ], [ 23.556415, 35.4509588 ], [ 23.555321, 35.4524116 ], [ 23.5564819, 35.4539144 ], [ 23.5565279, 35.4563304 ], [ 23.5545598, 35.4575527 ], [ 23.5536666, 35.4573231 ], [ 23.5543465, 35.4591557 ], [ 23.553852, 35.464784 ], [ 23.554901, 35.4651619 ], [ 23.554261, 35.4664276 ], [ 23.5552389, 35.4684381 ], [ 23.5568029, 35.4686521 ], [ 23.5559335, 35.4699214 ], [ 23.5633151, 35.4694653 ], [ 23.5641694, 35.4706809 ], [ 23.563132, 35.4741118 ], [ 23.5647897, 35.4771499 ], [ 23.5675147, 35.4782757 ], [ 23.5673368, 35.477437 ], [ 23.5683449, 35.4774963 ], [ 23.5677534, 35.4780855 ], [ 23.5694402, 35.4787343 ], [ 23.5692788, 35.480687 ], [ 23.5712498, 35.4797021 ], [ 23.5734034, 35.4803532 ], [ 23.5790343, 35.4857125 ], [ 23.5779091, 35.4886324 ], [ 23.5790905, 35.4898697 ], [ 23.5797194, 35.4965725 ], [ 23.5794288, 35.4977384 ], [ 23.57823, 35.4980363 ], [ 23.5785739, 35.4997406 ], [ 23.576764, 35.504077 ], [ 23.572535, 35.5072743 ], [ 23.5692728, 35.5082344 ], [ 23.5686595, 35.5094377 ], [ 23.5658748, 35.5085391 ], [ 23.5646088, 35.5103988 ], [ 23.56581, 35.5122842 ], [ 23.5676986, 35.5127204 ], [ 23.5677321, 35.5144022 ], [ 23.5715021, 35.5144158 ], [ 23.5729437, 35.5154984 ], [ 23.5724328, 35.5168858 ], [ 23.5709683, 35.5173093 ], [ 23.5726883, 35.5178648 ], [ 23.5714815, 35.5186348 ], [ 23.5717864, 35.5200732 ], [ 23.5685559, 35.5217418 ], [ 23.5670995, 35.5252872 ], [ 23.5693471, 35.5298695 ], [ 23.5696029, 35.5360465 ], [ 23.5717977, 35.5395628 ], [ 23.5760606, 35.5424227 ], [ 23.5747539, 35.5443015 ], [ 23.5756107, 35.5443476 ], [ 23.5757706, 35.5451811 ], [ 23.5741005, 35.5490828 ], [ 23.5793364, 35.5545798 ], [ 23.5806104, 35.5568119 ], [ 23.5801953, 35.5588824 ], [ 23.5813282, 35.5610551 ], [ 23.582442, 35.5606585 ], [ 23.5863721, 35.5634616 ], [ 23.5855181, 35.5648389 ], [ 23.5856996, 35.5673158 ], [ 23.5821911, 35.5695672 ], [ 23.5826702, 35.5717736 ], [ 23.5809641, 35.5737863 ], [ 23.5826784, 35.573728 ], [ 23.5825626, 35.5745296 ], [ 23.5811503, 35.5766851 ], [ 23.5818024, 35.5769428 ], [ 23.5832176, 35.5756535 ], [ 23.5848092, 35.5763486 ], [ 23.5865548, 35.5786007 ], [ 23.5867734, 35.5802106 ], [ 23.5882368, 35.5793203 ], [ 23.5892336, 35.5795708 ], [ 23.5911988, 35.5819337 ], [ 23.5913063, 35.5834725 ], [ 23.5898298, 35.5841087 ], [ 23.5912621, 35.5843999 ], [ 23.5929754, 35.5882631 ], [ 23.5925309, 35.5901389 ], [ 23.5915448, 35.5908336 ], [ 23.5932176, 35.5942341 ], [ 23.5937026, 35.6003165 ], [ 23.5968786, 35.6043782 ], [ 23.5998222, 35.6110522 ], [ 23.5997082, 35.6148522 ], [ 23.595713, 35.6227262 ], [ 23.594618, 35.6266648 ], [ 23.596288, 35.6269987 ], [ 23.595823, 35.6284742 ], [ 23.5993011, 35.6265858 ], [ 23.6003427, 35.6251124 ], [ 23.600875, 35.6220573 ], [ 23.6020514, 35.6203292 ], [ 23.6016866, 35.6178149 ], [ 23.6069915, 35.6129826 ], [ 23.6078031, 35.6100909 ], [ 23.6066884, 35.6063207 ], [ 23.6070998, 35.6050945 ], [ 23.6088147, 35.6044407 ], [ 23.6102976, 35.6024924 ], [ 23.6091917, 35.6009121 ], [ 23.6090737, 35.5983051 ], [ 23.6068906, 35.5963315 ], [ 23.6066572, 35.5949042 ], [ 23.601505, 35.5918385 ], [ 23.6029175, 35.5906218 ], [ 23.6037237, 35.5878258 ], [ 23.6033241, 35.583954 ], [ 23.6068027, 35.5775923 ], [ 23.6066193, 35.5755806 ], [ 23.6055023, 35.5742534 ], [ 23.6057279, 35.5714259 ], [ 23.6042446, 35.5693765 ], [ 23.6070307, 35.5687718 ], [ 23.610363, 35.5666912 ], [ 23.6104618, 35.5656851 ], [ 23.6115855, 35.5655831 ], [ 23.6124789, 35.5643654 ], [ 23.6128066, 35.5621714 ], [ 23.6119717, 35.5587692 ], [ 23.6127932, 35.5574129 ], [ 23.6113773, 35.5548149 ], [ 23.6106044, 35.550057 ], [ 23.6126081, 35.5469645 ], [ 23.6129077, 35.5443722 ], [ 23.6116144, 35.5409473 ], [ 23.6131939, 35.5362584 ], [ 23.6114781, 35.5305552 ], [ 23.611718, 35.5276337 ], [ 23.610931, 35.5272222 ], [ 23.6108178, 35.5256302 ], [ 23.6117598, 35.524434 ], [ 23.6114301, 35.5207477 ], [ 23.6150106, 35.5185192 ], [ 23.6219275, 35.5158409 ], [ 23.6246727, 35.5159283 ], [ 23.6258845, 35.5147747 ], [ 23.6281462, 35.5150615 ], [ 23.6287007, 35.513119 ], [ 23.6304845, 35.5135937 ], [ 23.6309476, 35.514653 ], [ 23.6322936, 35.5148053 ], [ 23.632983, 35.5137241 ], [ 23.6344698, 35.5142008 ], [ 23.6347957, 35.5176532 ], [ 23.635933, 35.5176118 ], [ 23.6362367, 35.5190043 ], [ 23.6384695, 35.519168 ], [ 23.6383142, 35.5178728 ], [ 23.6406282, 35.5154288 ], [ 23.6375234, 35.5176759 ], [ 23.6354898, 35.5154508 ], [ 23.6371139, 35.5141539 ], [ 23.6386135, 35.5144934 ], [ 23.6375043, 35.5114477 ], [ 23.6389798, 35.5082488 ], [ 23.6385981, 35.5077521 ], [ 23.6395419, 35.5074975 ], [ 23.6392263, 35.5060358 ], [ 23.6400702, 35.5064945 ], [ 23.6415718, 35.5050495 ], [ 23.6403881, 35.5057489 ], [ 23.6395811, 35.5055516 ], [ 23.6437453, 35.5040649 ], [ 23.6438033, 35.5016981 ], [ 23.6460505, 35.5013436 ], [ 23.6461743, 35.5001545 ], [ 23.6504106, 35.5005498 ], [ 23.650475, 35.4999034 ], [ 23.6552491, 35.4982161 ], [ 23.6707716, 35.4986073 ], [ 23.6878976, 35.5002771 ], [ 23.7072374, 35.503893 ], [ 23.7179853, 35.5072064 ], [ 23.7187065, 35.5088319 ], [ 23.7217371, 35.5114442 ], [ 23.7234795, 35.5171445 ], [ 23.7222119, 35.5197902 ], [ 23.7235164, 35.5210155 ], [ 23.7231307, 35.5251794 ], [ 23.7248293, 35.5286174 ], [ 23.7244767, 35.5301416 ], [ 23.7230945, 35.5312231 ], [ 23.7234852, 35.53212 ], [ 23.722437, 35.5343852 ], [ 23.7243417, 35.5349263 ], [ 23.7264129, 35.5375459 ], [ 23.7277835, 35.5412047 ], [ 23.7272669, 35.5428503 ], [ 23.7284568, 35.545179 ], [ 23.7278254, 35.5459009 ], [ 23.7286199, 35.5452235 ], [ 23.7292083, 35.5467272 ], [ 23.7256029, 35.551317 ], [ 23.7257542, 35.5527441 ], [ 23.7241803, 35.5558144 ], [ 23.7256981, 35.5621007 ], [ 23.7239839, 35.5641095 ], [ 23.72449, 35.5651236 ], [ 23.7233713, 35.5673366 ], [ 23.7242927, 35.572125 ], [ 23.7234884, 35.5730893 ], [ 23.7202723, 35.5738589 ], [ 23.7196636, 35.5756062 ], [ 23.7203639, 35.5765404 ], [ 23.7199971, 35.5794403 ], [ 23.7176002, 35.5816205 ], [ 23.7158427, 35.5821029 ], [ 23.7134242, 35.5849831 ], [ 23.7131409, 35.5875072 ], [ 23.714338, 35.5886095 ], [ 23.7137633, 35.5913515 ], [ 23.7114719, 35.593704 ], [ 23.7109447, 35.5955279 ], [ 23.7084502, 35.5962843 ], [ 23.7084717, 35.5980047 ], [ 23.710901, 35.5988511 ], [ 23.7118575, 35.6001145 ], [ 23.7085389, 35.6062908 ], [ 23.7086096, 35.6083175 ], [ 23.7100573, 35.6103703 ], [ 23.7137793, 35.612817 ], [ 23.7163181, 35.6186473 ], [ 23.7150524, 35.6207813 ], [ 23.7092501, 35.6263412 ], [ 23.7089805, 35.6273144 ], [ 23.7103507, 35.6287962 ], [ 23.7107189, 35.6318259 ], [ 23.7095692, 35.6349134 ], [ 23.7062297, 35.6384561 ], [ 23.7059664, 35.6402228 ], [ 23.7070752, 35.6425374 ], [ 23.7068326, 35.644364 ], [ 23.7082477, 35.64744 ], [ 23.7079204, 35.6481667 ], [ 23.708637, 35.6485207 ], [ 23.7081056, 35.650807 ], [ 23.7097977, 35.6530737 ], [ 23.7090468, 35.658907 ], [ 23.7127623, 35.6627289 ], [ 23.7133928, 35.6646591 ], [ 23.7152591, 35.6649385 ], [ 23.7161935, 35.6660035 ], [ 23.7162851, 35.6652997 ], [ 23.7173817, 35.6654734 ], [ 23.7179866, 35.6700969 ], [ 23.7201281, 35.6749164 ], [ 23.7232424, 35.675282 ], [ 23.7239534, 35.6761967 ], [ 23.7242233, 35.6753797 ], [ 23.725793, 35.6748555 ], [ 23.7262245, 35.6791369 ], [ 23.7273428, 35.6793042 ], [ 23.7296611, 35.6836891 ], [ 23.7323876, 35.6863375 ], [ 23.7328252, 35.6849043 ], [ 23.7347195, 35.6859563 ], [ 23.7331159, 35.6887294 ], [ 23.7364796, 35.693099 ], [ 23.7374331, 35.6957793 ], [ 23.7385172, 35.6932438 ], [ 23.743972, 35.6883241 ], [ 23.7449933, 35.6887859 ], [ 23.7484845, 35.6871285 ], [ 23.7483665, 35.6865821 ], [ 23.7514543, 35.6855565 ], [ 23.753747, 35.683072 ], [ 23.7550988, 35.6832864 ], [ 23.761166, 35.6799094 ], [ 23.7638337, 35.6759601 ], [ 23.7734046, 35.6687931 ], [ 23.7708299, 35.6648804 ], [ 23.767925, 35.6650149 ], [ 23.7690779, 35.6636868 ], [ 23.7678663, 35.6624096 ], [ 23.7680065, 35.6614513 ], [ 23.7629158, 35.6562956 ], [ 23.7634088, 35.6530659 ], [ 23.7614489, 35.6527873 ], [ 23.7632924, 35.6519163 ], [ 23.762142, 35.6505159 ], [ 23.7623874, 35.6458185 ], [ 23.7635485, 35.6450227 ], [ 23.7655993, 35.645112 ], [ 23.7649114, 35.6425674 ], [ 23.7654017, 35.641985 ], [ 23.7641303, 35.6410141 ], [ 23.7722273, 35.6354424 ], [ 23.7704599, 35.6345758 ], [ 23.7667562, 35.6344749 ], [ 23.7667133, 35.6334007 ], [ 23.7677851, 35.6320115 ], [ 23.7706901, 35.6321307 ], [ 23.7677749, 35.6315594 ], [ 23.7707677, 35.6304454 ], [ 23.7707398, 35.6288439 ], [ 23.7717499, 35.6279435 ], [ 23.7709576, 35.6254236 ], [ 23.772472, 35.6240361 ], [ 23.7726839, 35.6215532 ], [ 23.7718878, 35.6206737 ], [ 23.772248, 35.6199854 ], [ 23.7706802, 35.6201009 ], [ 23.7724631, 35.6185145 ], [ 23.7718167, 35.6182086 ], [ 23.7730661, 35.6166262 ], [ 23.7733609, 35.6138314 ], [ 23.7717558, 35.6132842 ], [ 23.7730948, 35.6126056 ], [ 23.7736832, 35.6106681 ], [ 23.7748607, 35.6099062 ], [ 23.773923, 35.6087136 ], [ 23.7750724, 35.6083427 ], [ 23.7754924, 35.6058063 ], [ 23.7746134, 35.6056266 ], [ 23.7756076, 35.6048636 ], [ 23.7752607, 35.603132 ], [ 23.7766216, 35.6020248 ], [ 23.7750018, 35.6006729 ], [ 23.776955, 35.6008057 ], [ 23.7775757, 35.5996779 ], [ 23.7768775, 35.5971609 ], [ 23.7749519, 35.5954038 ], [ 23.7780725, 35.5947146 ], [ 23.7767854, 35.5881869 ], [ 23.7786907, 35.5848895 ], [ 23.7769957, 35.5832537 ], [ 23.7780617, 35.5782557 ], [ 23.7774357, 35.575236 ], [ 23.7780531, 35.5746775 ], [ 23.7766193, 35.5708588 ], [ 23.7769463, 35.5664596 ], [ 23.7788569, 35.5660471 ], [ 23.7780254, 35.5624708 ], [ 23.7787879, 35.5552058 ], [ 23.7778645, 35.5530918 ], [ 23.7779169, 35.5502852 ], [ 23.7785098, 35.5500758 ], [ 23.778037, 35.5486881 ], [ 23.7785245, 35.5481263 ], [ 23.7817847, 35.5482416 ], [ 23.7823507, 35.5479916 ], [ 23.7786644, 35.5478916 ], [ 23.7787484, 35.546454 ], [ 23.7799844, 35.5465378 ], [ 23.7793799, 35.5463063 ], [ 23.779936, 35.5451638 ], [ 23.7807278, 35.5475746 ], [ 23.7800361, 35.5449658 ], [ 23.7842121, 35.5423054 ], [ 23.8057081, 35.5363399 ], [ 23.815862, 35.5343854 ], [ 23.8216168, 35.5365658 ], [ 23.8271389, 35.5351153 ], [ 23.83205, 35.5350834 ], [ 23.8373431, 35.5314924 ], [ 23.8389213, 35.5286141 ], [ 23.8416969, 35.5271429 ], [ 23.8665404, 35.5231401 ], [ 23.8737825, 35.5223543 ], [ 23.8769603, 35.5229967 ], [ 23.8792908, 35.522041 ], [ 23.9040246, 35.5194701 ], [ 23.9103517, 35.5193321 ], [ 23.9113962, 35.5204576 ], [ 23.912104, 35.520706 ], [ 23.9127768, 35.5206255 ], [ 23.9113457, 35.5197221 ], [ 23.9123388, 35.519322 ], [ 23.9125519, 35.5204119 ], [ 23.9129302, 35.5190768 ], [ 23.9205084, 35.5192852 ], [ 23.9268252, 35.5205121 ], [ 23.9301299, 35.5223068 ], [ 23.938507, 35.5170814 ], [ 23.9476336, 35.5137716 ], [ 23.9545367, 35.5127781 ], [ 23.9569788, 35.5140591 ], [ 23.9617139, 35.5128349 ], [ 23.9645214, 35.5136161 ], [ 23.9636478, 35.5129088 ], [ 23.965677, 35.5120634 ], [ 23.9681963, 35.5141968 ], [ 23.9705343, 35.5122886 ], [ 23.9730528, 35.5116317 ], [ 23.9765425, 35.512589 ], [ 23.9773351, 35.5142599 ], [ 23.9759577, 35.5147636 ], [ 23.9772776, 35.5163222 ], [ 23.9782579, 35.5158059 ], [ 23.9776452, 35.5146208 ], [ 23.9791478, 35.514048 ], [ 23.980534, 35.5165014 ], [ 23.9829774, 35.5169784 ], [ 23.9825238, 35.5145471 ], [ 23.9837378, 35.514205 ], [ 23.9849699, 35.516819 ], [ 23.9887836, 35.5184977 ], [ 23.9910972, 35.5160434 ], [ 23.9886567, 35.5146759 ], [ 23.9890218, 35.5134694 ], [ 23.9930214, 35.5111884 ], [ 24.0053875, 35.5133997 ], [ 24.008465, 35.5154444 ], [ 24.0087236, 35.5164148 ], [ 24.0075025, 35.5156703 ], [ 24.007682, 35.5164179 ], [ 24.0103508, 35.5186281 ], [ 24.011579, 35.5188342 ], [ 24.0104422, 35.5185419 ], [ 24.0105245, 35.5173751 ], [ 24.0140323, 35.519348 ], [ 24.0153194, 35.519278 ], [ 24.0163798, 35.5169889 ], [ 24.0175814, 35.5166492 ], [ 24.018679, 35.5190525 ], [ 24.0220639, 35.5184572 ], [ 24.0231768, 35.5193286 ], [ 24.022138, 35.5198636 ], [ 24.0165576, 35.5195286 ], [ 24.0184032, 35.5202395 ], [ 24.0238464, 35.5198479 ], [ 24.0241783, 35.5177836 ], [ 24.0265501, 35.5160798 ], [ 24.0297592, 35.5162136 ], [ 24.0306557, 35.5169775 ], [ 24.031824, 35.5165719 ], [ 24.0348795, 35.5177551 ], [ 24.0367993, 35.5202227 ], [ 24.0386078, 35.5201238 ], [ 24.0386374, 35.5209569 ], [ 24.039878, 35.521655 ], [ 24.0440392, 35.5215186 ], [ 24.043905, 35.5222333 ], [ 24.0444963, 35.5219953 ], [ 24.0460176, 35.5234766 ], [ 24.0473977, 35.5231828 ], [ 24.0479531, 35.5239977 ], [ 24.0479843, 35.5274131 ], [ 24.0493768, 35.5294445 ], [ 24.0470487, 35.5346043 ], [ 24.0477069, 35.5357919 ], [ 24.0491633, 35.5358862 ], [ 24.0500901, 35.5372615 ], [ 24.0510602, 35.5370875 ], [ 24.0505666, 35.5386436 ], [ 24.0537445, 35.5398168 ], [ 24.0529953, 35.5401713 ], [ 24.053532, 35.5422792 ], [ 24.0520175, 35.545963 ], [ 24.0520531, 35.5474144 ], [ 24.0528871, 35.5475697 ], [ 24.0519544, 35.5490879 ], [ 24.0519929, 35.5522233 ], [ 24.0582923, 35.5505885 ], [ 24.0626044, 35.5487879 ], [ 24.062376, 35.5483179 ], [ 24.062642, 35.548055 ], [ 24.0631583, 35.5490626 ], [ 24.0578513, 35.5539734 ], [ 24.0573259, 35.5554389 ], [ 24.0583127, 35.5556089 ], [ 24.0646942, 35.5507023 ], [ 24.0652303, 35.5480711 ], [ 24.0663037, 35.5474307 ], [ 24.0680466, 35.5483293 ], [ 24.0688267, 35.5478435 ], [ 24.0686467, 35.5496843 ], [ 24.0701667, 35.5504766 ], [ 24.0706792, 35.5516952 ], [ 24.0718015, 35.5514918 ], [ 24.0720436, 35.5506093 ], [ 24.0726634, 35.5515156 ], [ 24.0760749, 35.5523307 ], [ 24.079154, 35.5518519 ], [ 24.0797933, 35.5509395 ], [ 24.0799142, 35.5530061 ], [ 24.0808858, 35.5526653 ], [ 24.0818308, 35.554033 ], [ 24.0839363, 35.5525406 ], [ 24.0864792, 35.5535553 ], [ 24.0877068, 35.5564742 ], [ 24.0863188, 35.5568264 ], [ 24.085603, 35.5583154 ], [ 24.0865455, 35.5601217 ], [ 24.0854736, 35.5620146 ], [ 24.0846887, 35.5620777 ], [ 24.0852929, 35.5626335 ], [ 24.0811465, 35.5655309 ], [ 24.0826396, 35.56764 ], [ 24.0817476, 35.567798 ], [ 24.080635, 35.5666621 ], [ 24.0766291, 35.5686577 ], [ 24.0763784, 35.5701029 ], [ 24.0783733, 35.5717677 ], [ 24.0766702, 35.5735735 ], [ 24.074852, 35.572928 ], [ 24.0732413, 35.5738492 ], [ 24.0734669, 35.5769456 ], [ 24.0745022, 35.5783708 ], [ 24.0758701, 35.5781607 ], [ 24.0738309, 35.5797842 ], [ 24.0727494, 35.58184 ], [ 24.0695176, 35.5826904 ], [ 24.070434, 35.584547 ], [ 24.0747288, 35.5853273 ], [ 24.0754629, 35.5857399 ], [ 24.0749585, 35.5863097 ], [ 24.0758182, 35.5855123 ], [ 24.0770436, 35.5862778 ], [ 24.0779537, 35.5858845 ], [ 24.0793416, 35.5899888 ], [ 24.0770426, 35.5909318 ], [ 24.0795402, 35.5907337 ], [ 24.0798873, 35.5914526 ], [ 24.0780374, 35.5927774 ], [ 24.0808134, 35.5920626 ], [ 24.0824235, 35.5934794 ], [ 24.0812645, 35.5938724 ], [ 24.0827289, 35.5945783 ], [ 24.0841612, 35.5934243 ], [ 24.0836341, 35.5929799 ], [ 24.0843809, 35.5920986 ], [ 24.0884445, 35.5914759 ], [ 24.0915705, 35.5924402 ], [ 24.0910702, 35.5939196 ], [ 24.0943423, 35.5940979 ], [ 24.0962289, 35.5934433 ], [ 24.0964018, 35.5925035 ], [ 24.0954295, 35.5915266 ], [ 24.0976714, 35.5897153 ], [ 24.0978, 35.5931379 ], [ 24.0996882, 35.5978413 ], [ 24.1014169, 35.5975272 ], [ 24.1076378, 35.5989013 ], [ 24.1099799, 35.6002795 ], [ 24.1227874, 35.6020024 ], [ 24.1316286, 35.5992782 ], [ 24.132608, 35.6005031 ], [ 24.1339321, 35.5989149 ], [ 24.1364372, 35.5983996 ], [ 24.1424094, 35.5947236 ], [ 24.1430083, 35.5952677 ], [ 24.1507341, 35.5931234 ], [ 24.1499216, 35.5919549 ], [ 24.1523462, 35.5929688 ], [ 24.1536832, 35.592202 ], [ 24.1590707, 35.5917495 ], [ 24.161292, 35.5906387 ], [ 24.1652867, 35.5906514 ], [ 24.1748344, 35.5871274 ], [ 24.1805166, 35.5794951 ], [ 24.1849632, 35.5710322 ], [ 24.1863073, 35.5708123 ], [ 24.1903906, 35.566808 ], [ 24.190382, 35.5642177 ], [ 24.1932721, 35.5588334 ], [ 24.1949825, 35.5527314 ], [ 24.193592, 35.5523658 ], [ 24.1949258, 35.5521511 ], [ 24.1938414, 35.5500744 ], [ 24.1954632, 35.551656 ], [ 24.1948196, 35.5506816 ], [ 24.1958583, 35.5508636 ], [ 24.1976839, 35.546285 ], [ 24.1972673, 35.5456484 ], [ 24.198511, 35.5445848 ], [ 24.1969483, 35.5423006 ], [ 24.1988821, 35.5435369 ], [ 24.2004193, 35.5402839 ], [ 24.2016487, 35.5400292 ], [ 24.2019504, 35.5389697 ], [ 24.1996099, 35.5344837 ], [ 24.198304, 35.5339775 ], [ 24.1967496, 35.5311702 ], [ 24.1969801, 35.530059 ], [ 24.1922914, 35.5257751 ], [ 24.1914012, 35.5258171 ], [ 24.1918942, 35.5251802 ], [ 24.1896126, 35.5237848 ], [ 24.1889243, 35.5219916 ], [ 24.1867877, 35.5212363 ], [ 24.1875765, 35.5208429 ], [ 24.1872592, 35.5203351 ], [ 24.1852977, 35.5203533 ], [ 24.1867209, 35.5197397 ], [ 24.185969, 35.5195136 ], [ 24.1866147, 35.5183344 ], [ 24.1838905, 35.5120699 ], [ 24.1845057, 35.5065441 ], [ 24.183745, 35.5054291 ], [ 24.1822168, 35.5051998 ], [ 24.1818394, 35.5029892 ], [ 24.1766728, 35.5047516 ], [ 24.1761728, 35.5055295 ], [ 24.1744861, 35.5051731 ], [ 24.1745016, 35.5039957 ], [ 24.1733658, 35.5034701 ], [ 24.1740529, 35.5043443 ], [ 24.1720146, 35.5046246 ], [ 24.1693139, 35.5025675 ], [ 24.1697712, 35.5012671 ], [ 24.1691332, 35.4998934 ], [ 24.1655255, 35.5009776 ], [ 24.1639474, 35.4994663 ], [ 24.1644224, 35.4986869 ], [ 24.1676606, 35.4979667 ], [ 24.1662916, 35.4963325 ], [ 24.1671767, 35.4947982 ], [ 24.1637865, 35.4953927 ], [ 24.1573442, 35.4949571 ], [ 24.1534318, 35.4971103 ], [ 24.152943, 35.4936588 ], [ 24.1528386, 35.4967445 ], [ 24.1440346, 35.4966986 ], [ 24.1437714, 35.4971435 ], [ 24.1457382, 35.4975769 ], [ 24.1454513, 35.4985405 ], [ 24.1442667, 35.4988563 ], [ 24.1434625, 35.497353 ], [ 24.1409812, 35.4978346 ], [ 24.1394568, 35.4960144 ], [ 24.1366237, 35.4978621 ], [ 24.1274929, 35.5002369 ], [ 24.1232957, 35.5023471 ], [ 24.1168499, 35.5026406 ], [ 24.110698, 35.5051718 ], [ 24.1100524, 35.5048367 ], [ 24.1089121, 35.5058506 ], [ 24.109196, 35.5074146 ], [ 24.1074708, 35.5081762 ], [ 24.1028102, 35.5070653 ], [ 24.1033938, 35.5060451 ], [ 24.0970338, 35.5068976 ], [ 24.0971625, 35.5059543 ], [ 24.0960124, 35.505584 ], [ 24.0896552, 35.5054502 ], [ 24.0867406, 35.506464 ], [ 24.0842189, 35.5084641 ], [ 24.0809985, 35.5090729 ], [ 24.0758809, 35.5068543 ], [ 24.0699171, 35.5019159 ], [ 24.0626707, 35.5001426 ], [ 24.0613986, 35.4975254 ], [ 24.0611996, 35.4932439 ], [ 24.0597587, 35.4925247 ], [ 24.0631344, 35.491187 ], [ 24.0643688, 35.4926866 ], [ 24.0639295, 35.4901106 ], [ 24.0672055, 35.4890449 ], [ 24.0694997, 35.4892614 ], [ 24.0703776, 35.4904843 ], [ 24.066429, 35.4928915 ], [ 24.0730874, 35.4913714 ], [ 24.0725518, 35.4898666 ], [ 24.0756453, 35.4891656 ], [ 24.0776971, 35.4923925 ], [ 24.078259, 35.4922056 ], [ 24.0766873, 35.4891134 ], [ 24.077334, 35.4887302 ], [ 24.0821306, 35.488028 ], [ 24.0827959, 35.4891435 ], [ 24.0822836, 35.4876362 ], [ 24.0841664, 35.4871557 ], [ 24.0850213, 35.4883658 ], [ 24.0842966, 35.4870938 ], [ 24.0850886, 35.486542 ], [ 24.0871524, 35.4876222 ], [ 24.0865902, 35.4864425 ], [ 24.0929975, 35.4841429 ], [ 24.0942234, 35.4844267 ], [ 24.0950674, 35.4830491 ], [ 24.0976574, 35.4824589 ], [ 24.0998189, 35.4806133 ], [ 24.1087182, 35.4782607 ], [ 24.11189, 35.4763417 ], [ 24.1139671, 35.4732522 ], [ 24.1191803, 35.4706734 ], [ 24.140688, 35.469408 ], [ 24.1450408, 35.4712494 ], [ 24.1512032, 35.4718819 ], [ 24.1531515, 35.4706726 ], [ 24.1562803, 35.466037 ], [ 24.1615858, 35.4610193 ], [ 24.1657003, 35.4581923 ], [ 24.1672674, 35.458072 ], [ 24.172948, 35.4536015 ], [ 24.1768056, 35.4516797 ], [ 24.1783287, 35.4518761 ], [ 24.1780972, 35.4526646 ], [ 24.1789916, 35.4523423 ], [ 24.1780543, 35.4529225 ], [ 24.1794491, 35.4530142 ], [ 24.1826452, 35.4505173 ], [ 24.1879753, 35.4492367 ], [ 24.189502, 35.4493173 ], [ 24.1911865, 35.4511032 ], [ 24.1937109, 35.4509595 ], [ 24.195389, 35.4517674 ], [ 24.1972035, 35.4499883 ], [ 24.1984643, 35.4504369 ], [ 24.199272, 35.4494848 ], [ 24.2026108, 35.4494039 ], [ 24.2036083, 35.450804 ], [ 24.2025837, 35.4509735 ], [ 24.2052629, 35.4531892 ], [ 24.2050876, 35.4545965 ], [ 24.2064904, 35.4558193 ], [ 24.208069, 35.4617825 ], [ 24.2119934, 35.4633138 ], [ 24.2124252, 35.4625759 ], [ 24.2145448, 35.4629231 ], [ 24.2150742, 35.4622085 ], [ 24.2178174, 35.4632433 ], [ 24.2166155, 35.4618154 ], [ 24.2170188, 35.4610842 ], [ 24.2198145, 35.459238 ], [ 24.2202072, 35.4599305 ], [ 24.2214558, 35.4597639 ], [ 24.2235964, 35.4621324 ], [ 24.2280853, 35.4640594 ], [ 24.2284458, 35.4655973 ], [ 24.2301861, 35.4663515 ], [ 24.2296186, 35.4671705 ], [ 24.232105, 35.4667135 ], [ 24.2309521, 35.467634 ], [ 24.2316902, 35.469519 ], [ 24.2341535, 35.4707562 ], [ 24.2344282, 35.4699524 ], [ 24.2363422, 35.4725876 ], [ 24.2364967, 35.471609 ], [ 24.2377841, 35.4715112 ], [ 24.243183, 35.4755678 ], [ 24.2419984, 35.4725667 ], [ 24.2455604, 35.4702389 ], [ 24.2438755, 35.4691777 ], [ 24.2449061, 35.4691566 ], [ 24.2448996, 35.4673404 ], [ 24.2475003, 35.466921 ], [ 24.2475688, 35.4647445 ], [ 24.2490318, 35.46259 ], [ 24.2484892, 35.4620071 ], [ 24.2513941, 35.4611525 ], [ 24.2521725, 35.4564753 ], [ 24.2531744, 35.4556274 ], [ 24.2555597, 35.4562573 ], [ 24.2560631, 35.4548575 ], [ 24.2573081, 35.4549126 ], [ 24.2581669, 35.4524191 ], [ 24.2581256, 35.4454002 ], [ 24.2570617, 35.4428397 ], [ 24.2590444, 35.4404692 ], [ 24.2594368, 35.4384756 ], [ 24.2585182, 35.4366327 ], [ 24.2556627, 35.4348398 ], [ 24.2538518, 35.4316603 ], [ 24.2539493, 35.4303918 ], [ 24.2572737, 35.4260602 ], [ 24.2584437, 35.4253728 ], [ 24.2607959, 35.4265808 ], [ 24.2623615, 35.4261813 ], [ 24.2631368, 35.424485 ], [ 24.2617862, 35.4207989 ], [ 24.2623954, 35.4176377 ], [ 24.2617506, 35.4164878 ], [ 24.2633724, 35.4140687 ], [ 24.2626927, 35.4126003 ], [ 24.2634614, 35.4091919 ], [ 24.2625679, 35.4077464 ], [ 24.263879, 35.4072379 ], [ 24.2611549, 35.4023936 ], [ 24.2627465, 35.3960411 ], [ 24.2621108, 35.3946765 ], [ 24.2606331, 35.3939052 ], [ 24.2594398, 35.3908478 ], [ 24.2571165, 35.3798225 ], [ 24.2579867, 35.3762875 ], [ 24.2602056, 35.3743248 ], [ 24.2630888, 35.3692146 ], [ 24.2623833, 35.3678603 ], [ 24.2608564, 35.3678331 ], [ 24.2609539, 35.3660333 ], [ 24.2622513, 35.3656772 ], [ 24.25965, 35.3640484 ], [ 24.2626191, 35.365602 ], [ 24.2620582, 35.3645273 ], [ 24.2633994, 35.3659725 ], [ 24.2640902, 35.3660389 ], [ 24.2619373, 35.3643689 ], [ 24.2653062, 35.3604893 ], [ 24.2801434, 35.3564694 ], [ 24.3011681, 35.3533646 ], [ 24.3151948, 35.3526379 ], [ 24.3165678, 35.3532255 ], [ 24.3185592, 35.3523751 ], [ 24.3416852, 35.3512611 ], [ 24.3553154, 35.3512657 ], [ 24.3629805, 35.3526054 ], [ 24.3628545, 35.3539956 ], [ 24.3643342, 35.3539017 ], [ 24.3646119, 35.3549774 ], [ 24.367206, 35.3563318 ], [ 24.3680122, 35.3589143 ], [ 24.3698212, 35.3575277 ], [ 24.3712964, 35.3604412 ], [ 24.3754691, 35.3620016 ], [ 24.3792942, 35.3608979 ], [ 24.3819649, 35.3618695 ], [ 24.3873931, 35.3600034 ], [ 24.3894933, 35.3608882 ], [ 24.3905799, 35.3599559 ], [ 24.3922902, 35.3605086 ], [ 24.3933053, 35.3619114 ], [ 24.4005645, 35.3640704 ], [ 24.4045037, 35.3636806 ], [ 24.4063131, 35.3607272 ], [ 24.4085027, 35.3604555 ], [ 24.4076513, 35.3595858 ], [ 24.4109239, 35.3607316 ], [ 24.4132221, 35.3630763 ], [ 24.415451, 35.3633782 ], [ 24.4174102, 35.3658056 ], [ 24.4182393, 35.3655668 ], [ 24.4183066, 35.367203 ], [ 24.4203404, 35.3697007 ], [ 24.4207902, 35.3687232 ], [ 24.4243379, 35.3673796 ], [ 24.4346801, 35.3689102 ], [ 24.4370306, 35.3676836 ], [ 24.4403518, 35.3682047 ], [ 24.4417308, 35.3676206 ], [ 24.4430379, 35.3698558 ], [ 24.4444164, 35.3705966 ], [ 24.4462483, 35.369126 ], [ 24.448286, 35.3702195 ], [ 24.4509754, 35.3683027 ], [ 24.4522024, 35.3657883 ], [ 24.453229, 35.3659462 ], [ 24.4543611, 35.3645587 ], [ 24.4571711, 35.3643185 ], [ 24.4614447, 35.3647826 ], [ 24.4671085, 35.3672148 ], [ 24.467708, 35.3664678 ], [ 24.468466, 35.3673448 ], [ 24.4684928, 35.3730942 ], [ 24.4716975, 35.3739662 ], [ 24.4752413, 35.3720294 ], [ 24.4784597, 35.3734463 ], [ 24.4842467, 35.373575 ], [ 24.478768, 35.3732329 ], [ 24.4771711, 35.371883 ], [ 24.4782601, 35.3707761 ], [ 24.4777888, 35.3701338 ], [ 24.4771389, 35.3709764 ], [ 24.4761827, 35.3704238 ], [ 24.4782629, 35.3698334 ], [ 24.4774845, 35.3691913 ], [ 24.4789672, 35.3681578 ], [ 24.4798038, 35.3680065 ], [ 24.4801969, 35.3687352 ], [ 24.4804897, 35.3689434 ], [ 24.4798081, 35.3677726 ], [ 24.4811651, 35.367187 ], [ 24.4828487, 35.3675789 ], [ 24.4824722, 35.3690053 ], [ 24.4807945, 35.3696799 ], [ 24.482306, 35.3699197 ], [ 24.482053, 35.3710501 ], [ 24.4827972, 35.3712565 ], [ 24.4833438, 35.3686531 ], [ 24.4890128, 35.367189 ], [ 24.5172968, 35.3703229 ], [ 24.5518208, 35.3756682 ], [ 24.5721931, 35.3817623 ], [ 24.5731769, 35.3814812 ], [ 24.5735649, 35.3821721 ], [ 24.5802674, 35.3818513 ], [ 24.5832849, 35.3825008 ], [ 24.5888237, 35.385208 ], [ 24.5913369, 35.3853283 ], [ 24.5924844, 35.3867987 ], [ 24.5977061, 35.3874543 ], [ 24.6028288, 35.3891376 ], [ 24.6035246, 35.390597 ], [ 24.6067821, 35.3905013 ], [ 24.6119301, 35.3924254 ], [ 24.6148955, 35.3941786 ], [ 24.6150111, 35.3954336 ], [ 24.6169902, 35.3954032 ], [ 24.6175264, 35.3996912 ], [ 24.6288827, 35.4026728 ], [ 24.6302375, 35.406125 ], [ 24.6348834, 35.4094865 ], [ 24.6366213, 35.4097659 ], [ 24.6376427, 35.4108145 ], [ 24.6386493, 35.4105602 ], [ 24.6395377, 35.4119941 ], [ 24.6400413, 35.4114825 ], [ 24.6401012, 35.4125807 ], [ 24.6407825, 35.4127923 ], [ 24.6413487, 35.411901 ], [ 24.6448646, 35.4134509 ], [ 24.6450635, 35.4146053 ], [ 24.6462736, 35.4151784 ], [ 24.6456814, 35.4156207 ], [ 24.6464977, 35.4178617 ], [ 24.6471677, 35.4178109 ], [ 24.64654, 35.4181008 ], [ 24.6478938, 35.4188895 ], [ 24.6479656, 35.4194488 ], [ 24.6484303, 35.4199852 ], [ 24.6490278, 35.4202364 ], [ 24.6496417, 35.4202833 ], [ 24.6481515, 35.4191395 ], [ 24.6495476, 35.4193018 ], [ 24.6496228, 35.4200065 ], [ 24.6503661, 35.4190823 ], [ 24.651176, 35.4203146 ], [ 24.6544559, 35.4192539 ], [ 24.6554216, 35.4199235 ], [ 24.65738, 35.4193936 ], [ 24.6573739, 35.419923 ], [ 24.6580963, 35.4203377 ], [ 24.6575809, 35.4196057 ], [ 24.6582401, 35.4195017 ], [ 24.6592115, 35.4201851 ], [ 24.6583077, 35.4206946 ], [ 24.6591773, 35.4209657 ], [ 24.6616746, 35.4198168 ], [ 24.6671534, 35.420822 ], [ 24.6694728, 35.419401 ], [ 24.6727546, 35.4194225 ], [ 24.6744223, 35.4202763 ], [ 24.6788148, 35.4186468 ], [ 24.6803776, 35.4202896 ], [ 24.6828634, 35.4201721 ], [ 24.6847796, 35.4209976 ], [ 24.6865339, 35.4195411 ], [ 24.6885239, 35.4198399 ], [ 24.6878659, 35.4194965 ], [ 24.6887791, 35.4184513 ], [ 24.6921922, 35.4201659 ], [ 24.6909259, 35.4190379 ], [ 24.6916924, 35.4186256 ], [ 24.6921541, 35.4193281 ], [ 24.6929878, 35.4186538 ], [ 24.6943909, 35.419814 ], [ 24.6958263, 35.4234007 ], [ 24.698752, 35.4257792 ], [ 24.6991686, 35.4273103 ], [ 24.7010015, 35.4269974 ], [ 24.7020865, 35.4258557 ], [ 24.7040812, 35.4260627 ], [ 24.7043113, 35.4266987 ], [ 24.7081334, 35.4253543 ], [ 24.7113706, 35.4260969 ], [ 24.7138351, 35.4244396 ], [ 24.7159179, 35.4243951 ], [ 24.7175307, 35.4255861 ], [ 24.7207821, 35.4246181 ], [ 24.7229031, 35.4251471 ], [ 24.724185, 35.4239601 ], [ 24.7299082, 35.4255342 ], [ 24.7361036, 35.4253154 ], [ 24.7378604, 35.423384 ], [ 24.7370196, 35.4225879 ], [ 24.7381561, 35.4224641 ], [ 24.7402738, 35.4195981 ], [ 24.742135, 35.4203567 ], [ 24.7487441, 35.4193308 ], [ 24.7500457, 35.4208923 ], [ 24.7510531, 35.4196608 ], [ 24.752301, 35.4201587 ], [ 24.7541251, 35.4194014 ], [ 24.7548514, 35.4206144 ], [ 24.7574966, 35.4212475 ], [ 24.7615825, 35.419309 ], [ 24.7623355, 35.4198409 ], [ 24.762167, 35.4185829 ], [ 24.7662024, 35.4173576 ], [ 24.7676915, 35.4160109 ], [ 24.7683982, 35.417314 ], [ 24.7707407, 35.4180707 ], [ 24.7763947, 35.4180569 ], [ 24.7780101, 35.420207 ], [ 24.7797366, 35.4191625 ], [ 24.7830044, 35.4198544 ], [ 24.7849997, 35.4193184 ], [ 24.7855539, 35.4176199 ], [ 24.7867066, 35.418038 ], [ 24.7872376, 35.4174396 ], [ 24.7853071, 35.4170833 ], [ 24.785806, 35.4162174 ], [ 24.7849162, 35.4161991 ], [ 24.7851708, 35.4151504 ], [ 24.784306, 35.4143968 ], [ 24.7849007, 35.4136728 ], [ 24.783548, 35.4145002 ], [ 24.7831868, 35.413838 ], [ 24.7833957, 35.4129013 ], [ 24.7844341, 35.4129139 ], [ 24.7826397, 35.4110068 ], [ 24.7838306, 35.4100619 ], [ 24.7831862, 35.4091328 ], [ 24.7878512, 35.4059623 ], [ 24.7933045, 35.4090984 ], [ 24.7924971, 35.4098811 ], [ 24.7930899, 35.4113304 ], [ 24.7946697, 35.4097433 ], [ 24.7954547, 35.4103848 ], [ 24.7960966, 35.4113916 ], [ 24.7955079, 35.4128541 ], [ 24.796393, 35.4127229 ], [ 24.7966639, 35.4098723 ], [ 24.7976246, 35.4089199 ], [ 24.8021529, 35.4098287 ], [ 24.8053854, 35.4092176 ], [ 24.8070172, 35.411063 ], [ 24.8121049, 35.4096985 ], [ 24.8131429, 35.4081311 ], [ 24.819459, 35.407821 ], [ 24.8227909, 35.4100247 ], [ 24.8241599, 35.4122622 ], [ 24.8264884, 35.4117185 ], [ 24.8270762, 35.4137084 ], [ 24.8247326, 35.4149202 ], [ 24.8261836, 35.4156496 ], [ 24.8272989, 35.415195 ], [ 24.8274098, 35.4135123 ], [ 24.8282462, 35.4137924 ], [ 24.8283642, 35.4124208 ], [ 24.8290165, 35.4123105 ], [ 24.8280467, 35.4101061 ], [ 24.830656, 35.4093595 ], [ 24.8302813, 35.4079738 ], [ 24.8341397, 35.4059658 ], [ 24.8362078, 35.4059206 ], [ 24.8397609, 35.4074393 ], [ 24.8412789, 35.406365 ], [ 24.8437651, 35.4078267 ], [ 24.8450975, 35.4065682 ], [ 24.8455659, 35.4072979 ], [ 24.8483378, 35.4068991 ], [ 24.8486449, 35.4080413 ], [ 24.8468269, 35.4096631 ], [ 24.8502005, 35.4079453 ], [ 24.8506372, 35.4095531 ], [ 24.8516108, 35.4096654 ], [ 24.8513753, 35.4105692 ], [ 24.8524941, 35.4108852 ], [ 24.8544119, 35.4084462 ], [ 24.8559291, 35.4096694 ], [ 24.8573341, 35.4089778 ], [ 24.8582305, 35.4099293 ], [ 24.8620369, 35.4091949 ], [ 24.8646094, 35.4100733 ], [ 24.8678811, 35.4100072 ], [ 24.867865, 35.4105603 ], [ 24.8703071, 35.4103832 ], [ 24.8690914, 35.4092847 ], [ 24.8700155, 35.4099974 ], [ 24.8729049, 35.409232 ], [ 24.8746027, 35.4103761 ], [ 24.8741628, 35.4114233 ], [ 24.8754986, 35.4125928 ], [ 24.8750025, 35.4137183 ], [ 24.878096, 35.4146388 ], [ 24.8761091, 35.4164138 ], [ 24.8757076, 35.4205923 ], [ 24.8781132, 35.4199295 ], [ 24.8801452, 35.4221234 ], [ 24.8813538, 35.421082 ], [ 24.8845554, 35.4203584 ], [ 24.8845629, 35.4212947 ], [ 24.8857877, 35.4210515 ], [ 24.8856836, 35.4220327 ], [ 24.8912388, 35.4186565 ], [ 24.893496, 35.4153368 ], [ 24.8947624, 35.4158057 ], [ 24.895747, 35.4145948 ], [ 24.8978893, 35.4142248 ], [ 24.8986871, 35.4153422 ], [ 24.9001059, 35.4147508 ], [ 24.900596, 35.4136423 ], [ 24.90183, 35.4143535 ], [ 24.9035418, 35.4128757 ], [ 24.9043757, 35.413864 ], [ 24.9056052, 35.4134258 ], [ 24.9045813, 35.4119712 ], [ 24.9070088, 35.412065 ], [ 24.9097993, 35.4110376 ], [ 24.9113442, 35.4085135 ], [ 24.9130671, 35.4085392 ], [ 24.91707, 35.4054126 ], [ 24.9173415, 35.403429 ], [ 24.9202889, 35.4025975 ], [ 24.9217621, 35.4041028 ], [ 24.9208949, 35.4056295 ], [ 24.924334, 35.4061554 ], [ 24.9236954, 35.4066678 ], [ 24.9255547, 35.4064719 ], [ 24.9272061, 35.4087621 ], [ 24.9282315, 35.4070445 ], [ 24.9277561, 35.4063592 ], [ 24.929115, 35.4058719 ], [ 24.9284621, 35.4045255 ], [ 24.9294932, 35.403672 ], [ 24.9386973, 35.4076367 ], [ 24.9454191, 35.4065821 ], [ 24.9463524, 35.4055415 ], [ 24.9475345, 35.4060183 ], [ 24.9496731, 35.4054652 ], [ 24.9517767, 35.4038843 ], [ 24.9539419, 35.4035139 ], [ 24.9534418, 35.4026785 ], [ 24.9556243, 35.4023986 ], [ 24.9609253, 35.4044421 ], [ 24.9601963, 35.406014 ], [ 24.9606102, 35.4076663 ], [ 24.9621962, 35.4074383 ], [ 24.9623969, 35.4082772 ], [ 24.964742, 35.4078948 ], [ 24.9638127, 35.4088829 ], [ 24.9633235, 35.4125977 ], [ 24.9646781, 35.4141579 ], [ 24.964791, 35.415975 ], [ 24.967237, 35.4206554 ], [ 24.9693084, 35.422521 ], [ 24.9688179, 35.4261902 ], [ 24.9709702, 35.4280899 ], [ 24.9715353, 35.430176 ], [ 24.9731221, 35.431999 ], [ 24.9736724, 35.4315065 ], [ 24.9716745, 35.4284295 ], [ 24.9734961, 35.4228509 ], [ 24.9766769, 35.4219879 ], [ 24.9769046, 35.4210645 ], [ 24.9803035, 35.4192484 ], [ 24.9799573, 35.4184766 ], [ 24.9811213, 35.4176799 ], [ 24.9824391, 35.4185036 ], [ 24.9875611, 35.4164083 ], [ 24.987335, 35.4152536 ], [ 24.9897064, 35.4132802 ], [ 24.9941732, 35.4138657 ], [ 24.9975607, 35.4156267 ], [ 25.000068, 35.4179964 ], [ 24.9998076, 35.4189436 ], [ 25.0013469, 35.4202836 ], [ 25.0006239, 35.4207905 ], [ 25.001102, 35.4212784 ], [ 25.0039981, 35.4213164 ], [ 25.006496, 35.4193559 ], [ 25.0089261, 35.4189115 ], [ 25.0110956, 35.4189013 ], [ 25.0121192, 35.4203291 ], [ 25.0129768, 35.4195586 ], [ 25.0156349, 35.4194062 ], [ 25.0162396, 35.4198766 ], [ 25.0150357, 35.4210011 ], [ 25.0188757, 35.4198386 ], [ 25.0207751, 35.4185304 ], [ 25.0207182, 35.4174901 ], [ 25.0188345, 35.4162454 ], [ 25.0207209, 35.4144549 ], [ 25.0180293, 35.4131996 ], [ 25.0180514, 35.4119737 ], [ 25.0191873, 35.4114193 ], [ 25.0182142, 35.4106599 ], [ 25.0193439, 35.4094456 ], [ 25.0216392, 35.4099183 ], [ 25.022724, 35.4086264 ], [ 25.0190569, 35.4079157 ], [ 25.0184418, 35.405335 ], [ 25.0191496, 35.4043959 ], [ 25.0211228, 35.4041253 ], [ 25.0213549, 35.4028661 ], [ 25.0240932, 35.4035019 ], [ 25.0260493, 35.4017813 ], [ 25.027829, 35.4034453 ], [ 25.0257953, 35.4004307 ], [ 25.0269148, 35.3990271 ], [ 25.0302324, 35.3996899 ], [ 25.0323778, 35.4020883 ], [ 25.0335016, 35.4016942 ], [ 25.0339039, 35.4001428 ], [ 25.0370728, 35.4012262 ], [ 25.0379947, 35.4003834 ], [ 25.041161, 35.4001847 ], [ 25.0426097, 35.4011417 ], [ 25.042506, 35.4047115 ], [ 25.0439322, 35.40552 ], [ 25.0445823, 35.4050198 ], [ 25.0448737, 35.4030762 ], [ 25.0459693, 35.4029826 ], [ 25.0431617, 35.4007831 ], [ 25.0431819, 35.3968523 ], [ 25.0453654, 35.3948273 ], [ 25.0484404, 35.3950244 ], [ 25.0495817, 35.3939196 ], [ 25.0493666, 35.3924618 ], [ 25.0463323, 35.3916874 ], [ 25.0409232, 35.3885958 ], [ 25.0402476, 35.3849893 ], [ 25.0377229, 35.3824378 ], [ 25.0369626, 35.3793277 ], [ 25.0377758, 35.3772986 ], [ 25.0387886, 35.3767425 ], [ 25.0373138, 35.3756049 ], [ 25.0371593, 35.372761 ], [ 25.0387361, 35.3724095 ], [ 25.0386363, 35.3691186 ], [ 25.0394781, 35.3677045 ], [ 25.0387249, 35.3665185 ], [ 25.0402061, 35.3652608 ], [ 25.0391612, 35.3645816 ], [ 25.0389616, 35.3633665 ], [ 25.0398776, 35.3619275 ], [ 25.0394492, 35.3601176 ], [ 25.0401547, 35.3578695 ], [ 25.0420328, 35.3555017 ], [ 25.0432128, 35.3558543 ], [ 25.0441586, 35.3547459 ], [ 25.0431902, 35.3555078 ], [ 25.0423458, 35.3551081 ], [ 25.042846, 35.3539675 ], [ 25.0435905, 35.3545102 ], [ 25.0439137, 35.3535079 ], [ 25.0427295, 35.3535467 ], [ 25.0438925, 35.3531748 ], [ 25.0430344, 35.3527451 ], [ 25.0435707, 35.3501398 ], [ 25.046489, 35.3466688 ], [ 25.0466364, 35.3447196 ], [ 25.0531894, 35.3418743 ], [ 25.0643339, 35.3392408 ], [ 25.0792833, 35.3378309 ], [ 25.1111495, 35.338885 ], [ 25.1142664, 35.3412425 ], [ 25.1252882, 35.3416298 ], [ 25.1264675, 35.3423321 ], [ 25.1294824, 35.341567 ], [ 25.1298191, 35.3425149 ], [ 25.1343602, 35.3431499 ], [ 25.1346415, 35.3436136 ], [ 25.1407983, 35.3481036 ], [ 25.1458727, 35.3492847 ], [ 25.1472346, 35.3503396 ], [ 25.1560481, 35.352264 ], [ 25.147182, 35.350179 ], [ 25.1460518, 35.3489194 ], [ 25.1408437, 35.3478927 ], [ 25.1374256, 35.3444335 ], [ 25.1345188, 35.3431325 ], [ 25.1356577, 35.342297 ], [ 25.137785, 35.3440122 ], [ 25.1380037, 35.3429299 ], [ 25.1411165, 35.3419982 ], [ 25.142548, 35.3425134 ], [ 25.1421735, 35.3439439 ], [ 25.1429816, 35.343834 ], [ 25.1433234, 35.3424978 ], [ 25.1446239, 35.3427325 ], [ 25.1446835, 35.344276 ], [ 25.1460936, 35.3423185 ], [ 25.1470298, 35.3426734 ], [ 25.1455275, 35.3465472 ], [ 25.1460748, 35.3467501 ], [ 25.1481404, 35.3430653 ], [ 25.1491432, 35.3434374 ], [ 25.1483443, 35.3461677 ], [ 25.1514385, 35.3467765 ], [ 25.1525392, 35.3447177 ], [ 25.1537134, 35.3447127 ], [ 25.1528326, 35.3486058 ], [ 25.1551207, 35.3464833 ], [ 25.1585395, 35.3449961 ], [ 25.1618639, 35.345606 ], [ 25.1694503, 35.3446661 ], [ 25.1698543, 35.3452756 ], [ 25.1751732, 35.3459878 ], [ 25.1785558, 35.3446949 ], [ 25.1850129, 35.3454012 ], [ 25.186243, 35.3448575 ], [ 25.1860026, 35.3433318 ], [ 25.189122, 35.3399242 ], [ 25.1927199, 35.3414259 ], [ 25.1911973, 35.3368812 ], [ 25.1913027, 35.3341273 ], [ 25.1942169, 35.3329279 ], [ 25.1994566, 35.3321668 ], [ 25.2094995, 35.3324225 ], [ 25.2171164, 35.334681 ], [ 25.2188801, 35.3333571 ], [ 25.2242702, 35.3349956 ], [ 25.2257379, 35.3346735 ], [ 25.2256779, 35.333021 ], [ 25.2266735, 35.3318306 ], [ 25.232201, 35.3321668 ], [ 25.2348703, 35.3304232 ], [ 25.241293, 35.3319961 ], [ 25.2430476, 35.3329015 ], [ 25.2431653, 35.3337899 ], [ 25.2451627, 35.3322822 ], [ 25.2454304, 35.3328764 ], [ 25.2462285, 35.3330885 ], [ 25.245888, 35.3322941 ], [ 25.247151, 35.3328525 ], [ 25.2473425, 35.3319684 ], [ 25.2495662, 35.3328386 ], [ 25.2495066, 35.3319097 ], [ 25.2511668, 35.3314638 ], [ 25.2574277, 35.3324801 ], [ 25.2591676, 35.3317496 ], [ 25.2620337, 35.3328237 ], [ 25.2641116, 35.3320116 ], [ 25.2650137, 35.3328713 ], [ 25.2659727, 35.3322885 ], [ 25.2680631, 35.3326811 ], [ 25.2682626, 35.333351 ], [ 25.2686206, 35.3328013 ], [ 25.2735402, 35.3338449 ], [ 25.2755455, 35.33549 ], [ 25.2765931, 35.3353668 ], [ 25.2767739, 35.3361123 ], [ 25.2767849, 35.3350137 ], [ 25.2776226, 35.3347365 ], [ 25.2821006, 35.3354694 ], [ 25.2814105, 35.3349544 ], [ 25.2837403, 35.3337442 ], [ 25.2968756, 35.3342029 ], [ 25.2992765, 35.3348818 ], [ 25.2994735, 35.3364588 ], [ 25.3014966, 35.3363414 ], [ 25.2995192, 35.3361417 ], [ 25.3001351, 35.3357613 ], [ 25.2995953, 35.3353746 ], [ 25.3020726, 35.3353357 ], [ 25.303165, 35.3359637 ], [ 25.303519, 35.337206 ], [ 25.3045042, 35.3377856 ], [ 25.303779, 35.3365967 ], [ 25.3046855, 35.3372216 ], [ 25.3102591, 35.335123 ], [ 25.313207, 35.3359463 ], [ 25.313884, 35.3350339 ], [ 25.3142648, 35.3356302 ], [ 25.3163027, 35.3353945 ], [ 25.3172287, 35.3345773 ], [ 25.321126, 35.3359376 ], [ 25.3218644, 35.335288 ], [ 25.3241123, 35.3354333 ], [ 25.3255208, 35.336675 ], [ 25.3254514, 35.3360216 ], [ 25.32699, 35.3355508 ], [ 25.3339052, 35.3358455 ], [ 25.3388953, 35.3377466 ], [ 25.3378431, 35.3370473 ], [ 25.3414907, 35.337509 ], [ 25.3405126, 35.3370006 ], [ 25.343876, 35.3369462 ], [ 25.3444828, 35.3361191 ], [ 25.3520665, 35.3369135 ], [ 25.3520747, 35.337456 ], [ 25.3521155, 35.3369182 ], [ 25.3536852, 35.3369435 ], [ 25.3605887, 35.3377513 ], [ 25.360897, 35.3388162 ], [ 25.3610581, 35.3379427 ], [ 25.3644082, 35.3393108 ], [ 25.366017, 35.3385411 ], [ 25.3746771, 35.3394658 ], [ 25.3770031, 35.3383357 ], [ 25.378149, 35.3387376 ], [ 25.3783026, 35.3380567 ], [ 25.3834686, 35.3375946 ], [ 25.3859512, 35.3383157 ], [ 25.386946, 35.3373711 ], [ 25.3843978, 35.3356274 ], [ 25.3842655, 35.3331513 ], [ 25.3870852, 35.3297643 ], [ 25.386549, 35.3281511 ], [ 25.3873988, 35.3248581 ], [ 25.3903454, 35.3229736 ], [ 25.3920507, 35.3230671 ], [ 25.3920952, 35.3240355 ], [ 25.3934713, 35.3232278 ], [ 25.3936195, 35.320938 ], [ 25.3930931, 35.3226677 ], [ 25.3917165, 35.3215339 ], [ 25.3917337, 35.3187596 ], [ 25.3928594, 35.3172907 ], [ 25.3973835, 35.3153063 ], [ 25.3977297, 35.3137259 ], [ 25.3991983, 35.3128735 ], [ 25.4007876, 35.3132807 ], [ 25.4006933, 35.3118596 ], [ 25.4022476, 35.3103763 ], [ 25.4045385, 35.3113304 ], [ 25.4045981, 35.3088225 ], [ 25.4071326, 35.3075167 ], [ 25.4098489, 35.3069005 ], [ 25.4106984, 35.3074664 ], [ 25.411929, 35.3063389 ], [ 25.4133676, 35.3068046 ], [ 25.4152354, 35.3057021 ], [ 25.4162234, 35.3060739 ], [ 25.4170415, 35.3056977 ], [ 25.4189616, 35.3063064 ], [ 25.4214314, 35.3062863 ], [ 25.4204347, 35.3062717 ], [ 25.4213659, 35.3057105 ], [ 25.4205232, 35.3053874 ], [ 25.4223268, 35.304804 ], [ 25.4236767, 35.3029577 ], [ 25.422723, 35.2980537 ], [ 25.4253857, 35.2951676 ], [ 25.4345999, 35.2929709 ], [ 25.4372121, 35.2931464 ], [ 25.439499, 35.2921253 ], [ 25.4475697, 35.2920549 ], [ 25.4492657, 35.2927461 ], [ 25.4503333, 35.2920963 ], [ 25.4608569, 35.2938498 ], [ 25.4633368, 35.2935159 ], [ 25.4661248, 35.2945416 ], [ 25.4693854, 35.2946265 ], [ 25.4717592, 35.2969832 ], [ 25.476037, 35.2968353 ], [ 25.4716105, 35.2964859 ], [ 25.4722157, 35.2945762 ], [ 25.4745852, 35.2952043 ], [ 25.4750006, 35.2963319 ], [ 25.4756729, 35.2954109 ], [ 25.4769673, 35.2963178 ], [ 25.4770145, 35.2954251 ], [ 25.4787185, 35.2951477 ], [ 25.4792879, 35.2960381 ], [ 25.4842972, 35.2964444 ], [ 25.4854479, 35.2975195 ], [ 25.4857453, 35.2966022 ], [ 25.487617, 35.2962142 ], [ 25.4929688, 35.2994217 ], [ 25.4988769, 35.2994097 ], [ 25.4987839, 35.300804 ], [ 25.5002916, 35.300792 ], [ 25.5005658, 35.3020565 ], [ 25.5093572, 35.3055042 ], [ 25.513631, 35.3084427 ], [ 25.5173653, 35.3086251 ], [ 25.5179347, 35.3093731 ], [ 25.5189716, 35.3097104 ], [ 25.5180571, 35.3088676 ], [ 25.519092, 35.3070503 ], [ 25.519539, 35.308183 ], [ 25.5186224, 35.3088418 ], [ 25.5242144, 35.3105619 ], [ 25.5269659, 35.3089582 ], [ 25.5291324, 35.3096259 ], [ 25.5303857, 35.3112114 ], [ 25.5297507, 35.3126865 ], [ 25.5286464, 35.312202 ], [ 25.5289148, 35.312706 ], [ 25.5338191, 35.3133501 ], [ 25.5359746, 35.3165692 ], [ 25.5462811, 35.3216446 ], [ 25.5499851, 35.3227326 ], [ 25.5508468, 35.3225586 ], [ 25.5502048, 35.3221544 ], [ 25.5528571, 35.322274 ], [ 25.5562458, 35.3231188 ], [ 25.5601441, 35.3201142 ], [ 25.5613722, 35.3205694 ], [ 25.562607, 35.3204393 ], [ 25.5609847, 35.3200148 ], [ 25.5617364, 35.3192717 ], [ 25.5650791, 35.3200474 ], [ 25.5668654, 35.3194916 ], [ 25.5682207, 35.3203067 ], [ 25.5719488, 35.319789 ], [ 25.5728504, 35.3202794 ], [ 25.5726405, 35.3209431 ], [ 25.5764633, 35.3227499 ], [ 25.578321, 35.3227761 ], [ 25.580383, 35.3252176 ], [ 25.5834579, 35.3268369 ], [ 25.5855439, 35.3265252 ], [ 25.585997, 35.329428 ], [ 25.5894867, 35.3323147 ], [ 25.5995365, 35.3314198 ], [ 25.6034766, 35.3338746 ], [ 25.6135463, 35.3353179 ], [ 25.6198811, 35.3380626 ], [ 25.6223832, 35.3379029 ], [ 25.6227396, 35.3384931 ], [ 25.6241478, 35.3379298 ], [ 25.6251617, 35.3386214 ], [ 25.6288964, 35.3379168 ], [ 25.6321019, 35.3388921 ], [ 25.6338439, 35.3385642 ], [ 25.6350701, 35.3397504 ], [ 25.6381008, 35.3396741 ], [ 25.6431614, 35.3416458 ], [ 25.646315, 35.3412964 ], [ 25.6516749, 35.3432437 ], [ 25.6563054, 35.346744 ], [ 25.6592718, 35.3469374 ], [ 25.6610037, 35.3480361 ], [ 25.665644, 35.3474565 ], [ 25.6670281, 35.3463686 ], [ 25.6678484, 35.3441313 ], [ 25.6722995, 35.3444107 ], [ 25.6743721, 35.3434071 ], [ 25.6741491, 35.3415623 ], [ 25.6756897, 35.3406078 ], [ 25.6786017, 35.34099 ], [ 25.6805085, 35.33903 ], [ 25.6844151, 35.3385395 ], [ 25.6886567, 35.3360951 ], [ 25.6946102, 35.337341 ], [ 25.6953062, 35.3367165 ], [ 25.6961327, 35.3374122 ], [ 25.6996656, 35.3355039 ], [ 25.7000496, 35.3367047 ], [ 25.7033935, 35.3360651 ], [ 25.7068676, 35.3379847 ], [ 25.7089341, 35.3374194 ], [ 25.7109766, 35.3390354 ], [ 25.7129738, 35.3384399 ], [ 25.7158608, 35.3395796 ], [ 25.7183321, 35.3380577 ], [ 25.7209109, 35.3379698 ], [ 25.7216966, 35.3401213 ], [ 25.722804, 35.3403071 ], [ 25.7244933, 35.3391627 ], [ 25.7294901, 35.3406303 ], [ 25.730311, 35.3398567 ], [ 25.730099, 35.3374858 ], [ 25.7328198, 35.3362366 ], [ 25.7360767, 35.3361606 ], [ 25.745804, 35.3390801 ], [ 25.7492664, 35.3381624 ], [ 25.7495914, 35.3372039 ], [ 25.7507914, 35.3371427 ], [ 25.7513164, 35.3357458 ], [ 25.7532038, 35.3366533 ], [ 25.7534663, 35.3359191 ], [ 25.7547663, 35.3358987 ], [ 25.7603287, 35.3384377 ], [ 25.7615162, 35.3397429 ], [ 25.7611059, 35.3403618 ], [ 25.7688316, 35.3397429 ], [ 25.7726087, 35.3413519 ], [ 25.7724126, 35.338206 ], [ 25.7684445, 35.3357578 ], [ 25.7688811, 35.3347618 ], [ 25.7709026, 35.3342967 ], [ 25.7708321, 35.3329524 ], [ 25.7690166, 35.3303043 ], [ 25.7694553, 35.3292384 ], [ 25.765173, 35.3217182 ], [ 25.7632299, 35.3200416 ], [ 25.7596174, 35.3175836 ], [ 25.756619, 35.3173245 ], [ 25.7498981, 35.3114952 ], [ 25.7452107, 35.3103833 ], [ 25.7416285, 35.3083461 ], [ 25.7377467, 35.3078068 ], [ 25.7323688, 35.3051869 ], [ 25.7279637, 35.3042542 ], [ 25.7268334, 35.3031195 ], [ 25.7273514, 35.3004504 ], [ 25.7287353, 35.2995319 ], [ 25.7284635, 35.2986714 ], [ 25.72923, 35.2980559 ], [ 25.7285788, 35.2981783 ], [ 25.7271949, 35.296436 ], [ 25.7302448, 35.2930126 ], [ 25.730423, 35.2899585 ], [ 25.7288933, 35.2859492 ], [ 25.7237792, 35.2815275 ], [ 25.7245384, 35.2774544 ], [ 25.7231977, 35.2726078 ], [ 25.7238039, 35.2712178 ], [ 25.7216916, 35.268786 ], [ 25.7214289, 35.2664233 ], [ 25.7232254, 35.2651926 ], [ 25.7222661, 35.2648743 ], [ 25.7228966, 35.2630406 ], [ 25.7219717, 35.2632868 ], [ 25.7216722, 35.2624633 ], [ 25.7254815, 35.2613091 ], [ 25.731565, 35.2572571 ], [ 25.73487, 35.2577319 ], [ 25.7355201, 35.2568023 ], [ 25.7337331, 35.2569042 ], [ 25.7347833, 35.2551961 ], [ 25.7331037, 35.2550144 ], [ 25.7329785, 35.2537298 ], [ 25.7315083, 35.2536786 ], [ 25.7319591, 35.2524003 ], [ 25.7304969, 35.2521346 ], [ 25.7320724, 35.2508693 ], [ 25.7309598, 35.2499706 ], [ 25.7311807, 35.2492254 ], [ 25.7329685, 35.2495414 ], [ 25.7326785, 35.2479866 ], [ 25.7308915, 35.2462204 ], [ 25.7310749, 35.2448513 ], [ 25.7318814, 35.2442291 ], [ 25.7314096, 35.2431842 ], [ 25.7322825, 35.2425009 ], [ 25.7321416, 35.2414539 ], [ 25.7343877, 35.2418193 ], [ 25.7343562, 35.240352 ], [ 25.7352028, 35.2400693 ], [ 25.7355204, 35.2394883 ], [ 25.7348507, 35.2374616 ], [ 25.7373421, 35.2329023 ], [ 25.7401029, 35.2321698 ], [ 25.7351616, 35.227948 ], [ 25.7340989, 35.227901 ], [ 25.7335521, 35.2262329 ], [ 25.7307233, 35.2244881 ], [ 25.725139, 35.224753 ], [ 25.723452, 35.2231493 ], [ 25.7183155, 35.2221159 ], [ 25.7137618, 35.2197703 ], [ 25.7143233, 35.217016 ], [ 25.7125221, 35.2141751 ], [ 25.7124421, 35.2126127 ], [ 25.713338, 35.2117808 ], [ 25.7126252, 35.2105185 ], [ 25.7141872, 35.210083 ], [ 25.7139497, 35.2093714 ], [ 25.7149953, 35.2092834 ], [ 25.7146852, 35.2100879 ], [ 25.7175047, 35.2084382 ], [ 25.7169138, 35.2077302 ], [ 25.7193893, 35.2046063 ], [ 25.7198981, 35.2015352 ], [ 25.7176219, 35.2018167 ], [ 25.7163237, 35.2048363 ], [ 25.715331, 35.205219 ], [ 25.7157887, 35.2020741 ], [ 25.7146405, 35.2011238 ], [ 25.7161212, 35.1991097 ], [ 25.7148278, 35.199178 ], [ 25.7128111, 35.1977443 ], [ 25.7173377, 35.1948491 ], [ 25.7197093, 35.1915247 ], [ 25.7192441, 35.1905334 ], [ 25.7211413, 35.1918058 ], [ 25.7202291, 35.1936098 ], [ 25.7214427, 35.1928411 ], [ 25.7227594, 35.1912764 ], [ 25.7219192, 35.1908098 ], [ 25.7229888, 35.1893732 ], [ 25.7213022, 35.1892473 ], [ 25.7209063, 35.1887091 ], [ 25.721662, 35.1878486 ], [ 25.7207381, 35.1875388 ], [ 25.7197505, 35.1860593 ], [ 25.7192784, 35.1858591 ], [ 25.7163231, 35.1854192 ], [ 25.7196896, 35.1861114 ], [ 25.7203229, 35.1875669 ], [ 25.7168968, 35.186718 ], [ 25.7170587, 35.1859501 ], [ 25.7164126, 35.1870625 ], [ 25.7151352, 35.1865183 ], [ 25.7129623, 35.1826493 ], [ 25.7133742, 35.181995 ], [ 25.7122538, 35.1818188 ], [ 25.7110669, 35.1786985 ], [ 25.7115511, 35.1785297 ], [ 25.7098031, 35.1779574 ], [ 25.7093993, 35.1754408 ], [ 25.7103988, 35.1745888 ], [ 25.7098538, 35.1737334 ], [ 25.7118643, 35.169541 ], [ 25.7142452, 35.1691531 ], [ 25.7127757, 35.1673872 ], [ 25.7115261, 35.1675489 ], [ 25.7108754, 35.1661075 ], [ 25.7126765, 35.1642434 ], [ 25.7154912, 35.1643489 ], [ 25.715333, 35.1624583 ], [ 25.718008, 35.1611545 ], [ 25.7162682, 35.1605187 ], [ 25.7166091, 35.1594513 ], [ 25.7179626, 35.15921 ], [ 25.7209325, 35.1553531 ], [ 25.7233059, 35.1546497 ], [ 25.7215178, 35.1526966 ], [ 25.7249876, 35.1503339 ], [ 25.7218365, 35.1489686 ], [ 25.7207731, 35.1481444 ], [ 25.7211341, 35.1474091 ], [ 25.7251238, 35.147451 ], [ 25.7281407, 35.1493628 ], [ 25.729398, 35.1490901 ], [ 25.7297222, 35.1465864 ], [ 25.7283812, 35.1457039 ], [ 25.7272664, 35.1427298 ], [ 25.7291663, 35.1414428 ], [ 25.7269549, 35.1402926 ], [ 25.7267768, 35.1388681 ], [ 25.7286608, 35.1375188 ], [ 25.7281506, 35.135081 ], [ 25.7259192, 35.1338341 ], [ 25.725008, 35.1321356 ], [ 25.7272613, 35.1296974 ], [ 25.7303288, 35.1280023 ], [ 25.7317384, 35.1286749 ], [ 25.7320149, 35.1273039 ], [ 25.7354924, 35.1267959 ], [ 25.7362228, 35.1270589 ], [ 25.7378486, 35.1315375 ], [ 25.7388611, 35.1324167 ], [ 25.7410808, 35.1323089 ], [ 25.7415653, 35.1300334 ], [ 25.742586, 35.1290125 ], [ 25.7412604, 35.1276569 ], [ 25.7414522, 35.1266508 ], [ 25.7436025, 35.12545 ], [ 25.7453234, 35.1254343 ], [ 25.7477041, 35.1265384 ], [ 25.7473324, 35.1302229 ], [ 25.7493527, 35.1298204 ], [ 25.750269, 35.1286016 ], [ 25.7500286, 35.1303154 ], [ 25.7511672, 35.130871 ], [ 25.7524347, 35.1303123 ], [ 25.7528904, 35.1289708 ], [ 25.7515454, 35.1267915 ], [ 25.7541778, 35.1257607 ], [ 25.7565719, 35.128522 ], [ 25.7574782, 35.128321 ], [ 25.7592402, 35.1303918 ], [ 25.7602027, 35.1304123 ], [ 25.7605152, 35.1289606 ], [ 25.7617054, 35.1287882 ], [ 25.7609577, 35.1261567 ], [ 25.7620914, 35.1252889 ], [ 25.7632176, 35.1260385 ], [ 25.7647281, 35.1245486 ], [ 25.7657547, 35.1248751 ], [ 25.7660909, 35.1227282 ], [ 25.7674273, 35.1228814 ], [ 25.7696179, 35.1212076 ], [ 25.7706525, 35.1215383 ], [ 25.7734391, 35.1204406 ], [ 25.7751147, 35.1218645 ], [ 25.7785452, 35.1195678 ], [ 25.7788547, 35.1180656 ], [ 25.7800227, 35.1183893 ], [ 25.7794235, 35.119452 ], [ 25.7813826, 35.1205038 ], [ 25.7813766, 35.1216155 ], [ 25.7835812, 35.1177303 ], [ 25.7850206, 35.1162509 ], [ 25.7862473, 35.1162294 ], [ 25.7881134, 35.1139526 ], [ 25.7902589, 35.1143851 ], [ 25.7903522, 35.1155012 ], [ 25.7910583, 35.1144629 ], [ 25.7930571, 35.1146482 ], [ 25.7926059, 35.114122 ], [ 25.7951047, 35.1153546 ], [ 25.7971248, 35.1127048 ], [ 25.7986344, 35.1130083 ], [ 25.7987231, 35.1139366 ], [ 25.7998966, 35.1144206 ], [ 25.8014386, 35.1142536 ], [ 25.8027693, 35.1117401 ], [ 25.8035178, 35.1120965 ], [ 25.804586, 35.1121266 ], [ 25.803622, 35.1113379 ], [ 25.8054879, 35.1099986 ], [ 25.8118957, 35.1094941 ], [ 25.8143245, 35.1113832 ], [ 25.8157874, 35.1108874 ], [ 25.815333, 35.1119052 ], [ 25.8159078, 35.1124487 ], [ 25.8199596, 35.1145663 ], [ 25.8219865, 35.116175 ], [ 25.8235813, 35.1188523 ], [ 25.8259372, 35.1201583 ], [ 25.8291951, 35.1281466 ], [ 25.8312669, 35.1302234 ], [ 25.832226, 35.1301592 ], [ 25.8317903, 35.1312108 ], [ 25.8366112, 35.1336913 ], [ 25.8364422, 35.1352635 ], [ 25.8350029, 35.1362965 ], [ 25.835425, 35.1373564 ], [ 25.8367658, 35.1375866 ], [ 25.8377477, 35.1390113 ], [ 25.8424223, 35.1381245 ], [ 25.8419845, 35.138758 ], [ 25.8432605, 35.1401191 ], [ 25.843559, 35.1422929 ], [ 25.8426909, 35.1444778 ], [ 25.8444951, 35.146633 ], [ 25.8436968, 35.1473959 ], [ 25.8441117, 35.1501388 ], [ 25.8435466, 35.1508983 ], [ 25.845982, 35.1522405 ], [ 25.8461242, 35.1539664 ], [ 25.8480982, 35.1565014 ], [ 25.8508059, 35.1564345 ], [ 25.8534908, 35.15885 ], [ 25.8579004, 35.1596011 ], [ 25.8574793, 35.1588401 ], [ 25.8585562, 35.1589278 ], [ 25.8594239, 35.157872 ], [ 25.858925, 35.1554883 ], [ 25.860989, 35.1558666 ], [ 25.8618097, 35.1536341 ], [ 25.8610372, 35.1528304 ], [ 25.863593, 35.1518304 ], [ 25.8651048, 35.1546919 ], [ 25.87004, 35.1582775 ], [ 25.87708, 35.1585487 ], [ 25.879107, 35.1608326 ], [ 25.8808802, 35.1610905 ], [ 25.8808851, 35.1623652 ], [ 25.8830808, 35.1638475 ], [ 25.8833162, 35.1673222 ], [ 25.8850667, 35.1699541 ], [ 25.8866543, 35.169362 ], [ 25.887818, 35.170986 ], [ 25.8900264, 35.1718643 ], [ 25.8938312, 35.1705955 ], [ 25.8956043, 35.172744 ], [ 25.8948534, 35.1770086 ], [ 25.8929738, 35.1775401 ], [ 25.8938167, 35.1778295 ], [ 25.8928106, 35.1793108 ], [ 25.8911355, 35.17965 ], [ 25.8925909, 35.1831234 ], [ 25.896074, 35.1877263 ], [ 25.8979565, 35.18623 ], [ 25.8985179, 35.1832067 ], [ 25.8995999, 35.1838161 ], [ 25.9006734, 35.1835053 ], [ 25.8992361, 35.1832082 ], [ 25.9000916, 35.1825508 ], [ 25.9047437, 35.1851371 ], [ 25.908542, 35.1806182 ], [ 25.9135584, 35.1809452 ], [ 25.9140316, 35.1800545 ], [ 25.9175313, 35.1791435 ], [ 25.9230579, 35.1793242 ], [ 25.9244091, 35.1804592 ], [ 25.930931, 35.1793583 ], [ 25.9343788, 35.1808303 ], [ 25.9389141, 35.1798405 ], [ 25.9422694, 35.1814709 ], [ 25.9462178, 35.1811247 ], [ 25.9489213, 35.1825633 ], [ 25.9491822, 35.1845558 ], [ 25.9501634, 35.1837884 ], [ 25.9512338, 35.184335 ], [ 25.953648, 35.1838263 ], [ 25.9540062, 35.1885001 ], [ 25.9551561, 35.1908592 ], [ 25.9561917, 35.1899357 ], [ 25.9563559, 35.1912882 ], [ 25.9577335, 35.1902999 ], [ 25.9580505, 35.190527 ], [ 25.9564214, 35.1928858 ], [ 25.9594079, 35.1963168 ], [ 25.9602751, 35.1988162 ], [ 25.9630288, 35.2007085 ], [ 25.9702061, 35.2006225 ], [ 25.969837, 35.1996549 ], [ 25.9722962, 35.1992774 ], [ 25.9719539, 35.1967593 ], [ 25.9725785, 35.1954039 ], [ 25.9760756, 35.1948334 ], [ 25.9796863, 35.196352 ], [ 25.9848433, 35.1967628 ], [ 25.9864585, 35.1992881 ], [ 25.9875241, 35.1995472 ], [ 25.9924557, 35.1998998 ], [ 25.9939985, 35.1984885 ], [ 25.9977922, 35.1987858 ], [ 25.9998796, 35.2011663 ], [ 25.9999943, 35.2026354 ], [ 26.0005402, 35.2017051 ], [ 26.0041326, 35.2028417 ], [ 26.0067517, 35.2054476 ], [ 26.0061841, 35.2080797 ], [ 26.0035998, 35.2090261 ], [ 26.0029771, 35.210354 ], [ 26.0047119, 35.2134052 ], [ 26.0081392, 35.2156216 ], [ 26.010673, 35.2157166 ], [ 26.012243, 35.2183412 ], [ 26.0204256, 35.2239099 ], [ 26.0257434, 35.2295546 ], [ 26.0290437, 35.229664 ], [ 26.0297572, 35.2288286 ], [ 26.029696, 35.229379 ], [ 26.0355818, 35.2304603 ], [ 26.039028, 35.2257561 ], [ 26.0407717, 35.2248568 ], [ 26.0426034, 35.2245834 ], [ 26.0434577, 35.2252525 ], [ 26.0444264, 35.2246122 ], [ 26.0471564, 35.225346 ], [ 26.0485066, 35.2246029 ], [ 26.0493581, 35.2252349 ], [ 26.0500061, 35.2243476 ], [ 26.0504167, 35.2255605 ], [ 26.0515895, 35.2252347 ], [ 26.0537171, 35.2268017 ], [ 26.0529161, 35.2293741 ], [ 26.0552241, 35.2311355 ], [ 26.0564614, 35.2334044 ], [ 26.0593411, 35.2341081 ], [ 26.0598425, 35.2364411 ], [ 26.0617356, 35.2365436 ], [ 26.0620916, 35.2357382 ], [ 26.064392, 35.2351335 ], [ 26.0657417, 35.2363465 ], [ 26.0656128, 35.2340038 ], [ 26.0647516, 35.2331701 ], [ 26.0592309, 35.2300799 ], [ 26.0628158, 35.2243873 ], [ 26.0640293, 35.2244414 ], [ 26.0638157, 35.2237316 ], [ 26.0652957, 35.2235492 ], [ 26.0673363, 35.2209714 ], [ 26.0697105, 35.2197246 ], [ 26.0713642, 35.220517 ], [ 26.0716955, 35.2198347 ], [ 26.0728579, 35.2199282 ], [ 26.0764422, 35.2223455 ], [ 26.0777076, 35.2211479 ], [ 26.0795884, 35.2216756 ], [ 26.0797458, 35.2187011 ], [ 26.0826016, 35.2192164 ], [ 26.084384, 35.2168256 ], [ 26.0846566, 35.2194657 ], [ 26.0945429, 35.2212886 ], [ 26.0957284, 35.2225333 ], [ 26.1006574, 35.2225411 ], [ 26.1045, 35.2261076 ], [ 26.1049701, 35.2275872 ], [ 26.1104956, 35.2283405 ], [ 26.1150041, 35.2248729 ], [ 26.1173927, 35.2244543 ], [ 26.1168067, 35.2220147 ], [ 26.1121222, 35.2138958 ], [ 26.112243, 35.2121008 ], [ 26.1140941, 35.2110041 ], [ 26.1117367, 35.2122899 ], [ 26.1077619, 35.2092887 ], [ 26.1106098, 35.208173 ], [ 26.1107932, 35.2077633 ], [ 26.1073929, 35.2092411 ], [ 26.1068085, 35.2085583 ], [ 26.1080322, 35.2064226 ], [ 26.1098008, 35.2077372 ], [ 26.1085853, 35.2061475 ], [ 26.1089714, 35.2055229 ], [ 26.1142905, 35.2019688 ], [ 26.1190502, 35.200203 ], [ 26.1280256, 35.1987274 ], [ 26.1302048, 35.2003758 ], [ 26.1312843, 35.1973571 ], [ 26.135406, 35.1955367 ], [ 26.1451401, 35.1959128 ], [ 26.148064, 35.1968931 ], [ 26.1506281, 35.1960361 ], [ 26.1543043, 35.1982896 ], [ 26.1575327, 35.1973654 ], [ 26.1628447, 35.1991999 ], [ 26.1647832, 35.2012504 ], [ 26.1686517, 35.2012971 ], [ 26.1713697, 35.2029935 ], [ 26.1714452, 35.2054439 ], [ 26.1722073, 35.2066803 ], [ 26.1734645, 35.2062994 ], [ 26.1741267, 35.2086599 ], [ 26.1766132, 35.20826 ], [ 26.1773477, 35.2096671 ], [ 26.1792824, 35.2101335 ], [ 26.1792467, 35.2118311 ], [ 26.1814211, 35.2126529 ], [ 26.1835219, 35.212922 ], [ 26.1850575, 35.2117077 ], [ 26.186733, 35.2127467 ], [ 26.1854474, 35.2153072 ], [ 26.1859413, 35.2183766 ], [ 26.1818684, 35.2229517 ], [ 26.1807718, 35.2231505 ], [ 26.1813432, 35.2249031 ], [ 26.1848091, 35.225876 ], [ 26.1851695, 35.2250227 ], [ 26.1860198, 35.226036 ], [ 26.1851489, 35.2262203 ], [ 26.1874416, 35.2271024 ], [ 26.1886428, 35.2254786 ], [ 26.192493, 35.2256123 ], [ 26.1977308, 35.2281384 ], [ 26.1997739, 35.2283659 ], [ 26.1999868, 35.2317243 ], [ 26.2037879, 35.2344589 ], [ 26.2054573, 35.2340737 ], [ 26.2053493, 35.2348291 ], [ 26.2084006, 35.2359307 ], [ 26.2066588, 35.2399964 ], [ 26.2039696, 35.2414122 ], [ 26.2080572, 35.2427734 ], [ 26.2092569, 35.2403106 ], [ 26.2149865, 35.2382312 ], [ 26.2146736, 35.2399066 ], [ 26.2168245, 35.2421098 ], [ 26.2165399, 35.2426908 ], [ 26.217577, 35.2428806 ], [ 26.217762, 35.2447278 ], [ 26.2197265, 35.2449694 ], [ 26.2214993, 35.2478847 ], [ 26.2250044, 35.2498796 ], [ 26.226068, 35.2517965 ], [ 26.2251326, 35.2540385 ], [ 26.2264416, 35.2548343 ], [ 26.2263172, 35.2563533 ], [ 26.2246299, 35.2575355 ], [ 26.2200019, 35.2555928 ], [ 26.2222831, 35.2574453 ], [ 26.2213794, 35.2579551 ], [ 26.22218, 35.2594729 ], [ 26.2208586, 35.2598619 ], [ 26.2219262, 35.2611232 ], [ 26.2214735, 35.2622053 ], [ 26.2234248, 35.2633428 ], [ 26.2215986, 35.2662882 ], [ 26.2226048, 35.2666687 ], [ 26.2263021, 35.2657116 ], [ 26.2290945, 35.2675307 ], [ 26.2302832, 35.2666544 ], [ 26.2305702, 35.267911 ], [ 26.2329734, 35.2687341 ], [ 26.2337539, 35.2697878 ], [ 26.2369355, 35.2689222 ], [ 26.2369637, 35.2707282 ], [ 26.2347419, 35.2732354 ], [ 26.2301876, 35.2743556 ], [ 26.2314021, 35.2750703 ], [ 26.2308122, 35.2758755 ], [ 26.2318669, 35.276259 ], [ 26.23158, 35.2769009 ], [ 26.2335625, 35.2777345 ], [ 26.2332308, 35.2783733 ], [ 26.2345723, 35.2783611 ], [ 26.2346282, 35.2793376 ], [ 26.2406799, 35.2795719 ], [ 26.2411494, 35.2805575 ], [ 26.2421844, 35.2805621 ], [ 26.2422716, 35.2816482 ], [ 26.2437802, 35.2813575 ], [ 26.2435699, 35.2824549 ], [ 26.2442162, 35.2826443 ], [ 26.2441342, 35.2819294 ], [ 26.2447229, 35.282406 ], [ 26.246951, 35.2811848 ], [ 26.2462898, 35.2769827 ], [ 26.2469737, 35.2734724 ], [ 26.2479501, 35.2729126 ], [ 26.2538564, 35.2734967 ], [ 26.2532229, 35.2720425 ], [ 26.2544862, 35.2716805 ], [ 26.256001, 35.2724639 ], [ 26.2563382, 35.2773451 ], [ 26.2588572, 35.279578 ], [ 26.260739, 35.279438 ], [ 26.2642009, 35.2816587 ], [ 26.2660343, 35.2804784 ], [ 26.2671224, 35.2805849 ], [ 26.2679093, 35.281839 ], [ 26.2698788, 35.2804573 ], [ 26.2714403, 35.2811136 ], [ 26.2729254, 35.280403 ], [ 26.2729241, 35.281541 ], [ 26.2764525, 35.2843104 ], [ 26.2801393, 35.285109 ], [ 26.2825873, 35.2843124 ], [ 26.283403, 35.2861637 ], [ 26.2867736, 35.2848612 ], [ 26.2887986, 35.2862798 ], [ 26.2892368, 35.2878093 ], [ 26.2872149, 35.2905207 ], [ 26.2845069, 35.2901406 ], [ 26.2835488, 35.2910758 ], [ 26.2823427, 35.2906179 ], [ 26.281602, 35.2916631 ], [ 26.2764045, 35.2916151 ], [ 26.273724, 35.2951524 ], [ 26.2763313, 35.2950731 ], [ 26.2759127, 35.2967057 ], [ 26.2804116, 35.2985771 ], [ 26.2849015, 35.2978408 ], [ 26.2857479, 35.2989277 ], [ 26.2875443, 35.2991938 ], [ 26.2884277, 35.2982841 ], [ 26.2896689, 35.2998345 ], [ 26.2946052, 35.2988974 ], [ 26.2949277, 35.299705 ], [ 26.3005473, 35.3003224 ], [ 26.300995, 35.3010721 ], [ 26.3003101, 35.3020807 ], [ 26.2974033, 35.3015691 ], [ 26.2984863, 35.3028675 ], [ 26.2977375, 35.3051543 ], [ 26.2942708, 35.3028404 ], [ 26.2918748, 35.3039353 ], [ 26.290019, 35.302908 ], [ 26.2888064, 35.3038566 ], [ 26.287911, 35.3032612 ], [ 26.2876389, 35.3041279 ], [ 26.2826677, 35.3051106 ], [ 26.284364, 35.3087153 ], [ 26.2824389, 35.3088066 ], [ 26.2821582, 35.310402 ], [ 26.2836249, 35.3109815 ], [ 26.2847982, 35.3093186 ], [ 26.2911457, 35.3113863 ], [ 26.2889515, 35.3134735 ], [ 26.2907405, 35.3134028 ], [ 26.2905768, 35.3127881 ], [ 26.2923998, 35.3132781 ], [ 26.2939827, 35.3123783 ], [ 26.3008493, 35.3130019 ], [ 26.3022912, 35.3137982 ], [ 26.3015152, 35.3144361 ], [ 26.3020501, 35.3155585 ], [ 26.307563, 35.3157277 ], [ 26.3074566, 35.3164556 ], [ 26.3090258, 35.3162978 ], [ 26.3104996, 35.3174113 ], [ 26.3130436, 35.316805 ], [ 26.3139773, 35.3150196 ], [ 26.3131393, 35.313389 ], [ 26.3118212, 35.3145427 ], [ 26.3110017, 35.3140174 ], [ 26.3123814, 35.3124158 ], [ 26.3111213, 35.3113578 ], [ 26.3146704, 35.3108653 ], [ 26.3115102, 35.3076839 ], [ 26.3129363, 35.3079038 ], [ 26.314642, 35.3065685 ], [ 26.3125051, 35.3050081 ], [ 26.3095608, 35.3044848 ], [ 26.3075729, 35.3050981 ], [ 26.3065778, 35.3038328 ], [ 26.3036016, 35.3036138 ], [ 26.304278, 35.3025851 ], [ 26.3020845, 35.3024553 ], [ 26.3022816, 35.3010265 ], [ 26.3069423, 35.2999323 ], [ 26.3058225, 35.2994368 ], [ 26.3071868, 35.2975638 ], [ 26.3068, 35.2959195 ], [ 26.307659, 35.2941157 ], [ 26.3061072, 35.2932235 ], [ 26.3045361, 35.2947228 ], [ 26.3045442, 35.2925396 ], [ 26.3021353, 35.2924804 ], [ 26.3014641, 35.293206 ], [ 26.3014343, 35.2920858 ], [ 26.2999277, 35.2917176 ], [ 26.298832, 35.2923292 ], [ 26.2961008, 35.2919346 ], [ 26.2958511, 35.291231 ], [ 26.2925318, 35.2918425 ], [ 26.2922532, 35.2907247 ], [ 26.296014, 35.2890676 ], [ 26.2966178, 35.2866593 ], [ 26.2936342, 35.2868111 ], [ 26.2907732, 35.2893418 ], [ 26.2910745, 35.2872121 ], [ 26.2899655, 35.2860373 ], [ 26.2928129, 35.2846554 ], [ 26.2928176, 35.282599 ], [ 26.2892778, 35.2779554 ], [ 26.2875346, 35.2774755 ], [ 26.2881622, 35.277203 ], [ 26.2877328, 35.2755325 ], [ 26.2842006, 35.2755517 ], [ 26.2835374, 35.274689 ], [ 26.280916, 35.2751715 ], [ 26.2781858, 35.2736824 ], [ 26.2735234, 35.2737518 ], [ 26.2708658, 35.2717099 ], [ 26.2691421, 35.2715899 ], [ 26.2691664, 35.2702782 ], [ 26.2671062, 35.2691469 ], [ 26.2676223, 35.2677998 ], [ 26.2664146, 35.2684758 ], [ 26.2638716, 35.2673026 ], [ 26.2629772, 35.2647773 ], [ 26.2650559, 35.2632738 ], [ 26.2640033, 35.261951 ], [ 26.2657386, 35.2604811 ], [ 26.265158, 35.2535085 ], [ 26.2671283, 35.2516521 ], [ 26.2685501, 35.2521393 ], [ 26.2702568, 35.2509633 ], [ 26.2695099, 35.2500475 ], [ 26.2698132, 35.249037 ], [ 26.2687087, 35.2484211 ], [ 26.2702543, 35.2441208 ], [ 26.2687988, 35.2433548 ], [ 26.2693909, 35.2419521 ], [ 26.2715384, 35.2414909 ], [ 26.27285, 35.2398828 ], [ 26.2720389, 35.2387554 ], [ 26.2726699, 35.2380744 ], [ 26.2710188, 35.2376377 ], [ 26.2722103, 35.236542 ], [ 26.2714143, 35.2363031 ], [ 26.2712518, 35.2349712 ], [ 26.2737674, 35.2335297 ], [ 26.2763951, 35.2305598 ], [ 26.2733428, 35.2296703 ], [ 26.2738285, 35.2291496 ], [ 26.2726561, 35.2263565 ], [ 26.2775433, 35.2231056 ], [ 26.2734507, 35.2215973 ], [ 26.2749121, 35.2196446 ], [ 26.2739788, 35.2177417 ], [ 26.2748699, 35.2168805 ], [ 26.2705342, 35.2148148 ], [ 26.2713296, 35.2158136 ], [ 26.2706847, 35.2165504 ], [ 26.2678922, 35.2146207 ], [ 26.2679458, 35.2105061 ], [ 26.2694477, 35.2074564 ], [ 26.2723889, 35.2047837 ], [ 26.2750149, 35.203386 ], [ 26.2793089, 35.202499 ], [ 26.2778248, 35.1993948 ], [ 26.2767957, 35.1988575 ], [ 26.2777689, 35.1970135 ], [ 26.2788943, 35.1970285 ], [ 26.2784692, 35.1956087 ], [ 26.2818668, 35.193682 ], [ 26.2846548, 35.1936011 ], [ 26.2861106, 35.1920924 ], [ 26.287832, 35.1921676 ], [ 26.2880511, 35.1908127 ], [ 26.2901086, 35.1897842 ], [ 26.2936393, 35.189233 ], [ 26.2944683, 35.1899421 ], [ 26.2962849, 35.1893648 ], [ 26.2962615, 35.1885701 ], [ 26.2970707, 35.1892873 ], [ 26.298873, 35.1876549 ], [ 26.3011407, 35.1870881 ], [ 26.305053, 35.1873789 ], [ 26.3044695, 35.1884708 ], [ 26.3049102, 35.1893577 ], [ 26.3085931, 35.1927758 ], [ 26.3099562, 35.1931541 ], [ 26.3108505, 35.1969026 ], [ 26.3118658, 35.1977832 ], [ 26.3158216, 35.1987286 ], [ 26.3180232, 35.1967227 ], [ 26.3177731, 35.194974 ], [ 26.3189698, 35.1937677 ], [ 26.3162171, 35.1930427 ], [ 26.3168126, 35.1913082 ], [ 26.316031, 35.190643 ], [ 26.31756, 35.1908449 ], [ 26.3172185, 35.1895382 ], [ 26.3183933, 35.1883736 ], [ 26.3163166, 35.1854627 ], [ 26.315422, 35.1855493 ], [ 26.3180036, 35.1814344 ], [ 26.3111523, 35.1752298 ], [ 26.3081237, 35.1749308 ], [ 26.3075213, 35.1742155 ], [ 26.3079411, 35.1731988 ], [ 26.3058558, 35.1734726 ], [ 26.3056144, 35.1743493 ], [ 26.3056392, 35.1730989 ], [ 26.3032049, 35.1713545 ], [ 26.2988995, 35.1708794 ], [ 26.2896812, 35.173549 ], [ 26.2889121, 35.1731865 ], [ 26.2899554, 35.1718857 ], [ 26.2883605, 35.1698615 ], [ 26.2847412, 35.17024 ], [ 26.285138, 35.1688716 ], [ 26.2840353, 35.1698357 ], [ 26.2837128, 35.1687674 ], [ 26.2814697, 35.1691795 ], [ 26.2812167, 35.1679693 ], [ 26.2796111, 35.167042 ], [ 26.2800815, 35.1630058 ], [ 26.2792686, 35.1600286 ], [ 26.2815445, 35.1553139 ], [ 26.2789977, 35.1543657 ], [ 26.2758803, 35.1514377 ], [ 26.2769423, 35.1510046 ], [ 26.2763844, 35.1507505 ], [ 26.277272, 35.1503151 ], [ 26.2777846, 35.1483461 ], [ 26.277887, 35.1467716 ], [ 26.276955, 35.147044 ], [ 26.2765175, 35.1456443 ], [ 26.2772127, 35.1447366 ], [ 26.2776918, 35.1452252 ], [ 26.2780963, 35.1417673 ], [ 26.2796924, 35.1412576 ], [ 26.280411, 35.1394843 ], [ 26.2837865, 35.1374344 ], [ 26.2851757, 35.1355666 ], [ 26.2834593, 35.130788 ], [ 26.2810584, 35.1272272 ], [ 26.2798743, 35.1225477 ], [ 26.2816965, 35.1157155 ], [ 26.2803568, 35.1138574 ], [ 26.2805379, 35.111497 ], [ 26.2784209, 35.1085905 ], [ 26.2754081, 35.1073568 ], [ 26.2728766, 35.1046978 ], [ 26.2730211, 35.1033294 ], [ 26.2696307, 35.1004586 ], [ 26.2655539, 35.1010782 ], [ 26.264303, 35.0999949 ], [ 26.2634844, 35.0971747 ], [ 26.2640754, 35.0944273 ], [ 26.2664873, 35.0946134 ], [ 26.2681888, 35.0938751 ], [ 26.269607, 35.0926385 ], [ 26.2673371, 35.0910412 ], [ 26.2711094, 35.0897832 ], [ 26.2717261, 35.0881714 ], [ 26.2652581, 35.0819275 ], [ 26.2636387, 35.0816858 ], [ 26.2645288, 35.0810376 ], [ 26.2633106, 35.0793653 ], [ 26.2610626, 35.0794557 ], [ 26.2583378, 35.0783457 ], [ 26.2591494, 35.0782364 ], [ 26.2591121, 35.0769823 ], [ 26.2567545, 35.0764549 ], [ 26.2553895, 35.0752298 ], [ 26.254411, 35.0705428 ], [ 26.2505001, 35.0657558 ], [ 26.2495047, 35.0658877 ], [ 26.2477497, 35.0636938 ], [ 26.2469377, 35.0648375 ], [ 26.2460545, 35.064611 ], [ 26.2467988, 35.063129 ], [ 26.2454693, 35.0621768 ], [ 26.2452397, 35.0606026 ], [ 26.2427973, 35.058896 ], [ 26.2440607, 35.0569756 ], [ 26.2449211, 35.0571495 ], [ 26.2445622, 35.0546741 ], [ 26.2429196, 35.0538769 ], [ 26.2406304, 35.0489714 ], [ 26.2395974, 35.0493047 ], [ 26.2384499, 35.0468451 ], [ 26.2359941, 35.0453887 ], [ 26.2351631, 35.0426656 ], [ 26.2339079, 35.0418855 ], [ 26.2343013, 35.0410695 ], [ 26.2330044, 35.0405673 ], [ 26.2327272, 35.0390629 ], [ 26.230499, 35.0372745 ], [ 26.2313529, 35.0337705 ], [ 26.2295444, 35.0330803 ], [ 26.2271284, 35.0355921 ], [ 26.2231399, 35.0366616 ], [ 26.2166164, 35.0353241 ], [ 26.2160001, 35.0328175 ], [ 26.212724, 35.0311297 ], [ 26.2111157, 35.0313607 ], [ 26.2110806, 35.0304387 ], [ 26.2102193, 35.0305386 ], [ 26.2088674, 35.0287193 ], [ 26.2122541, 35.0268324 ], [ 26.2105243, 35.0246706 ], [ 26.2088847, 35.0254078 ], [ 26.20887, 35.0220032 ], [ 26.2036926, 35.024273 ], [ 26.2007672, 35.0241171 ], [ 26.1993008, 35.0226825 ], [ 26.195433, 35.0227503 ], [ 26.1945414, 35.0211461 ], [ 26.1952663, 35.0206291 ], [ 26.1950112, 35.0182685 ], [ 26.1942226, 35.0177747 ], [ 26.1949643, 35.0163907 ], [ 26.1938436, 35.0153575 ], [ 26.1905683, 35.0157475 ], [ 26.1888189, 35.0148834 ], [ 26.1887901, 35.0140641 ], [ 26.1873066, 35.0137459 ], [ 26.1774913, 35.0168919 ], [ 26.1736845, 35.0153326 ], [ 26.1722653, 35.0159898 ], [ 26.1706986, 35.0151269 ], [ 26.1692056, 35.0154373 ], [ 26.1673831, 35.0132373 ], [ 26.1655103, 35.0123728 ], [ 26.1637034, 35.0126546 ], [ 26.1612516, 35.0148815 ], [ 26.1581705, 35.0156605 ], [ 26.1565235, 35.0146519 ], [ 26.1564394, 35.0118238 ], [ 26.1554362, 35.0109815 ], [ 26.1532353, 35.0121107 ], [ 26.1491231, 35.0115513 ], [ 26.1477586, 35.0098538 ], [ 26.1439023, 35.0089717 ], [ 26.1438936, 35.007825 ], [ 26.1423656, 35.0066211 ], [ 26.1428862, 35.0076994 ], [ 26.1410615, 35.0070252 ], [ 26.1412037, 35.0050909 ], [ 26.1433916, 35.0041662 ], [ 26.144355, 35.0040664 ], [ 26.1467229, 35.0057892 ], [ 26.1469487, 35.0050899 ], [ 26.1440702, 35.0030855 ], [ 26.1397608, 35.0019988 ], [ 26.138948, 35.0005071 ], [ 26.1310597, 34.9994549 ], [ 26.1271255, 34.9997162 ], [ 26.122293, 34.9977638 ], [ 26.1202632, 34.9991296 ], [ 26.1174927, 34.9972096 ], [ 26.1131569, 34.996644 ], [ 26.1107343, 34.9959159 ], [ 26.1106695, 34.9952405 ], [ 26.1068515, 34.9975347 ], [ 26.1039209, 34.9979208 ], [ 26.1025392, 34.9970688 ], [ 26.0982966, 34.9975819 ], [ 26.096462, 34.9959681 ], [ 26.0944716, 34.9973651 ], [ 26.0934007, 35.0005903 ], [ 26.0973577, 35.0065448 ], [ 26.0910808, 35.0145852 ], [ 26.0875615, 35.0163832 ], [ 26.0882465, 35.017035 ], [ 26.0866101, 35.018654 ], [ 26.0822801, 35.0180984 ], [ 26.0777147, 35.0203492 ], [ 26.0750731, 35.0195603 ], [ 26.0752529, 35.0203398 ], [ 26.0715915, 35.020648 ], [ 26.0687785, 35.0223446 ], [ 26.0664231, 35.0210539 ], [ 26.0642081, 35.021951 ], [ 26.0608465, 35.0207915 ], [ 26.058369, 35.0211944 ], [ 26.054537, 35.0204896 ], [ 26.0505989, 35.0182379 ], [ 26.0471997, 35.0191821 ], [ 26.0414961, 35.0176476 ], [ 26.0352591, 35.0195824 ], [ 26.0340067, 35.0193567 ], [ 26.0338356, 35.0175154 ], [ 26.031585, 35.0179147 ], [ 26.0311046, 35.0159394 ], [ 26.0303493, 35.0160976 ], [ 26.0267219, 35.0135169 ], [ 26.0243616, 35.0142809 ], [ 26.0247338, 35.0153406 ], [ 26.0210885, 35.0168475 ], [ 26.0219996, 35.0173985 ], [ 26.0205035, 35.019585 ], [ 26.0155807, 35.021514 ], [ 26.0145313, 35.0213765 ], [ 26.0140149, 35.0202314 ], [ 26.0129479, 35.0216528 ], [ 26.0120368, 35.0209451 ], [ 26.0115216, 35.021705 ], [ 26.011139, 35.0210653 ], [ 26.0097582, 35.0212127 ], [ 26.0082262, 35.0194421 ], [ 26.0064869, 35.0188583 ], [ 26.004363, 35.0206086 ], [ 26.0013105, 35.019829 ], [ 26.0015343, 35.0214134 ], [ 25.9999345, 35.0217611 ], [ 26.0016924, 35.0232585 ], [ 26.0019208, 35.0251777 ], [ 25.9962569, 35.031266 ], [ 25.9929212, 35.0336062 ], [ 25.98861, 35.0345683 ], [ 25.989401, 35.0357462 ], [ 25.9880842, 35.0369204 ], [ 25.9817173, 35.0388704 ], [ 25.9770613, 35.039239 ], [ 25.9731145, 35.0374002 ], [ 25.9734804, 35.0364266 ], [ 25.9743498, 35.0371 ], [ 25.9735672, 35.034786 ], [ 25.9685889, 35.0355823 ], [ 25.9646595, 35.0343557 ], [ 25.9612584, 35.0312871 ], [ 25.9593575, 35.031734 ], [ 25.9556988, 35.0307286 ], [ 25.9505553, 35.030689 ], [ 25.9464725, 35.0327703 ], [ 25.9363703, 35.0342258 ], [ 25.9326574, 35.0338457 ], [ 25.9324322, 35.0345257 ], [ 25.9323429, 35.0332202 ], [ 25.9253398, 35.0327634 ], [ 25.9246659, 35.0333287 ], [ 25.924224, 35.0322822 ], [ 25.9230952, 35.0321018 ], [ 25.9191372, 35.0325292 ], [ 25.9171628, 35.0309119 ], [ 25.912132, 35.028834 ], [ 25.912137, 35.0297686 ], [ 25.9110431, 35.0302468 ], [ 25.9090671, 35.0291101 ], [ 25.903532, 35.0292364 ], [ 25.9008617, 35.0279688 ], [ 25.8984969, 35.0286356 ], [ 25.896506, 35.0253146 ], [ 25.8912316, 35.0267915 ], [ 25.8885861, 35.0246814 ], [ 25.8864601, 35.0247553 ], [ 25.8858392, 35.0239771 ], [ 25.885217, 35.0246185 ], [ 25.8836197, 35.0243776 ], [ 25.8756931, 35.0218107 ], [ 25.8748553, 35.0204611 ], [ 25.8734542, 35.0203548 ], [ 25.871885, 35.0180789 ], [ 25.8694721, 35.0181603 ], [ 25.8677845, 35.0194807 ], [ 25.8636043, 35.0195091 ], [ 25.8600986, 35.0173724 ], [ 25.8597508, 35.0182899 ], [ 25.8570597, 35.0181764 ], [ 25.854487, 35.0143461 ], [ 25.8524904, 35.015064 ], [ 25.8487611, 35.0141845 ], [ 25.8464691, 35.0155664 ], [ 25.8431272, 35.0148497 ], [ 25.8409335, 35.0131997 ], [ 25.8421502, 35.0119269 ], [ 25.8416763, 35.0110692 ], [ 25.8403798, 35.011311 ], [ 25.8399739, 35.0103193 ], [ 25.8378313, 35.0105094 ], [ 25.8344161, 35.0086128 ], [ 25.8317547, 35.0084725 ], [ 25.8169579, 35.0037003 ], [ 25.8152706, 35.0026314 ], [ 25.8145299, 34.9995732 ], [ 25.8031613, 35.0000953 ], [ 25.7982696, 34.9993925 ], [ 25.7949669, 34.9980299 ], [ 25.7878199, 34.998611 ], [ 25.7800526, 35.0003542 ], [ 25.7726518, 34.9996691 ], [ 25.7551624, 35.00794 ], [ 25.7463772, 35.0099518 ], [ 25.7421727, 35.0095974 ], [ 25.7401146, 35.0084049 ], [ 25.7407884, 35.0073747 ], [ 25.7401162, 35.0075248 ], [ 25.7399969, 35.0064407 ], [ 25.7378068, 35.0050223 ], [ 25.7378733, 35.0037803 ], [ 25.7352613, 35.0040436 ], [ 25.7355547, 35.002589 ], [ 25.7364947, 35.002381 ], [ 25.7379483, 35.0034978 ], [ 25.7388319, 35.0035644 ], [ 25.7365217, 35.0022387 ], [ 25.7354596, 35.0024796 ], [ 25.7338404, 35.005032 ], [ 25.7264865, 35.0076419 ], [ 25.7235425, 35.0075662 ], [ 25.7093087, 35.0124099 ], [ 25.7055608, 35.0114388 ], [ 25.6970309, 35.0139935 ], [ 25.686794, 35.0142982 ], [ 25.673251, 35.0121386 ], [ 25.6708009, 35.0098568 ], [ 25.6700549, 35.0070391 ], [ 25.6658938, 35.0068035 ], [ 25.6616856, 35.0044843 ], [ 25.6579317, 35.0055526 ], [ 25.6515386, 35.0053184 ], [ 25.6468402, 35.0062649 ], [ 25.6397356, 35.006036 ], [ 25.6375424, 35.0048196 ], [ 25.6307926, 35.0061971 ], [ 25.6267623, 35.0048744 ], [ 25.6183617, 35.0061793 ], [ 25.6084712, 35.0056058 ], [ 25.6039999, 35.0068599 ], [ 25.5950867, 35.0070479 ], [ 25.5920016, 35.0061974 ], [ 25.5878348, 35.0030093 ], [ 25.5875216, 35.003623 ], [ 25.5876631, 35.0028146 ], [ 25.5802757, 35.0026721 ], [ 25.5757011, 34.998466 ], [ 25.5723027, 34.9972766 ], [ 25.5663882, 34.9976102 ], [ 25.5559043, 34.9957352 ], [ 25.5547698, 34.995039 ], [ 25.5540625, 34.9930759 ], [ 25.5466838, 34.9891577 ], [ 25.5419393, 34.9885522 ], [ 25.5322999, 34.9912491 ], [ 25.5242607, 34.9908847 ], [ 25.5196853, 34.9899819 ], [ 25.5175502, 34.9888348 ], [ 25.5166533, 34.9870452 ], [ 25.5080747, 34.9850788 ], [ 25.5049119, 34.9825103 ], [ 25.5019722, 34.982025 ], [ 25.4974683, 34.9844823 ], [ 25.4937551, 34.9851772 ], [ 25.4873863, 34.9831642 ], [ 25.479832, 34.987179 ], [ 25.4562042, 34.9913136 ], [ 25.4535557, 34.9912134 ], [ 25.4535006, 34.9909123 ], [ 25.4550302, 34.9905381 ], [ 25.4552339, 34.9901426 ], [ 25.448923, 34.991418 ], [ 25.4369713, 34.9902316 ], [ 25.4337759, 34.9882199 ], [ 25.4216193, 34.9892234 ], [ 25.4170218, 34.9866492 ], [ 25.4129354, 34.9888297 ], [ 25.4093359, 34.989173 ], [ 25.4041589, 34.9924917 ], [ 25.3924289, 34.9969625 ], [ 25.3758363, 34.9988253 ], [ 25.3720009, 34.998121 ], [ 25.3721174, 34.9973003 ], [ 25.3729213, 34.9977527 ], [ 25.3734487, 34.9975659 ], [ 25.3692383, 34.9963129 ], [ 25.3641161, 34.9954893 ], [ 25.3611858, 34.9935775 ], [ 25.3599617, 34.9917823 ], [ 25.3568881, 34.9911033 ], [ 25.3560948, 34.9902087 ], [ 25.3391273, 34.9875953 ], [ 25.329494, 34.9820632 ], [ 25.3199092, 34.9835184 ], [ 25.3104965, 34.9814097 ], [ 25.3085431, 34.9832285 ], [ 25.3036107, 34.9843068 ], [ 25.3011971, 34.9837704 ], [ 25.2995145, 34.9853918 ], [ 25.2874984, 34.9857322 ], [ 25.2861221, 34.9847786 ], [ 25.2873649, 34.9849121 ], [ 25.286681, 34.9841942 ], [ 25.2800749, 34.9834887 ], [ 25.2780936, 34.9790245 ], [ 25.2738089, 34.9764574 ], [ 25.2746003, 34.9742942 ], [ 25.2729357, 34.9743498 ], [ 25.2703648, 34.9705952 ], [ 25.2707508, 34.9694533 ], [ 25.2722672, 34.9695445 ], [ 25.2711203, 34.9681256 ], [ 25.2675049, 34.9678095 ], [ 25.2649241, 34.9662841 ], [ 25.2584049, 34.9665511 ], [ 25.2551614, 34.9643261 ], [ 25.2564016, 34.9621912 ], [ 25.2558035, 34.9621548 ], [ 25.2561299, 34.9611055 ], [ 25.2544486, 34.9618903 ], [ 25.2498931, 34.9607945 ], [ 25.2474619, 34.9595203 ], [ 25.2468937, 34.9574336 ], [ 25.2456738, 34.9572045 ], [ 25.243817, 34.9595594 ], [ 25.2399712, 34.9599328 ], [ 25.2382263, 34.9570762 ], [ 25.2331661, 34.9578301 ], [ 25.2330495, 34.9569389 ], [ 25.2314987, 34.9560797 ], [ 25.2294048, 34.9560238 ], [ 25.2234639, 34.9536241 ], [ 25.221593, 34.9537057 ], [ 25.2216231, 34.9526195 ], [ 25.2144577, 34.9522549 ], [ 25.211124, 34.9534591 ], [ 25.2090856, 34.9523053 ], [ 25.2090727, 34.9508808 ], [ 25.2074734, 34.9510978 ], [ 25.2065643, 34.9494214 ], [ 25.2049286, 34.949465 ], [ 25.2040566, 34.9507545 ], [ 25.2025742, 34.9512068 ], [ 25.2001773, 34.9492261 ], [ 25.1990921, 34.949836 ], [ 25.1991942, 34.9489171 ], [ 25.1981834, 34.9487015 ], [ 25.1986811, 34.9481659 ], [ 25.1950487, 34.946308 ], [ 25.1908295, 34.945857 ], [ 25.187106, 34.9470723 ], [ 25.1869689, 34.9485329 ], [ 25.1857219, 34.9484921 ], [ 25.1852741, 34.9500258 ], [ 25.1856418, 34.9510374 ], [ 25.1874988, 34.9518974 ], [ 25.1878218, 34.9535065 ], [ 25.1842132, 34.9544661 ], [ 25.1835465, 34.9536662 ], [ 25.1831407, 34.954447 ], [ 25.182253, 34.9536726 ], [ 25.1776515, 34.9539264 ], [ 25.1773084, 34.9528414 ], [ 25.1732554, 34.9519415 ], [ 25.1722173, 34.9529787 ], [ 25.1721131, 34.954566 ], [ 25.1690084, 34.9534888 ], [ 25.1680457, 34.954683 ], [ 25.1646709, 34.954807 ], [ 25.1619322, 34.9564677 ], [ 25.1608826, 34.9554625 ], [ 25.1561319, 34.9549495 ], [ 25.1565068, 34.9542722 ], [ 25.1555132, 34.9536373 ], [ 25.1534381, 34.9542825 ], [ 25.1515373, 34.9527769 ], [ 25.1483216, 34.9549496 ], [ 25.1433039, 34.9535068 ], [ 25.1373051, 34.953569 ], [ 25.1362486, 34.9522055 ], [ 25.1332431, 34.9524961 ], [ 25.1284023, 34.9509683 ], [ 25.1266158, 34.9493514 ], [ 25.1258688, 34.9498492 ], [ 25.1251781, 34.9486505 ], [ 25.1227963, 34.9483128 ], [ 25.1223496, 34.9475035 ], [ 25.1208212, 34.9481616 ], [ 25.1176956, 34.9475412 ], [ 25.1154594, 34.9429588 ], [ 25.1109983, 34.9412102 ], [ 25.1078541, 34.9380731 ], [ 25.1025454, 34.9349297 ], [ 25.0977579, 34.934217 ], [ 25.0953544, 34.9321533 ], [ 25.0945016, 34.9323744 ], [ 25.0947449, 34.9332422 ], [ 25.0929458, 34.936878 ], [ 25.0916974, 34.9382148 ], [ 25.0890354, 34.9392 ], [ 25.087551, 34.9389753 ], [ 25.0876899, 34.9376855 ], [ 25.0856826, 34.9377411 ], [ 25.0851975, 34.9369228 ], [ 25.0767807, 34.937857 ], [ 25.0757523, 34.9370786 ], [ 25.0690054, 34.9399434 ], [ 25.0680817, 34.941368 ], [ 25.0670971, 34.9412258 ], [ 25.0672147, 34.9404903 ], [ 25.0649409, 34.9411071 ], [ 25.0652222, 34.940556 ], [ 25.0629781, 34.9388349 ], [ 25.0577312, 34.9419451 ], [ 25.0557727, 34.9413586 ], [ 25.0553931, 34.9379146 ], [ 25.0542911, 34.9373022 ], [ 25.0533323, 34.9388351 ], [ 25.053261, 34.9411715 ], [ 25.0517134, 34.9406694 ], [ 25.0508301, 34.941587 ], [ 25.0485455, 34.9416051 ], [ 25.0478376, 34.9407942 ], [ 25.04717, 34.9420999 ], [ 25.0443398, 34.9429173 ], [ 25.0421568, 34.9416016 ], [ 25.0386791, 34.9411676 ], [ 25.038057, 34.9395871 ], [ 25.0367427, 34.9397516 ], [ 25.0329554, 34.9357157 ], [ 25.0282793, 34.9326445 ], [ 25.0275889, 34.9325587 ], [ 25.0265734, 34.9349036 ], [ 25.02525, 34.9356489 ], [ 25.022937, 34.9364114 ], [ 25.0194698, 34.9359968 ], [ 25.0184532, 34.9353338 ], [ 25.0176641, 34.93248 ], [ 25.016864, 34.9324786 ], [ 25.0176294, 34.9302787 ], [ 25.0168604, 34.9291154 ], [ 25.0137081, 34.9290028 ], [ 25.0118205, 34.9310171 ], [ 25.0090457, 34.9312019 ], [ 25.0083148, 34.932539 ], [ 25.007348, 34.9317961 ], [ 25.0065688, 34.9325135 ], [ 25.0065267, 34.9315705 ], [ 25.0056535, 34.9321128 ], [ 25.0051039, 34.9313317 ], [ 25.0052113, 34.9319889 ], [ 25.0028471, 34.9324644 ], [ 25.0025212, 34.9331625 ], [ 24.9985509, 34.9319072 ], [ 24.9955809, 34.933474 ], [ 24.9935493, 34.932629 ], [ 24.9929298, 34.9332506 ], [ 24.9889854, 34.9325574 ], [ 24.9830668, 34.9343786 ], [ 24.980578, 34.9339445 ], [ 24.9802065, 34.9314558 ], [ 24.9798825, 34.9337572 ], [ 24.9791202, 34.9329872 ], [ 24.9777209, 34.9336751 ], [ 24.9765611, 34.9327626 ], [ 24.974234, 34.9337999 ], [ 24.9716973, 34.932355 ], [ 24.9700023, 34.9330491 ], [ 24.9658615, 34.9314641 ], [ 24.9666198, 34.9294159 ], [ 24.9660673, 34.9287219 ], [ 24.9663481, 34.9251581 ], [ 24.96372, 34.9243981 ], [ 24.9611716, 34.9264173 ], [ 24.959212, 34.9262264 ], [ 24.9586791, 34.9258847 ], [ 24.9592378, 34.9251131 ], [ 24.9585976, 34.92503 ], [ 24.9560522, 34.9260368 ], [ 24.9545015, 34.927821 ], [ 24.9536151, 34.9316134 ], [ 24.9523633, 34.9323538 ], [ 24.9541054, 34.9317132 ], [ 24.9541235, 34.9323495 ], [ 24.9510868, 34.9336037 ], [ 24.9496986, 34.9321626 ], [ 24.9492435, 34.9329028 ], [ 24.9450224, 34.9320287 ], [ 24.9424814, 34.9329063 ], [ 24.9347042, 34.9324717 ], [ 24.9268646, 34.9295006 ], [ 24.9252696, 34.9304134 ], [ 24.9234497, 34.9301966 ], [ 24.9225236, 34.9298572 ], [ 24.9220103, 34.9270438 ], [ 24.919469, 34.9256349 ], [ 24.9170373, 34.9260293 ], [ 24.9169177, 34.9278132 ], [ 24.9159194, 34.9286075 ], [ 24.9045135, 34.9320533 ], [ 24.89445, 34.9308806 ], [ 24.8927799, 34.9302889 ], [ 24.8919653, 34.9285945 ], [ 24.8898261, 34.9296686 ], [ 24.8896768, 34.9308565 ], [ 24.8870125, 34.9315274 ], [ 24.8855412, 34.9329687 ], [ 24.8778957, 34.9356381 ], [ 24.8765332, 34.9348038 ], [ 24.8760801, 34.9355437 ], [ 24.8743505, 34.9354148 ], [ 24.8706754, 34.9368442 ], [ 24.8637713, 34.9369921 ], [ 24.8541188, 34.9398943 ], [ 24.8503682, 34.9403217 ], [ 24.8490255, 34.9394131 ], [ 24.8429517, 34.9409265 ], [ 24.8421488, 34.9403872 ], [ 24.8377504, 34.9410145 ], [ 24.8334189, 34.9397671 ], [ 24.8330095, 34.9388004 ], [ 24.8283753, 34.9395418 ], [ 24.8248395, 34.9382306 ], [ 24.8223851, 34.9390328 ], [ 24.8193829, 34.9376304 ], [ 24.8171055, 34.9384001 ], [ 24.8110466, 34.9370711 ], [ 24.8049457, 34.9331282 ], [ 24.8035588, 34.9308946 ], [ 24.8018381, 34.9312946 ], [ 24.8004975, 34.9301644 ], [ 24.800988, 34.9282985 ], [ 24.801654, 34.9289337 ], [ 24.80252, 34.9279347 ], [ 24.8023864, 34.92625 ], [ 24.8004787, 34.9256684 ], [ 24.7983053, 34.926103 ], [ 24.7983843, 34.9268466 ], [ 24.7975445, 34.9270001 ], [ 24.7970919, 34.9257527 ], [ 24.7958198, 34.9257672 ], [ 24.795764, 34.9264369 ], [ 24.7941834, 34.925465 ], [ 24.7932235, 34.9235084 ], [ 24.7916404, 34.9239465 ], [ 24.7915018, 34.9249504 ], [ 24.7895392, 34.9236401 ], [ 24.7891795, 34.925083 ], [ 24.7881989, 34.9255404 ], [ 24.7872743, 34.9250487 ], [ 24.7873913, 34.924277 ], [ 24.7852804, 34.9239546 ], [ 24.7841069, 34.9252541 ], [ 24.7820879, 34.9256999 ], [ 24.7798894, 34.92452 ], [ 24.7790285, 34.9253285 ], [ 24.7777296, 34.9251875 ], [ 24.7773699, 34.9227712 ], [ 24.7743073, 34.922254 ], [ 24.7735786, 34.9233872 ], [ 24.7728536, 34.9232608 ], [ 24.7730751, 34.9242572 ], [ 24.771944, 34.9244079 ], [ 24.7725861, 34.9268582 ], [ 24.7718894, 34.9286382 ], [ 24.7700236, 34.9285774 ], [ 24.7708923, 34.9298063 ], [ 24.7703449, 34.9300633 ], [ 24.7677332, 34.9281589 ], [ 24.7677657, 34.9267955 ], [ 24.7667674, 34.9267469 ], [ 24.7659938, 34.9255846 ], [ 24.7664833, 34.9248028 ], [ 24.765673, 34.9243947 ], [ 24.7634527, 34.9258989 ], [ 24.763486, 34.9250096 ], [ 24.7630749, 34.9253083 ], [ 24.7620853, 34.9272289 ], [ 24.7571089, 34.9251342 ], [ 24.7578208, 34.9240439 ], [ 24.757584, 34.921963 ], [ 24.7562, 34.9213066 ], [ 24.7538565, 34.9216507 ], [ 24.755508, 34.923146 ], [ 24.7541634, 34.9237831 ], [ 24.7530894, 34.9232342 ], [ 24.7521346, 34.9251202 ], [ 24.7464975, 34.9252449 ], [ 24.7469289, 34.9255957 ], [ 24.7403307, 34.9246773 ], [ 24.7373341, 34.922292 ], [ 24.7361494, 34.9227682 ], [ 24.7335544, 34.9220418 ], [ 24.731286, 34.9221735 ], [ 24.731088, 34.9249473 ], [ 24.7315938, 34.9313827 ], [ 24.733231, 34.9337725 ], [ 24.7348818, 34.9334057 ], [ 24.735017, 34.9341857 ], [ 24.7394034, 34.9359004 ], [ 24.7452293, 34.9371399 ], [ 24.7448974, 34.9386124 ], [ 24.7460073, 34.9385068 ], [ 24.7485407, 34.9401746 ], [ 24.7474356, 34.9415429 ], [ 24.7504351, 34.941595 ], [ 24.7466682, 34.9427873 ], [ 24.7469995, 34.9454047 ], [ 24.7499966, 34.9443402 ], [ 24.7487743, 34.9448841 ], [ 24.7489088, 34.9459599 ], [ 24.7477634, 34.9468593 ], [ 24.7487475, 34.9472993 ], [ 24.7476172, 34.9479045 ], [ 24.7504089, 34.9485055 ], [ 24.7522628, 34.9478033 ], [ 24.7522397, 34.9486822 ], [ 24.754785, 34.9505465 ], [ 24.7550472, 34.9517728 ], [ 24.7541112, 34.9521951 ], [ 24.7531162, 34.9508555 ], [ 24.7507167, 34.9499639 ], [ 24.7474823, 34.9505496 ], [ 24.7495514, 34.95184 ], [ 24.7483348, 34.9526208 ], [ 24.7524879, 34.9537903 ], [ 24.7498457, 34.9540746 ], [ 24.7504997, 34.9558807 ], [ 24.7516592, 34.9563805 ], [ 24.7512538, 34.9577377 ], [ 24.7517733, 34.9578781 ], [ 24.7503084, 34.9575277 ], [ 24.7481297, 34.9583705 ], [ 24.7512432, 34.9613552 ], [ 24.7463674, 34.9605453 ], [ 24.7472803, 34.9626335 ], [ 24.7485346, 34.9633598 ], [ 24.745662, 34.9626063 ], [ 24.7446226, 34.9642358 ], [ 24.7465796, 34.9670968 ], [ 24.7498718, 34.9685206 ], [ 24.7493998, 34.9711315 ], [ 24.7477914, 34.9709965 ], [ 24.7495912, 34.9726346 ], [ 24.749106, 34.9761138 ], [ 24.7477842, 34.9772857 ], [ 24.748892, 34.9783726 ], [ 24.7482198, 34.9805668 ], [ 24.7500523, 34.9827525 ], [ 24.7491944, 34.9834694 ], [ 24.7490468, 34.9872411 ], [ 24.7454584, 34.9879266 ], [ 24.7455617, 34.9887225 ], [ 24.7442449, 34.988106 ], [ 24.7451832, 34.9888638 ], [ 24.7439571, 34.9891676 ], [ 24.7448971, 34.9904198 ], [ 24.7435097, 34.9904818 ], [ 24.7449635, 34.9917861 ], [ 24.7437256, 34.9915796 ], [ 24.7444035, 34.9932198 ], [ 24.7470347, 34.9933762 ], [ 24.748102, 34.9926999 ], [ 24.749431, 34.9941751 ], [ 24.7487309, 34.9952716 ], [ 24.7465083, 34.995554 ], [ 24.7467723, 34.9967539 ], [ 24.7459652, 34.9963778 ], [ 24.74701, 35.001235 ], [ 24.7484906, 35.0017258 ], [ 24.7476025, 35.001786 ], [ 24.7479572, 35.0023091 ], [ 24.7470165, 35.0032819 ], [ 24.7485605, 35.0044468 ], [ 24.7539662, 35.005936 ], [ 24.7561343, 35.0057671 ], [ 24.7571789, 35.0071826 ], [ 24.7591005, 35.0074273 ], [ 24.7599622, 35.0095249 ], [ 24.7601024, 35.0157449 ], [ 24.7587267, 35.0273156 ], [ 24.7537726, 35.0517109 ], [ 24.7464565, 35.071582 ], [ 24.7414374, 35.0798896 ], [ 24.7397594, 35.0811341 ], [ 24.7377494, 35.0807259 ], [ 24.7399027, 35.0815965 ], [ 24.7393529, 35.0823474 ], [ 24.7356232, 35.0833406 ], [ 24.7370249, 35.0809284 ], [ 24.7371388, 35.079741 ], [ 24.7351369, 35.0831956 ], [ 24.7301214, 35.0881426 ], [ 24.7229489, 35.0925771 ], [ 24.7092358, 35.0928086 ], [ 24.7001425, 35.0963072 ], [ 24.6922597, 35.0980191 ], [ 24.6888793, 35.0962129 ], [ 24.6884997, 35.0951201 ], [ 24.6899048, 35.0945596 ], [ 24.6916, 35.0954633 ], [ 24.6898001, 35.0943574 ], [ 24.6883645, 35.0949788 ], [ 24.6881627, 35.0953591 ], [ 24.6860697, 35.0945551 ], [ 24.6816716, 35.0952308 ], [ 24.6766866, 35.0973807 ], [ 24.6700012, 35.0983089 ], [ 24.6619399, 35.0970714 ], [ 24.658921, 35.0957225 ], [ 24.6559541, 35.09727 ], [ 24.6527758, 35.0968896 ], [ 24.6489901, 35.0976778 ], [ 24.6420936, 35.0954848 ], [ 24.6415218, 35.0960203 ], [ 24.640363, 35.0949654 ], [ 24.6373252, 35.0965712 ], [ 24.6338264, 35.0963349 ], [ 24.6297629, 35.0977002 ], [ 24.6275217, 35.0975747 ], [ 24.6268699, 35.0983902 ], [ 24.6177734, 35.0972713 ], [ 24.6151116, 35.0987391 ], [ 24.6132652, 35.0985811 ], [ 24.6108658, 35.0998688 ], [ 24.6076503, 35.1003178 ], [ 24.6026283, 35.1001846 ], [ 24.5957463, 35.0986803 ], [ 24.594116, 35.0992975 ], [ 24.5894271, 35.0970646 ], [ 24.5883582, 35.0981949 ], [ 24.5861794, 35.0978744 ], [ 24.5824437, 35.0987645 ], [ 24.5812736, 35.0995392 ], [ 24.5825314, 35.1004915 ], [ 24.5823976, 35.1016943 ], [ 24.5792372, 35.1019501 ], [ 24.5766306, 35.1046332 ], [ 24.5723595, 35.1053515 ], [ 24.5702801, 35.1049943 ], [ 24.5683595, 35.1033312 ], [ 24.5687445, 35.101374 ], [ 24.5662623, 35.1008979 ], [ 24.5652029, 35.1013164 ], [ 24.5650679, 35.1027009 ], [ 24.5638903, 35.1028634 ], [ 24.5628417, 35.1024127 ], [ 24.5632437, 35.1009003 ], [ 24.5622659, 35.1015049 ], [ 24.5613072, 35.1007047 ], [ 24.558103, 35.1007135 ], [ 24.5578555, 35.1014186 ], [ 24.5602509, 35.1018851 ], [ 24.5599241, 35.1047418 ], [ 24.5577424, 35.108927 ], [ 24.5557304, 35.1101688 ], [ 24.5550096, 35.1122026 ], [ 24.5530743, 35.1134183 ], [ 24.5529009, 35.1156098 ], [ 24.5512005, 35.1164178 ], [ 24.547891, 35.1148995 ], [ 24.5426351, 35.1242409 ], [ 24.5406385, 35.1260751 ], [ 24.5349969, 35.1288688 ], [ 24.5334111, 35.1325139 ], [ 24.5294045, 35.1380918 ], [ 24.5260106, 35.138467 ], [ 24.5199712, 35.1435486 ], [ 24.514757, 35.1450619 ], [ 24.5101504, 35.1443628 ], [ 24.5001731, 35.148752 ], [ 24.4962216, 35.1485478 ], [ 24.4772131, 35.1533645 ], [ 24.4733265, 35.1523133 ], [ 24.472278, 35.1506305 ], [ 24.468261, 35.1501502 ], [ 24.4679978, 35.1491852 ], [ 24.4666268, 35.1486023 ], [ 24.4655473, 35.1485411 ], [ 24.4657985, 35.1491409 ], [ 24.4633549, 35.1480936 ], [ 24.4589713, 35.1493022 ], [ 24.4570146, 35.1490295 ], [ 24.4540268, 35.150937 ], [ 24.4482542, 35.1524977 ], [ 24.4464478, 35.1540744 ], [ 24.4447816, 35.1537358 ], [ 24.4413863, 35.1549621 ], [ 24.4416344, 35.1556347 ], [ 24.4383591, 35.1574995 ], [ 24.4383639, 35.1581347 ], [ 24.4274763, 35.1612623 ], [ 24.4208871, 35.1643065 ], [ 24.4198776, 35.1654635 ], [ 24.4213457, 35.16551 ], [ 24.4214558, 35.1668644 ], [ 24.4183802, 35.1666477 ], [ 24.4192103, 35.1676283 ], [ 24.4188709, 35.1687315 ], [ 24.4199153, 35.1690719 ], [ 24.4200506, 35.1708705 ], [ 24.4172794, 35.1737048 ], [ 24.411686, 35.1742211 ], [ 24.4101597, 35.173241 ], [ 24.4099403, 35.1715369 ], [ 24.408147, 35.1710289 ], [ 24.4020713, 35.171426 ], [ 24.4011677, 35.1723618 ], [ 24.4000006, 35.1723227 ], [ 24.4011534, 35.1716696 ], [ 24.3980115, 35.1728266 ], [ 24.3918413, 35.1724232 ], [ 24.3931558, 35.1738891 ], [ 24.3933079, 35.1750588 ], [ 24.3923942, 35.1757846 ], [ 24.393542, 35.1765805 ], [ 24.3921015, 35.1781845 ], [ 24.3955917, 35.1785573 ], [ 24.4002249, 35.1803803 ], [ 24.4006385, 35.1816294 ], [ 24.3998459, 35.1840926 ], [ 24.3953618, 35.190108 ], [ 24.3933255, 35.190382 ], [ 24.3934441, 35.1892996 ], [ 24.3886585, 35.193006 ], [ 24.3811566, 35.1947425 ], [ 24.3804431, 35.1943611 ], [ 24.3807486, 35.1932924 ], [ 24.3799507, 35.1940218 ], [ 24.379111, 35.1930774 ], [ 24.3811132, 35.1926719 ], [ 24.377281, 35.1926844 ], [ 24.376347, 35.1914876 ], [ 24.372937, 35.1922263 ], [ 24.3722154, 35.1911542 ], [ 24.3701785, 35.1904484 ], [ 24.3678127, 35.1923169 ], [ 24.364467, 35.1916988 ], [ 24.3632836, 35.1908644 ], [ 24.3632831, 35.1884269 ], [ 24.3616751, 35.1885251 ], [ 24.3603078, 35.1873657 ], [ 24.3571716, 35.1877912 ], [ 24.3540256, 35.1845846 ], [ 24.3554169, 35.1828054 ], [ 24.3519826, 35.1819277 ], [ 24.3511702, 35.1830192 ], [ 24.3444961, 35.1830092 ], [ 24.3430777, 35.1836222 ], [ 24.3415523, 35.1860975 ], [ 24.3397691, 35.1866354 ], [ 24.336328, 35.1861608 ], [ 24.3343552, 35.1882835 ], [ 24.3328124, 35.1886237 ], [ 24.3321215, 35.1875166 ], [ 24.3304992, 35.1880556 ], [ 24.3292296, 35.1872028 ], [ 24.3274448, 35.1878109 ], [ 24.3266005, 35.1892491 ], [ 24.3234374, 35.1895016 ], [ 24.3192378, 35.1885369 ], [ 24.3178727, 35.1866126 ], [ 24.3161612, 35.1872987 ], [ 24.3125693, 35.1862159 ], [ 24.3100883, 35.1866718 ], [ 24.3045755, 35.1854575 ], [ 24.3037275, 35.184944 ], [ 24.3041377, 35.1835056 ], [ 24.3024782, 35.1821406 ], [ 24.3001705, 35.1826122 ], [ 24.2942438, 35.1807555 ], [ 24.293349, 35.1796019 ], [ 24.2903043, 35.1789564 ], [ 24.2892283, 35.176038 ], [ 24.2839699, 35.1746581 ], [ 24.2829001, 35.1757985 ], [ 24.2810298, 35.1759319 ], [ 24.280958, 35.1767813 ], [ 24.279036, 35.1781517 ], [ 24.2766466, 35.1777605 ], [ 24.2764531, 35.1790113 ], [ 24.2717249, 35.1787288 ], [ 24.2716811, 35.1796938 ], [ 24.2690904, 35.1802738 ], [ 24.2673257, 35.1796637 ], [ 24.2622376, 35.1804703 ], [ 24.2577302, 35.178555 ], [ 24.2555591, 35.1812027 ], [ 24.2493733, 35.1832351 ], [ 24.2422284, 35.1828009 ], [ 24.2400334, 35.1793715 ], [ 24.2379389, 35.1811651 ], [ 24.2350835, 35.181073 ], [ 24.2329519, 35.1795615 ], [ 24.2317705, 35.1809579 ], [ 24.2310345, 35.1799559 ], [ 24.2299425, 35.1816402 ], [ 24.2303028, 35.1821443 ], [ 24.2279165, 35.1843548 ], [ 24.2243344, 35.1854279 ], [ 24.22344, 35.18733 ], [ 24.2187936, 35.1892192 ], [ 24.2154132, 35.1925352 ], [ 24.2124838, 35.1925653 ], [ 24.210379, 35.1915737 ], [ 24.2080504, 35.1949586 ], [ 24.2062199, 35.1954528 ], [ 24.2024815, 35.1994093 ], [ 24.1998966, 35.2005475 ], [ 24.1979953, 35.2001895 ], [ 24.1978567, 35.2009742 ], [ 24.1968319, 35.1996306 ], [ 24.1874263, 35.2001375 ], [ 24.1830484, 35.1986998 ], [ 24.1788356, 35.1984177 ], [ 24.1769464, 35.1965544 ], [ 24.176071, 35.1968598 ], [ 24.1752848, 35.1955163 ], [ 24.1708737, 35.1957383 ], [ 24.1690983, 35.1969302 ], [ 24.1647093, 35.1953329 ], [ 24.1639994, 35.195964 ], [ 24.1616711, 35.195637 ], [ 24.1600679, 35.1951279 ], [ 24.1591508, 35.19383 ], [ 24.1566177, 35.1940102 ], [ 24.1545009, 35.1910275 ], [ 24.1542611, 35.1923922 ], [ 24.1517537, 35.1914388 ], [ 24.1505966, 35.1928212 ], [ 24.1487244, 35.1915203 ], [ 24.1471593, 35.1918857 ], [ 24.1465742, 35.193016 ], [ 24.1450297, 35.1924615 ], [ 24.1437777, 35.1934463 ], [ 24.1416491, 35.1929425 ], [ 24.1407413, 35.194223 ], [ 24.1389848, 35.1942119 ], [ 24.1384587, 35.1949347 ], [ 24.1379887, 35.1968937 ], [ 24.1361466, 35.1988367 ], [ 24.1373557, 35.1979679 ], [ 24.1386066, 35.1989191 ], [ 24.1360564, 35.1997704 ], [ 24.1362249, 35.2009489 ], [ 24.1345561, 35.2006692 ], [ 24.1340805, 35.2022672 ], [ 24.1278804, 35.2024557 ], [ 24.1233714, 35.2020126 ], [ 24.1228371, 35.2003901 ], [ 24.1203111, 35.2014502 ], [ 24.1179639, 35.2001216 ], [ 24.1169512, 35.2001344 ], [ 24.1158488, 35.2016004 ], [ 24.1132413, 35.2008989 ], [ 24.1087271, 35.2020558 ], [ 24.1060343, 35.200896 ], [ 24.1062373, 35.1992977 ], [ 24.1043749, 35.1994362 ], [ 24.1021331, 35.1977849 ], [ 24.1003244, 35.1990277 ], [ 24.1003321, 35.1978119 ], [ 24.0990827, 35.197854 ], [ 24.0983136, 35.1999404 ], [ 24.0958254, 35.1994678 ], [ 24.0956902, 35.2002458 ], [ 24.0944383, 35.2003545 ], [ 24.0927173, 35.201951 ], [ 24.0884629, 35.2028712 ], [ 24.0851819, 35.2026214 ], [ 24.0835455, 35.2010972 ], [ 24.0807165, 35.2009432 ], [ 24.079017, 35.1999441 ], [ 24.0787199, 35.1987856 ], [ 24.0813119, 35.1970742 ], [ 24.0802945, 35.1959908 ], [ 24.0806346, 35.1952749 ], [ 24.0768457, 35.1945792 ], [ 24.0749087, 35.1920349 ], [ 24.0720955, 35.1919034 ], [ 24.0708804, 35.1934566 ], [ 24.0724455, 35.1954942 ], [ 24.071928, 35.1975175 ], [ 24.0725304, 35.1996655 ], [ 24.0702934, 35.1987912 ], [ 24.0675963, 35.2004934 ], [ 24.0616992, 35.1997152 ], [ 24.0605343, 35.1979445 ], [ 24.0583531, 35.1967606 ], [ 24.0587302, 35.195606 ], [ 24.0577124, 35.1952092 ], [ 24.055155, 35.1960928 ], [ 24.0545519, 35.1948596 ], [ 24.0536051, 35.1950568 ], [ 24.0513184, 35.1937084 ], [ 24.0430098, 35.1936976 ], [ 24.0261719, 35.1968475 ], [ 24.018397, 35.2004231 ], [ 24.0142043, 35.2035943 ], [ 24.0109446, 35.210347 ], [ 24.0075934, 35.2133182 ], [ 24.0058003, 35.2134959 ], [ 24.0056069, 35.2149159 ], [ 23.9994084, 35.2235074 ], [ 23.9943764, 35.2274244 ], [ 23.9911596, 35.2288492 ], [ 23.9793274, 35.2313234 ], [ 23.9691949, 35.2305564 ], [ 23.9648558, 35.2286437 ], [ 23.9547247, 35.2295115 ], [ 23.9526232, 35.2287248 ], [ 23.9515966, 35.2265229 ], [ 23.9457793, 35.2239584 ], [ 23.9436008, 35.2243377 ], [ 23.941317, 35.2231443 ], [ 23.9383958, 35.2236013 ], [ 23.9335201, 35.2228401 ], [ 23.9328297, 35.222043 ], [ 23.9306086, 35.2222923 ], [ 23.9234254, 35.2208987 ], [ 23.9202994, 35.2219085 ], [ 23.90951, 35.2292687 ], [ 23.904162, 35.2294423 ], [ 23.9028614, 35.2314824 ], [ 23.9001294, 35.2309405 ], [ 23.8963919, 35.2326429 ], [ 23.8965549, 35.23409 ], [ 23.8889751, 35.2356356 ], [ 23.8862608, 35.2367024 ], [ 23.8842882, 35.2385117 ], [ 23.8807763, 35.2387733 ], [ 23.8769729, 35.2364935 ], [ 23.8669595, 35.2355811 ], [ 23.8626632, 35.2374776 ], [ 23.8600153, 35.2402023 ], [ 23.8568859, 35.2399844 ], [ 23.8523099, 35.2407351 ], [ 23.851031, 35.2418993 ], [ 23.8487243, 35.2417948 ], [ 23.8471014, 35.2427384 ], [ 23.8469695, 35.2450539 ], [ 23.8361319, 35.2456893 ], [ 23.8339381, 35.2486249 ], [ 23.8290446, 35.2471391 ], [ 23.8268831, 35.2494718 ], [ 23.8249059, 35.2491772 ], [ 23.8250048, 35.2481212 ], [ 23.8233676, 35.2471817 ], [ 23.8212007, 35.2479508 ], [ 23.8193928, 35.2467388 ], [ 23.8174553, 35.2480642 ], [ 23.81326, 35.2482658 ], [ 23.8062403, 35.2467769 ], [ 23.8043889, 35.245705 ], [ 23.8047207, 35.2445119 ], [ 23.8003545, 35.2422018 ], [ 23.8012767, 35.240423 ], [ 23.7984452, 35.2380308 ], [ 23.7939976, 35.2401645 ], [ 23.7904475, 35.2408218 ], [ 23.7873795, 35.2401314 ], [ 23.7873858, 35.2384986 ], [ 23.7885918, 35.2371238 ], [ 23.7880982, 35.2367645 ], [ 23.7886776, 35.2359408 ], [ 23.7876798, 35.2351083 ], [ 23.7880805, 35.2341858 ], [ 23.7841292, 35.2310898 ], [ 23.7807487, 35.2316572 ], [ 23.7808767, 35.2328509 ], [ 23.7796953, 35.2325276 ], [ 23.7789649, 35.2333446 ], [ 23.7772285, 35.2331656 ], [ 23.7773304, 35.2326275 ], [ 23.7740956, 35.2327712 ], [ 23.7695457, 35.2295541 ], [ 23.7688691, 35.2299483 ], [ 23.7665219, 35.2285317 ], [ 23.7635976, 35.2288113 ], [ 23.7637281, 35.2309842 ], [ 23.7617056, 35.2353706 ], [ 23.7580207, 35.2384396 ], [ 23.7513853, 35.2395151 ], [ 23.7509884, 35.2383295 ], [ 23.749318, 35.2398489 ], [ 23.7465249, 35.2400981 ], [ 23.7459092, 35.2384011 ], [ 23.7422745, 35.2367703 ], [ 23.7415824, 35.2380577 ], [ 23.7394, 35.2379776 ], [ 23.7383253, 35.2389079 ], [ 23.7361033, 35.2383274 ], [ 23.7358059, 35.2396399 ], [ 23.7308773, 35.2404688 ], [ 23.7270321, 35.2388198 ], [ 23.723048, 35.2388231 ], [ 23.721549, 35.2379488 ], [ 23.7215108, 35.236483 ], [ 23.7196978, 35.2362295 ], [ 23.7196102, 35.2353189 ], [ 23.7187631, 35.2356887 ], [ 23.7193424, 35.2362672 ], [ 23.718488, 35.2370883 ], [ 23.7136873, 35.2390529 ], [ 23.7051355, 35.2395811 ], [ 23.6971734, 35.2384236 ], [ 23.6910213, 35.2359587 ], [ 23.683354, 35.2310606 ], [ 23.6830962, 35.2303577 ], [ 23.6839738, 35.2301804 ], [ 23.6833504, 35.2302368 ], [ 23.6834742, 35.227228 ], [ 23.681704, 35.223843 ], [ 23.6822407, 35.2235428 ], [ 23.6815922, 35.2238237 ], [ 23.6816101, 35.2245744 ], [ 23.680158, 35.2241451 ], [ 23.6800509, 35.2251243 ], [ 23.6778583, 35.2232079 ], [ 23.6773766, 35.2237118 ], [ 23.6785065, 35.2240659 ], [ 23.6777056, 35.2245479 ], [ 23.6772017, 35.2240096 ], [ 23.6775958, 35.2246647 ], [ 23.6766797, 35.2251881 ], [ 23.6757261, 35.2247922 ], [ 23.6762413, 35.224194 ], [ 23.67491, 35.2243997 ], [ 23.6752204, 35.2229762 ], [ 23.6764164, 35.2235264 ], [ 23.6776724, 35.2227986 ], [ 23.6775314, 35.2226447 ], [ 23.6763748, 35.2233581 ], [ 23.6755049, 35.2226851 ], [ 23.6740533, 35.2232534 ], [ 23.6732555, 35.2226968 ], [ 23.6767382, 35.2275287 ], [ 23.6793424, 35.2290577 ], [ 23.6783258, 35.2312899 ], [ 23.6743877, 35.2349518 ], [ 23.6690817, 35.2353418 ], [ 23.6670925, 35.2373615 ], [ 23.663539, 35.2386645 ], [ 23.6610492, 35.2374399 ], [ 23.6607586, 35.2383969 ], [ 23.6582426, 35.2373721 ], [ 23.6576193, 35.2379581 ], [ 23.655053, 35.2376465 ], [ 23.6545157, 35.2368432 ], [ 23.6488746, 35.2372577 ], [ 23.6473871, 35.2360461 ], [ 23.6461796, 35.2366576 ], [ 23.6459807, 35.2359782 ], [ 23.6448977, 35.2365159 ], [ 23.6408557, 35.2353355 ], [ 23.6381706, 35.2336837 ], [ 23.6380224, 35.232804 ], [ 23.6391472, 35.231922 ], [ 23.6382826, 35.2321404 ], [ 23.6381001, 35.2296484 ], [ 23.6361897, 35.2284647 ], [ 23.6350849, 35.2293792 ], [ 23.6354354, 35.2303296 ], [ 23.6368964, 35.2308731 ], [ 23.6367363, 35.2324075 ], [ 23.6349475, 35.2337758 ], [ 23.6323831, 35.2335115 ], [ 23.6326284, 35.2327962 ], [ 23.6309717, 35.2311563 ], [ 23.6290355, 35.2312038 ], [ 23.6269069, 35.2324202 ], [ 23.6196992, 35.2322918 ], [ 23.617731, 35.2310134 ], [ 23.6177592, 35.2298982 ], [ 23.6170883, 35.2293454 ], [ 23.6164738, 35.2298123 ], [ 23.617612, 35.2310257 ], [ 23.6141853, 35.231677 ], [ 23.6143344, 35.2334734 ], [ 23.6133905, 35.2332444 ], [ 23.6137353, 35.2325542 ], [ 23.612829, 35.2329635 ], [ 23.6103717, 35.2317267 ], [ 23.60661, 35.2312605 ], [ 23.6057648, 35.2326792 ], [ 23.6040945, 35.2330468 ], [ 23.6012299, 35.2356181 ], [ 23.5963847, 35.2365502 ], [ 23.5929549, 35.2360306 ], [ 23.5923374, 35.2338548 ], [ 23.5907351, 35.232763 ], [ 23.5906172, 35.2310903 ], [ 23.5844804, 35.2335909 ], [ 23.5810333, 35.2370825 ], [ 23.5816089, 35.2382984 ], [ 23.5795656, 35.2380131 ], [ 23.5788012, 35.2387937 ], [ 23.5781975, 35.238504 ], [ 23.5793575, 35.2376802 ], [ 23.5786418, 35.2376793 ], [ 23.5743041, 35.2422868 ], [ 23.5746009, 35.2436536 ], [ 23.5733899, 35.245339 ], [ 23.5738554, 35.2466493 ], [ 23.5761755, 35.2476808 ], [ 23.5751092, 35.2492065 ], [ 23.5746753, 35.2486325 ], [ 23.5750542, 35.2508821 ], [ 23.5775375, 35.2500591 ], [ 23.5791987, 35.2515014 ], [ 23.5783037, 35.2524864 ], [ 23.5802401, 35.2531943 ], [ 23.580468, 35.2545846 ], [ 23.5797126, 35.2556623 ], [ 23.5805142, 35.2570709 ], [ 23.5803217, 35.2589907 ], [ 23.5790281, 35.2610923 ], [ 23.5718278, 35.2654087 ], [ 23.568739, 35.2662111 ], [ 23.5678999, 35.2656395 ], [ 23.5671251, 35.2673389 ], [ 23.5614251, 35.2685891 ], [ 23.5593078, 35.2680677 ], [ 23.5572349, 35.2686074 ], [ 23.5562864, 35.267205 ], [ 23.5526374, 35.268227 ], [ 23.5519109, 35.2674581 ], [ 23.5500414, 35.2683394 ], [ 23.5494539, 35.2677049 ], [ 23.5445569, 35.2696476 ], [ 23.5444, 35.2691645 ], [ 23.5436115, 35.2693231 ], [ 23.5443089, 35.269332 ], [ 23.5441934, 35.2700748 ], [ 23.5428901, 35.2709316 ], [ 23.540217, 35.2707179 ], [ 23.540792, 35.2721699 ], [ 23.5356674, 35.2751167 ], [ 23.5366877, 35.2762545 ], [ 23.5362446, 35.277814 ], [ 23.5338978, 35.2784374 ], [ 23.532578, 35.2797737 ], [ 23.5345773, 35.2823241 ], [ 23.5338011, 35.2826446 ], [ 23.5338392, 35.2847426 ], [ 23.5329871, 35.2859706 ], [ 23.5290085, 35.2861254 ], [ 23.52973, 35.2867035 ], [ 23.529685, 35.2882032 ], [ 23.5267479, 35.2888788 ], [ 23.5233689, 35.2880832 ], [ 23.5201481, 35.2888736 ], [ 23.5195071, 35.2871549 ], [ 23.5187151, 35.2870777 ], [ 23.515628, 35.2900908 ], [ 23.5165416, 35.2903851 ], [ 23.5154891, 35.2913825 ], [ 23.5162492, 35.292626 ], [ 23.5241585, 35.2940193 ], [ 23.5214377, 35.2954815 ], [ 23.5189739, 35.2998558 ], [ 23.517765, 35.3006578 ], [ 23.5188435, 35.3008633 ], [ 23.5175979, 35.3015422 ], [ 23.5184444, 35.3017827 ], [ 23.5172492, 35.3037544 ], [ 23.5157391, 35.3038441 ], [ 23.514671, 35.306066 ] ] ], [ [ [ 23.5878296, 35.5806603 ], [ 23.5880518, 35.5801819 ], [ 23.588022, 35.5797045 ], [ 23.587849, 35.5799117 ], [ 23.5878296, 35.5806603 ] ] ] ] } }
]
}
