{
"type": "FeatureCollection",
"name": "lewis_harris",
"crs": { "type": "name", "properties": { "name": "urn:ogc:def:crs:OGC:1.3:CRS84" } },
"features": [
{ "type": "Feature", "properties": { }, "geometry": { "type": "MultiPolygon", "coordinates": [ [ [ [ -7.1335499, 57.8372346 ], [ -7.1317132, 57.8367693 ], [ -7.1314931, 57.8376688 ], [ -7.1302981, 57.8377499 ], [ -7.1308461, 57.8385248 ], [ -7.1274316, 57.837998 ], [ -7.1289372, 57.8386575 ], [ -7.1277785, 57.8387217 ], [ -7.1235786, 57.8371354 ], [ -7.123003, 57.8388737 ], [ -7.1204349, 57.839318 ], [ -7.1186213, 57.8382994 ], [ -7.1159474, 57.8383012 ], [ -7.1139168, 57.8369588 ], [ -7.1141666, 57.8394527 ], [ -7.1097792, 57.8411583 ], [ -7.1062051, 57.8410599 ], [ -7.0824018, 57.8325539 ], [ -7.0813044, 57.8313185 ], [ -7.0818283, 57.8306304 ], [ -7.0796481, 57.8285962 ], [ -7.0789848, 57.825199 ], [ -7.0780397, 57.8245681 ], [ -7.0790773, 57.8194669 ], [ -7.0805638, 57.8189391 ], [ -7.0800825, 57.8181851 ], [ -7.0813707, 57.8169033 ], [ -7.0810133, 57.8145032 ], [ -7.0742511, 57.8109382 ], [ -7.0713499, 57.8110562 ], [ -7.0698038, 57.8118095 ], [ -7.0708667, 57.8173598 ], [ -7.0723391, 57.8195743 ], [ -7.0758967, 57.8218963 ], [ -7.0730125, 57.8226461 ], [ -7.066125, 57.8225401 ], [ -7.0529478, 57.8252932 ], [ -7.0412132, 57.830793 ], [ -7.0399583, 57.832078 ], [ -7.0405965, 57.8329773 ], [ -7.0399962, 57.8341477 ], [ -7.040692, 57.8344874 ], [ -7.0374418, 57.8336519 ], [ -7.0328914, 57.8347451 ], [ -7.0320143, 57.8342569 ], [ -7.0324591, 57.8346153 ], [ -7.0301488, 57.8353926 ], [ -7.0259013, 57.8344113 ], [ -7.023146, 57.8346742 ], [ -7.0226932, 57.835073 ], [ -7.0234417, 57.8357003 ], [ -7.0199036, 57.8363977 ], [ -7.015059, 57.8403042 ], [ -7.0145008, 57.8422142 ], [ -7.0157966, 57.8438591 ], [ -7.0149906, 57.8435041 ], [ -7.0143576, 57.8445446 ], [ -7.0107447, 57.8441565 ], [ -7.0099185, 57.8445106 ], [ -7.0107439, 57.8450404 ], [ -7.0102608, 57.8452987 ], [ -7.008201, 57.8446421 ], [ -7.0084776, 57.8454767 ], [ -7.0052705, 57.8456458 ], [ -7.0045712, 57.8467152 ], [ -6.998964, 57.8458164 ], [ -7.0034523, 57.8478746 ], [ -7.0032979, 57.8486388 ], [ -7.0020961, 57.8486519 ], [ -7.0028816, 57.850375 ], [ -7.0022421, 57.8504383 ], [ -7.0037295, 57.8521879 ], [ -7.0017885, 57.8530792 ], [ -7.00254, 57.8536281 ], [ -7.0010589, 57.8538056 ], [ -7.0017984, 57.8546609 ], [ -7.0013788, 57.8556662 ], [ -6.999017, 57.8558154 ], [ -6.9997247, 57.8562803 ], [ -6.9990276, 57.8565572 ], [ -7.0010426, 57.8573662 ], [ -7.0001552, 57.8584215 ], [ -6.9945938, 57.8590317 ], [ -6.9925414, 57.8604188 ], [ -6.9928172, 57.8638098 ], [ -6.9969021, 57.8651273 ], [ -6.99338, 57.86836 ], [ -6.9857925, 57.8696087 ], [ -6.9842069, 57.8685621 ], [ -6.9822588, 57.8653679 ], [ -6.9750199, 57.8649399 ], [ -6.965715, 57.8678068 ], [ -6.9626342, 57.867803 ], [ -6.9618414, 57.8692168 ], [ -6.9599596, 57.8685592 ], [ -6.9600386, 57.8677704 ], [ -6.9587869, 57.8679989 ], [ -6.9542884, 57.872354 ], [ -6.9516607, 57.8735568 ], [ -6.9514877, 57.8714295 ], [ -6.9484032, 57.86838 ], [ -6.9468145, 57.8682784 ], [ -6.9511526, 57.8653158 ], [ -6.9444178, 57.867555 ], [ -6.9409863, 57.867764 ], [ -6.9376175, 57.8701131 ], [ -6.9408857, 57.8716028 ], [ -6.9386368, 57.8720611 ], [ -6.9344175, 57.8708586 ], [ -6.9285849, 57.8676209 ], [ -6.9215788, 57.8669093 ], [ -6.9199878, 57.8654006 ], [ -6.9157927, 57.8667088 ], [ -6.9153347, 57.8677482 ], [ -6.9136857, 57.8677626 ], [ -6.9128847, 57.8695962 ], [ -6.9094317, 57.868586 ], [ -6.9055257, 57.8687883 ], [ -6.9053231, 57.8693862 ], [ -6.9072385, 57.869883 ], [ -6.9064786, 57.8705372 ], [ -6.9076269, 57.871801 ], [ -6.9116698, 57.8723227 ], [ -6.9114777, 57.8713495 ], [ -6.9125748, 57.871658 ], [ -6.9119892, 57.8723736 ], [ -6.916694, 57.8726488 ], [ -6.9210267, 57.8752106 ], [ -6.9259642, 57.8756848 ], [ -6.9307035, 57.8777751 ], [ -6.9324592, 57.8777842 ], [ -6.9352711, 57.8795768 ], [ -6.937387, 57.8798496 ], [ -6.9398059, 57.8817494 ], [ -6.9433722, 57.8816448 ], [ -6.943413, 57.8822606 ], [ -6.9463684, 57.8833489 ], [ -6.9518357, 57.8833631 ], [ -6.9600883, 57.8868662 ], [ -6.9614396, 57.8890247 ], [ -6.9605229, 57.8908388 ], [ -6.9510143, 57.8937309 ], [ -6.9499967, 57.8947005 ], [ -6.9504246, 57.8951795 ], [ -6.949754, 57.8951519 ], [ -6.9496143, 57.8963842 ], [ -6.9503117, 57.8975017 ], [ -6.9496328, 57.8999779 ], [ -6.9508113, 57.9002577 ], [ -6.9515634, 57.9023837 ], [ -6.9495319, 57.9024337 ], [ -6.950469, 57.9037009 ], [ -6.9482062, 57.9040612 ], [ -6.9491879, 57.9047619 ], [ -6.9396065, 57.9025844 ], [ -6.9298555, 57.9060186 ], [ -6.926792, 57.9086089 ], [ -6.9240647, 57.9092837 ], [ -6.9241674, 57.9100181 ], [ -6.9184528, 57.9108679 ], [ -6.902919, 57.9091448 ], [ -6.8987346, 57.9071301 ], [ -6.8958541, 57.9077433 ], [ -6.8928224, 57.9067977 ], [ -6.8811411, 57.9061865 ], [ -6.8777507, 57.9042462 ], [ -6.876409, 57.9012354 ], [ -6.8720159, 57.90039 ], [ -6.8694941, 57.9008714 ], [ -6.8669163, 57.9025092 ], [ -6.8644412, 57.9025092 ], [ -6.8511583, 57.8995894 ], [ -6.8495105, 57.9017602 ], [ -6.8516296, 57.9034449 ], [ -6.8454254, 57.9053331 ], [ -6.8381468, 57.90429 ], [ -6.8282227, 57.901618 ], [ -6.8148331, 57.9001694 ], [ -6.8140992, 57.9009648 ], [ -6.816772, 57.9027524 ], [ -6.8212654, 57.9030686 ], [ -6.8229232, 57.9043264 ], [ -6.832962, 57.906463 ], [ -6.8365362, 57.9086878 ], [ -6.8427022, 57.9098132 ], [ -6.8449224, 57.9108392 ], [ -6.8453361, 57.9123681 ], [ -6.8485838, 57.9139894 ], [ -6.8534537, 57.9146642 ], [ -6.8560561, 57.9163753 ], [ -6.8586747, 57.91634 ], [ -6.8585015, 57.9171423 ], [ -6.8592822, 57.9174694 ], [ -6.8583598, 57.9179608 ], [ -6.8585499, 57.9193031 ], [ -6.8641033, 57.9227941 ], [ -6.8642761, 57.9238287 ], [ -6.8672046, 57.924868 ], [ -6.8657097, 57.925519 ], [ -6.8628571, 57.9251096 ], [ -6.86068, 57.92624 ], [ -6.8554385, 57.9262167 ], [ -6.853714, 57.9249558 ], [ -6.8505072, 57.9245477 ], [ -6.8475657, 57.9263929 ], [ -6.8395938, 57.9282663 ], [ -6.8399644, 57.9295098 ], [ -6.8436761, 57.9291687 ], [ -6.8477814, 57.9304427 ], [ -6.8493738, 57.9328597 ], [ -6.8495925, 57.9346582 ], [ -6.8537086, 57.9310544 ], [ -6.8576656, 57.9292782 ], [ -6.8614579, 57.929597 ], [ -6.8645089, 57.9316948 ], [ -6.872309, 57.9338518 ], [ -6.8718244, 57.9329109 ], [ -6.8731797, 57.9311226 ], [ -6.8764295, 57.9301475 ], [ -6.8830432, 57.9310894 ], [ -6.8816484, 57.9320247 ], [ -6.8824519, 57.9323986 ], [ -6.8816273, 57.9346659 ], [ -6.8821562, 57.9350729 ], [ -6.8924624, 57.933875 ], [ -6.8983681, 57.9353832 ], [ -6.9140008, 57.9363392 ], [ -6.9150846, 57.9377681 ], [ -6.9147841, 57.9407594 ], [ -6.9088935, 57.9429041 ], [ -6.9088745, 57.9437456 ], [ -6.9016988, 57.9457082 ], [ -6.9025212, 57.9457214 ], [ -6.9009994, 57.9481417 ], [ -6.9025346, 57.9498412 ], [ -6.9016423, 57.950917 ], [ -6.9032165, 57.9503726 ], [ -6.9036965, 57.949243 ], [ -6.9048178, 57.9495235 ], [ -6.9047121, 57.9488124 ], [ -6.9072869, 57.9468065 ], [ -6.9175813, 57.9406797 ], [ -6.9218815, 57.9403338 ], [ -6.925336, 57.9414682 ], [ -6.9260023, 57.9431806 ], [ -6.9256072, 57.9444895 ], [ -6.9265009, 57.9458222 ], [ -6.9336064, 57.9447763 ], [ -6.9365701, 57.9466991 ], [ -6.9402856, 57.9474045 ], [ -6.9438761, 57.9507239 ], [ -6.9474047, 57.9510319 ], [ -6.9468512, 57.950149 ], [ -6.9493472, 57.9491564 ], [ -6.9544355, 57.9485215 ], [ -6.9575632, 57.9492359 ], [ -6.9552455, 57.9496008 ], [ -6.9576022, 57.9519327 ], [ -6.9602621, 57.9524771 ], [ -6.9635322, 57.9504284 ], [ -6.9698244, 57.9500425 ], [ -6.9705988, 57.9507454 ], [ -6.9696048, 57.9520991 ], [ -6.9706001, 57.9530125 ], [ -6.9699691, 57.953649 ], [ -6.9727791, 57.9534714 ], [ -6.9759358, 57.9555473 ], [ -6.9774722, 57.9543624 ], [ -6.9861612, 57.9566032 ], [ -6.9895602, 57.9590741 ], [ -6.9914908, 57.9595064 ], [ -6.9896873, 57.9596224 ], [ -6.990504, 57.9609893 ], [ -6.9920001, 57.9613397 ], [ -6.9936212, 57.9602188 ], [ -6.9944941, 57.9615025 ], [ -6.9925999, 57.961757 ], [ -6.9952892, 57.9623484 ], [ -6.9963455, 57.9636113 ], [ -6.9986498, 57.9633226 ], [ -6.9976268, 57.9648474 ], [ -6.9998384, 57.9655924 ], [ -7.0039579, 57.9647237 ], [ -7.0041109, 57.9636431 ], [ -7.0079571, 57.9639662 ], [ -7.0080552, 57.9638559 ], [ -7.0037581, 57.9626263 ], [ -7.0040245, 57.962049 ], [ -7.0025329, 57.9607014 ], [ -7.0010081, 57.9607122 ], [ -7.0004285, 57.9617545 ], [ -6.9956043, 57.9592371 ], [ -6.9952391, 57.9582253 ], [ -6.9972376, 57.958476 ], [ -6.9978696, 57.9578009 ], [ -6.9957363, 57.9564729 ], [ -6.9955011, 57.9547012 ], [ -7.0017629, 57.9562768 ], [ -6.9986177, 57.953664 ], [ -7.0001896, 57.9539771 ], [ -7.002834, 57.9524918 ], [ -7.0018176, 57.9539399 ], [ -7.0027977, 57.9547784 ], [ -7.0075933, 57.9533071 ], [ -7.008219, 57.9543935 ], [ -7.0077708, 57.9553649 ], [ -7.0091168, 57.9562159 ], [ -7.0099623, 57.956241 ], [ -7.0088251, 57.9548554 ], [ -7.0092585, 57.9545054 ], [ -7.0128451, 57.9560686 ], [ -7.0169051, 57.9540592 ], [ -7.0172243, 57.9531964 ], [ -7.0227432, 57.9523031 ], [ -7.0247635, 57.954099 ], [ -7.0398205, 57.9559847 ], [ -7.0431913, 57.9594316 ], [ -7.0425231, 57.9599755 ], [ -7.0502017, 57.9602908 ], [ -7.0517012, 57.9612612 ], [ -7.0562883, 57.9617982 ], [ -7.0557158, 57.962288 ], [ -7.0559948, 57.9640367 ], [ -7.0574475, 57.9662326 ], [ -7.0567257, 57.9665763 ], [ -7.0565606, 57.9685848 ], [ -7.0584481, 57.9705743 ], [ -7.0595165, 57.9704457 ], [ -7.059537, 57.9693388 ], [ -7.061486, 57.9689326 ], [ -7.0667826, 57.9693218 ], [ -7.0669709, 57.9686867 ], [ -7.0659356, 57.9684896 ], [ -7.0663667, 57.968126 ], [ -7.0639963, 57.9668081 ], [ -7.0667403, 57.9655603 ], [ -7.0752188, 57.9660131 ], [ -7.079996, 57.967167 ], [ -7.0792906, 57.967924 ], [ -7.0806514, 57.9691022 ], [ -7.0790403, 57.969372 ], [ -7.0805042, 57.9698548 ], [ -7.0797594, 57.970573 ], [ -7.0826435, 57.9716856 ], [ -7.0820913, 57.9729329 ], [ -7.0832501, 57.9738116 ], [ -7.0826948, 57.9745357 ], [ -7.0833159, 57.9752891 ], [ -7.0814712, 57.9765285 ], [ -7.0820178, 57.9778963 ], [ -7.079435, 57.97903 ], [ -7.0802468, 57.9797982 ], [ -7.0793509, 57.9801085 ], [ -7.0850445, 57.9845996 ], [ -7.0845955, 57.9851534 ], [ -7.0855797, 57.9862201 ], [ -7.0811852, 57.9866481 ], [ -7.0838531, 57.9888536 ], [ -7.0827221, 57.9894653 ], [ -7.0852371, 57.9899498 ], [ -7.0848422, 57.9905684 ], [ -7.0858498, 57.9919361 ], [ -7.0885336, 57.9928183 ], [ -7.090225, 57.9949413 ], [ -7.0960315, 57.9947847 ], [ -7.096031, 57.993948 ], [ -7.1005052, 57.9912804 ], [ -7.0992489, 57.9907281 ], [ -7.1005846, 57.9905304 ], [ -7.0990063, 57.9889653 ], [ -7.1030045, 57.986503 ], [ -7.1093317, 57.9864353 ], [ -7.1096731, 57.9858922 ], [ -7.114259, 57.9885732 ], [ -7.1147306, 57.9903317 ], [ -7.1131044, 57.9909695 ], [ -7.1134134, 57.9917194 ], [ -7.108421, 57.9920901 ], [ -7.1105513, 57.9932623 ], [ -7.1095268, 57.9965202 ], [ -7.10474, 57.99823 ], [ -7.0996403, 57.9982705 ], [ -7.0990959, 57.9989315 ], [ -7.0965585, 57.9982378 ], [ -7.093835, 57.999752 ], [ -7.0924576, 57.999473 ], [ -7.0920358, 58.0012666 ], [ -7.0909293, 58.0014273 ], [ -7.0915353, 58.0020317 ], [ -7.0891824, 58.0031272 ], [ -7.0902392, 58.0034967 ], [ -7.0893594, 58.0056796 ], [ -7.0918056, 58.0089879 ], [ -7.0920872, 58.0110966 ], [ -7.0858994, 58.0154841 ], [ -7.084915, 58.0166121 ], [ -7.0853539, 58.0188595 ], [ -7.0823567, 58.0205228 ], [ -7.0805618, 58.0192858 ], [ -7.0754871, 58.0190556 ], [ -7.0702675, 58.0176009 ], [ -7.069132, 58.0155708 ], [ -7.0654594, 58.0143239 ], [ -7.0636971, 58.0113731 ], [ -7.0597287, 58.0086635 ], [ -7.055711, 58.0088594 ], [ -7.0543307, 58.00978 ], [ -7.053049, 58.0093622 ], [ -7.0510401, 58.0100934 ], [ -7.0536036, 58.0135928 ], [ -7.0520261, 58.0141216 ], [ -7.0527778, 58.0163085 ], [ -7.0502637, 58.0187367 ], [ -7.0488319, 58.0216924 ], [ -7.045334, 58.0235275 ], [ -7.0441139, 58.0254463 ], [ -7.035331, 58.02744 ], [ -7.0316594, 58.030042 ], [ -7.03159, 58.03079 ], [ -7.02962, 58.0314 ], [ -7.0193242, 58.0323937 ], [ -7.01375, 58.03487 ], [ -7.0087661, 58.0346434 ], [ -7.00572, 58.03589 ], [ -7.00332, 58.03572 ], [ -7.00305, 58.03623 ], [ -7.0046468, 58.0365696 ], [ -7.00176, 58.03775 ], [ -6.9995413, 58.037499 ], [ -6.9988735, 58.0386201 ], [ -6.9950167, 58.0395084 ], [ -6.9943485, 58.0409716 ], [ -6.98652, 58.0425 ], [ -6.9797615, 58.0423876 ], [ -6.9758916, 58.0412681 ], [ -6.9698918, 58.0413001 ], [ -6.9665199, 58.0400342 ], [ -6.9654115, 58.0404963 ], [ -6.9641009, 58.0431497 ], [ -6.9583673, 58.0450023 ], [ -6.9531646, 58.0453644 ], [ -6.94908, 58.04703 ], [ -6.93882, 58.04917 ], [ -6.9207288, 58.0515531 ], [ -6.9138435, 58.0512561 ], [ -6.9101841, 58.0495278 ], [ -6.9062535, 58.0491153 ], [ -6.9112501, 58.0526821 ], [ -6.914023, 58.0531883 ], [ -6.9267687, 58.0523252 ], [ -6.948287, 58.049383 ], [ -6.9585706, 58.0496237 ], [ -6.9700681, 58.0480998 ], [ -6.9814785, 58.0477803 ], [ -6.9853785, 58.0460318 ], [ -6.9972779, 58.0440794 ], [ -7.0067413, 58.0409833 ], [ -7.0151644, 58.0408801 ], [ -7.0268789, 58.0359391 ], [ -7.0326058, 58.036001 ], [ -7.0348162, 58.0346546 ], [ -7.0400181, 58.0339157 ], [ -7.0411639, 58.0355315 ], [ -7.0409335, 58.0373543 ], [ -7.0437393, 58.0380149 ], [ -7.0482182, 58.0347873 ], [ -7.048145, 58.0352921 ], [ -7.0497397, 58.0352225 ], [ -7.0499168, 58.0365894 ], [ -7.0514799, 58.0372995 ], [ -7.0539052, 58.0410755 ], [ -7.053357, 58.0417806 ], [ -7.0611331, 58.0407862 ], [ -7.0615179, 58.041445 ], [ -7.0595886, 58.0418268 ], [ -7.062453, 58.0422316 ], [ -7.0629673, 58.0426647 ], [ -7.062463, 58.043127 ], [ -7.0644294, 58.0440494 ], [ -7.061311, 58.0448162 ], [ -7.063136, 58.0454964 ], [ -7.0608215, 58.0466244 ], [ -7.05144, 58.04735 ], [ -7.0479272, 58.0495881 ], [ -7.0482989, 58.050367 ], [ -7.04616, 58.05124 ], [ -7.0384834, 58.0510917 ], [ -7.0356722, 58.050236 ], [ -7.0301123, 58.0505409 ], [ -7.028916, 58.052141 ], [ -7.023957, 58.0518107 ], [ -7.0206852, 58.0540955 ], [ -7.0206226, 58.054745 ], [ -7.0235968, 58.0545403 ], [ -7.0275719, 58.0564336 ], [ -7.0322302, 58.0566313 ], [ -7.03575, 58.0562 ], [ -7.0406206, 58.0543607 ], [ -7.0450939, 58.0548829 ], [ -7.0521776, 58.0533562 ], [ -7.0572069, 58.0533427 ], [ -7.0591176, 58.0549058 ], [ -7.0573048, 58.0568916 ], [ -7.0583173, 58.0579791 ], [ -7.0568118, 58.0596576 ], [ -7.0569039, 58.0608714 ], [ -7.0538591, 58.0630487 ], [ -7.0515, 58.064 ], [ -7.0393446, 58.0656967 ], [ -7.0388843, 58.0661091 ], [ -7.0397916, 58.06716 ], [ -7.0385381, 58.0677459 ], [ -7.0365074, 58.067241 ], [ -7.0367752, 58.0661274 ], [ -7.0353288, 58.0658308 ], [ -7.0304364, 58.0690947 ], [ -7.0215265, 58.0707847 ], [ -7.0233059, 58.0711249 ], [ -7.0238967, 58.072682 ], [ -7.0284538, 58.0735718 ], [ -7.0289747, 58.075086 ], [ -7.0281924, 58.0776016 ], [ -7.0288326, 58.0782659 ], [ -7.0280435, 58.0797134 ], [ -7.0289098, 58.0801201 ], [ -7.0284214, 58.0808096 ], [ -7.0306208, 58.0814855 ], [ -7.033568, 58.0810997 ], [ -7.0342402, 58.0778456 ], [ -7.0360341, 58.0752407 ], [ -7.0420504, 58.0722276 ], [ -7.0473042, 58.0724038 ], [ -7.0495157, 58.071601 ], [ -7.0512793, 58.069621 ], [ -7.0527758, 58.0696479 ], [ -7.0537574, 58.0705951 ], [ -7.0564202, 58.068591 ], [ -7.0619098, 58.0681379 ], [ -7.064371, 58.0664557 ], [ -7.0694917, 58.0667115 ], [ -7.0691561, 58.0660079 ], [ -7.0623712, 58.0645383 ], [ -7.0624637, 58.0629304 ], [ -7.0617452, 58.0622483 ], [ -7.0622358, 58.0610377 ], [ -7.0651276, 58.0610955 ], [ -7.0657754, 58.0600561 ], [ -7.0685521, 58.0602442 ], [ -7.0687926, 58.0619122 ], [ -7.0696235, 58.0618065 ], [ -7.0700746, 58.0604215 ], [ -7.0727153, 58.0606288 ], [ -7.0716135, 58.0619938 ], [ -7.0724519, 58.0618461 ], [ -7.0732859, 58.0633684 ], [ -7.0742359, 58.0628343 ], [ -7.0757797, 58.0636028 ], [ -7.0770197, 58.0629646 ], [ -7.0773459, 58.0638668 ], [ -7.0763385, 58.0647008 ], [ -7.0791143, 58.0646823 ], [ -7.0828294, 58.062612 ], [ -7.0829565, 58.0648753 ], [ -7.0850648, 58.0648606 ], [ -7.0855059, 58.064197 ], [ -7.08573, 58.0649365 ], [ -7.0876957, 58.0649118 ], [ -7.0879683, 58.0642441 ], [ -7.088697, 58.0647738 ], [ -7.0876115, 58.0664196 ], [ -7.0774906, 58.0674496 ], [ -7.0775953, 58.0680124 ], [ -7.0918403, 58.0687842 ], [ -7.0950632, 58.0703751 ], [ -7.0957151, 58.0691926 ], [ -7.098318, 58.0690922 ], [ -7.1004201, 58.0700222 ], [ -7.1004303, 58.0721724 ], [ -7.0984773, 58.0724803 ], [ -7.1024956, 58.0728449 ], [ -7.1029302, 58.0745576 ], [ -7.1017458, 58.075191 ], [ -7.1000015, 58.0747882 ], [ -7.0986198, 58.0767133 ], [ -7.1001605, 58.077101 ], [ -7.1007456, 58.0802317 ], [ -7.1043283, 58.0824645 ], [ -7.1028331, 58.0831994 ], [ -7.1041693, 58.0846255 ], [ -7.1020636, 58.0854763 ], [ -7.1034493, 58.0857853 ], [ -7.1017475, 58.0860866 ], [ -7.1032909, 58.0867582 ], [ -7.1019848, 58.0873401 ], [ -7.1025703, 58.0872299 ], [ -7.10187, 58.0876497 ], [ -7.1023386, 58.088044 ], [ -7.1009395, 58.0881505 ], [ -7.1025502, 58.0888098 ], [ -7.1001441, 58.0894299 ], [ -7.1029983, 58.0904522 ], [ -7.1016047, 58.0915404 ], [ -7.1044499, 58.093591 ], [ -7.1024796, 58.0945027 ], [ -7.1032797, 58.0957026 ], [ -7.1099192, 58.096322 ], [ -7.1053819, 58.0972749 ], [ -7.1055828, 58.0984472 ], [ -7.1067531, 58.0992611 ], [ -7.1099894, 58.0992439 ], [ -7.109365, 58.1003542 ], [ -7.1115925, 58.0997629 ], [ -7.1125455, 58.1001548 ], [ -7.1109089, 58.1012525 ], [ -7.1115741, 58.1024119 ], [ -7.1108451, 58.1030079 ], [ -7.1132183, 58.104797 ], [ -7.112144, 58.1049623 ], [ -7.1125521, 58.1057431 ], [ -7.1094556, 58.1063979 ], [ -7.1105787, 58.1074889 ], [ -7.1097641, 58.1081492 ], [ -7.1105957, 58.1080873 ], [ -7.1098667, 58.1083491 ], [ -7.1105652, 58.1086369 ], [ -7.1096979, 58.1088832 ], [ -7.110396, 58.1096835 ], [ -7.1098222, 58.1098633 ], [ -7.1137816, 58.1116036 ], [ -7.1131409, 58.1132311 ], [ -7.1146654, 58.1129916 ], [ -7.1132076, 58.1143438 ], [ -7.1176601, 58.1139301 ], [ -7.117027, 58.1144062 ], [ -7.1180034, 58.1141483 ], [ -7.1172845, 58.1145478 ], [ -7.12073, 58.1165 ], [ -7.1227455, 58.115745 ], [ -7.1222949, 58.1144543 ], [ -7.1228811, 58.1141279 ], [ -7.1221822, 58.1138323 ], [ -7.1228823, 58.1137785 ], [ -7.12502, 58.1165285 ], [ -7.1267206, 58.1171434 ], [ -7.12622, 58.118 ], [ -7.1287242, 58.1187484 ], [ -7.1289897, 58.1210815 ], [ -7.1315029, 58.1210716 ], [ -7.130714, 58.1218756 ], [ -7.1343595, 58.1214697 ], [ -7.1340792, 58.1229393 ], [ -7.1354485, 58.1228522 ], [ -7.1348311, 58.123675 ], [ -7.1317336, 58.1233933 ], [ -7.1310528, 58.1246314 ], [ -7.1298802, 58.1248578 ], [ -7.1353304, 58.1268237 ], [ -7.1332437, 58.129829 ], [ -7.1299794, 58.1307722 ], [ -7.1326161, 58.130945 ], [ -7.1321333, 58.1320241 ], [ -7.1297729, 58.1331569 ], [ -7.1315968, 58.1328397 ], [ -7.1302021, 58.1339726 ], [ -7.1306205, 58.1345956 ], [ -7.1284211, 58.1354792 ], [ -7.1312964, 58.1348873 ], [ -7.1281582, 58.1373935 ], [ -7.1297247, 58.1367055 ], [ -7.1285015, 58.137538 ], [ -7.1295242, 58.1378778 ], [ -7.1257979, 58.1394919 ], [ -7.126392, 58.1390593 ], [ -7.1216834, 58.1386792 ], [ -7.1220696, 58.137538 ], [ -7.1211308, 58.136796 ], [ -7.1167746, 58.1367849 ], [ -7.1164111, 58.137577 ], [ -7.1174163, 58.1382556 ], [ -7.1163824, 58.1385796 ], [ -7.1172091, 58.1385372 ], [ -7.1161996, 58.1399534 ], [ -7.1105019, 58.1418705 ], [ -7.1095546, 58.1427392 ], [ -7.1114502, 58.1431825 ], [ -7.1086288, 58.1439142 ], [ -7.1099548, 58.1443625 ], [ -7.1098734, 58.1455078 ], [ -7.1112251, 58.1453851 ], [ -7.1101417, 58.1475084 ], [ -7.114764, 58.1470262 ], [ -7.1115858, 58.1485177 ], [ -7.1144489, 58.1487951 ], [ -7.1128489, 58.1494136 ], [ -7.1151243, 58.1489725 ], [ -7.1165978, 58.1495278 ], [ -7.1158722, 58.1508778 ], [ -7.1132442, 58.1513198 ], [ -7.111584, 58.1507302 ], [ -7.1122016, 58.1513421 ], [ -7.1116048, 58.1512755 ], [ -7.1109477, 58.1507339 ], [ -7.111378, 58.1498749 ], [ -7.1082845, 58.1491097 ], [ -7.1052659, 58.1500354 ], [ -7.1058257, 58.1508223 ], [ -7.1052125, 58.1511915 ], [ -7.1013105, 58.1516079 ], [ -7.101667, 58.1524345 ], [ -7.0987228, 58.1530563 ], [ -7.0978821, 58.1546245 ], [ -7.0994559, 58.1553932 ], [ -7.1014768, 58.1546268 ], [ -7.100659, 58.1567126 ], [ -7.0986422, 58.1563567 ], [ -7.0991044, 58.1573066 ], [ -7.0926391, 58.1595495 ], [ -7.0943975, 58.1595285 ], [ -7.0928593, 58.1603667 ], [ -7.0947368, 58.1601414 ], [ -7.0937176, 58.1609814 ], [ -7.0942762, 58.1615471 ], [ -7.0961852, 58.1612066 ], [ -7.0946532, 58.1624733 ], [ -7.0922849, 58.1624663 ], [ -7.0893402, 58.1639753 ], [ -7.0898731, 58.1651092 ], [ -7.0923064, 58.1649903 ], [ -7.0936455, 58.1664358 ], [ -7.0954299, 58.1660692 ], [ -7.094656, 58.1673037 ], [ -7.0931061, 58.1674624 ], [ -7.0933378, 58.1680396 ], [ -7.0994962, 58.1683678 ], [ -7.0969191, 58.1694576 ], [ -7.0993181, 58.1694531 ], [ -7.0971809, 58.1701548 ], [ -7.0975778, 58.1705565 ], [ -7.0997951, 58.1705755 ], [ -7.1011656, 58.1696817 ], [ -7.0995612, 58.171379 ], [ -7.1024831, 58.1719846 ], [ -7.1016956, 58.1724485 ], [ -7.1017686, 58.173665 ], [ -7.0994147, 58.174164 ], [ -7.0990241, 58.1748938 ], [ -7.1026675, 58.1746603 ], [ -7.104824, 58.1772914 ], [ -7.1053948, 58.176943 ], [ -7.1066029, 58.1779054 ], [ -7.1080083, 58.1772609 ], [ -7.1074633, 58.1786593 ], [ -7.1052156, 58.1791867 ], [ -7.106679, 58.1799146 ], [ -7.1037747, 58.1822339 ], [ -7.1049892, 58.1822679 ], [ -7.1038434, 58.1831395 ], [ -7.1045472, 58.183334 ], [ -7.1017953, 58.1841842 ], [ -7.1021482, 58.183406 ], [ -7.099844, 58.1866463 ], [ -7.0957454, 58.1865003 ], [ -7.097035, 58.1875658 ], [ -7.0962625, 58.1880408 ], [ -7.095217, 58.1882391 ], [ -7.0958462, 58.1873905 ], [ -7.0934129, 58.1872073 ], [ -7.0938501, 58.1857653 ], [ -7.0929451, 58.1853952 ], [ -7.0924387, 58.1867617 ], [ -7.0887695, 58.1869042 ], [ -7.0895419, 58.1882659 ], [ -7.0846067, 58.188646 ], [ -7.0851364, 58.1889761 ], [ -7.0846582, 58.1892816 ], [ -7.0819163, 58.1883791 ], [ -7.0830574, 58.1874787 ], [ -7.0819325, 58.1879054 ], [ -7.0828858, 58.18673 ], [ -7.0820478, 58.1866374 ], [ -7.0834888, 58.1853296 ], [ -7.0825704, 58.1852334 ], [ -7.0830348, 58.1848886 ], [ -7.0812195, 58.183237 ], [ -7.0782133, 58.1840379 ], [ -7.0765739, 58.183073 ], [ -7.071836, 58.1833151 ], [ -7.0729282, 58.1828592 ], [ -7.0655447, 58.1837166 ], [ -7.0649579, 58.1833522 ], [ -7.0655618, 58.1824508 ], [ -7.0632199, 58.183204 ], [ -7.0592211, 58.1802685 ], [ -7.0553308, 58.1808522 ], [ -7.0544982, 58.1820254 ], [ -7.0559788, 58.1824847 ], [ -7.0558136, 58.183763 ], [ -7.0530356, 58.1853873 ], [ -7.0501844, 58.1844784 ], [ -7.048937, 58.1832696 ], [ -7.0496957, 58.1828518 ], [ -7.048109, 58.1818399 ], [ -7.048687, 58.1801758 ], [ -7.0513, 58.1792909 ], [ -7.0525752, 58.177999 ], [ -7.0468532, 58.1772754 ], [ -7.0440909, 58.1702836 ], [ -7.0425591, 58.1710945 ], [ -7.0444435, 58.1725507 ], [ -7.0442493, 58.1754997 ], [ -7.0396648, 58.1781023 ], [ -7.0404185, 58.1802271 ], [ -7.0375102, 58.1822834 ], [ -7.0380008, 58.1826695 ], [ -7.0372471, 58.1837208 ], [ -7.03365, 58.1830443 ], [ -7.0324473, 58.1848151 ], [ -7.027851, 58.1847665 ], [ -7.0280503, 58.1857575 ], [ -7.0264801, 58.1864266 ], [ -7.0197221, 58.186126 ], [ -7.0190442, 58.1859471 ], [ -7.0203864, 58.1844162 ], [ -7.0182886, 58.1825468 ], [ -7.0151805, 58.182721 ], [ -7.0166194, 58.1819717 ], [ -7.0165384, 58.1807869 ], [ -7.0137023, 58.1815157 ], [ -7.0145024, 58.1825511 ], [ -7.012961, 58.1828207 ], [ -7.012448, 58.1837803 ], [ -7.0083859, 58.1832742 ], [ -7.0070159, 58.1843727 ], [ -7.0119983, 58.1861134 ], [ -7.0153967, 58.1838358 ], [ -7.0170536, 58.184236 ], [ -7.0150314, 58.1862712 ], [ -7.0151695, 58.1874475 ], [ -7.0164039, 58.1883551 ], [ -7.0160501, 58.1900821 ], [ -7.0172604, 58.1915506 ], [ -7.0167839, 58.1929624 ], [ -7.0173033, 58.1940439 ], [ -7.0201999, 58.1937473 ], [ -7.0196005, 58.1930715 ], [ -7.0199834, 58.1921746 ], [ -7.0223397, 58.1917079 ], [ -7.0225935, 58.1911356 ], [ -7.0196292, 58.1909698 ], [ -7.0212741, 58.1886893 ], [ -7.023807, 58.1911987 ], [ -7.0230174, 58.1914287 ], [ -7.0235235, 58.1918667 ], [ -7.0230085, 58.19428 ], [ -7.0284054, 58.1944072 ], [ -7.0297875, 58.1924292 ], [ -7.03071, 58.192423 ], [ -7.031664, 58.1934754 ], [ -7.0304509, 58.1936218 ], [ -7.0299705, 58.1961127 ], [ -7.030943, 58.1972723 ], [ -7.0284639, 58.1987616 ], [ -7.0285132, 58.1994574 ], [ -7.0309123, 58.1992073 ], [ -7.0310421, 58.1999668 ], [ -7.0300611, 58.2003567 ], [ -7.0314816, 58.2014381 ], [ -7.033172, 58.2007992 ], [ -7.0364469, 58.1951904 ], [ -7.036224, 58.1939925 ], [ -7.0330655, 58.1922607 ], [ -7.0332445, 58.1913016 ], [ -7.0360406, 58.1903055 ], [ -7.0385221, 58.1908353 ], [ -7.0421748, 58.1881318 ], [ -7.0465296, 58.1905377 ], [ -7.0450238, 58.1915753 ], [ -7.0452977, 58.1927034 ], [ -7.0475211, 58.1925841 ], [ -7.049135, 58.1940321 ], [ -7.0542427, 58.194125 ], [ -7.0539135, 58.1946298 ], [ -7.0562847, 58.194932 ], [ -7.0574677, 58.1939863 ], [ -7.0577711, 58.1947463 ], [ -7.0583466, 58.1943008 ], [ -7.0599702, 58.1944908 ], [ -7.059351, 58.194949 ], [ -7.0602811, 58.1953336 ], [ -7.0620805, 58.1951743 ], [ -7.0614938, 58.1958848 ], [ -7.0630953, 58.1952041 ], [ -7.0652581, 58.1955768 ], [ -7.0641872, 58.1978374 ], [ -7.0617971, 58.1972471 ], [ -7.0611737, 58.1977345 ], [ -7.0627926, 58.1987642 ], [ -7.0622306, 58.1994068 ], [ -7.0633757, 58.1991801 ], [ -7.0631252, 58.2005081 ], [ -7.0636972, 58.2005057 ], [ -7.0605282, 58.2039068 ], [ -7.0592644, 58.2029022 ], [ -7.0603246, 58.2048083 ], [ -7.0594318, 58.2055983 ], [ -7.0604383, 58.2055235 ], [ -7.0601492, 58.2062109 ], [ -7.0586928, 58.2059854 ], [ -7.0574773, 58.2076582 ], [ -7.0563082, 58.207469 ], [ -7.0566946, 58.2065971 ], [ -7.0556, 58.2077963 ], [ -7.0513621, 58.2091639 ], [ -7.0518831, 58.2102167 ], [ -7.0558291, 58.209109 ], [ -7.0555482, 58.2100117 ], [ -7.05763, 58.2103999 ], [ -7.0576145, 58.2112281 ], [ -7.058111, 58.2104599 ], [ -7.0591392, 58.2109208 ], [ -7.0585137, 58.212349 ], [ -7.0568318, 58.2122381 ], [ -7.0556037, 58.21407 ], [ -7.0546236, 58.2142254 ], [ -7.0552473, 58.2144727 ], [ -7.0541928, 58.2161701 ], [ -7.0531773, 58.2166865 ], [ -7.0519435, 58.2159946 ], [ -7.0524482, 58.2171273 ], [ -7.0493992, 58.2193727 ], [ -7.0529309, 58.2192408 ], [ -7.0540055, 58.2198572 ], [ -7.053821, 58.2205917 ], [ -7.055422, 58.2202472 ], [ -7.0522046, 58.2242172 ], [ -7.0535747, 58.2236835 ], [ -7.0527611, 58.2244462 ], [ -7.0535594, 58.2242889 ], [ -7.0507992, 58.2257732 ], [ -7.0480666, 58.2256638 ], [ -7.0489909, 58.2273597 ], [ -7.0469657, 58.2281714 ], [ -7.0485856, 58.2278361 ], [ -7.0483352, 58.2286482 ], [ -7.0492451, 58.2293211 ], [ -7.0486882, 58.229919 ], [ -7.0499093, 58.2297464 ], [ -7.0503315, 58.2304978 ], [ -7.0489912, 58.2313557 ], [ -7.049351, 58.2319813 ], [ -7.0487022, 58.2316575 ], [ -7.0481975, 58.2318577 ], [ -7.0488241, 58.232475 ], [ -7.0453996, 58.2332543 ], [ -7.0438515, 58.232606 ], [ -7.0448374, 58.2333686 ], [ -7.0428569, 58.2336846 ], [ -7.0433625, 58.2329929 ], [ -7.041878, 58.2332092 ], [ -7.0414595, 58.2324471 ], [ -7.0385753, 58.2328142 ], [ -7.0389853, 58.2333857 ], [ -7.0379179, 58.2341023 ], [ -7.0384214, 58.2343152 ], [ -7.0363493, 58.2351235 ], [ -7.0375087, 58.2348405 ], [ -7.0379593, 58.2354835 ], [ -7.0363256, 58.2365778 ], [ -7.0391195, 58.2358933 ], [ -7.0386413, 58.2374061 ], [ -7.0396213, 58.2373382 ], [ -7.0388617, 58.2375384 ], [ -7.0390824, 58.2386917 ], [ -7.0374916, 58.2388369 ], [ -7.0372128, 58.23798 ], [ -7.0360162, 58.2405659 ], [ -7.0350246, 58.2403909 ], [ -7.0352955, 58.2410083 ], [ -7.0337965, 58.2417835 ], [ -7.0317942, 58.2422578 ], [ -7.0303241, 58.2415477 ], [ -7.0306529, 58.2422232 ], [ -7.0293176, 58.2433779 ], [ -7.024181, 58.2442899 ], [ -7.0248527, 58.2436309 ], [ -7.0237356, 58.2435368 ], [ -7.0239911, 58.2428278 ], [ -7.025623, 58.2415673 ], [ -7.024641, 58.24121 ], [ -7.0245494, 58.2395698 ], [ -7.0260798, 58.2387233 ], [ -7.0256013, 58.2380401 ], [ -7.0262016, 58.2375993 ], [ -7.0247703, 58.2372593 ], [ -7.0270156, 58.2355399 ], [ -7.0265269, 58.2349472 ], [ -7.0272618, 58.2342219 ], [ -7.0263231, 58.2335045 ], [ -7.0267214, 58.2322979 ], [ -7.0253756, 58.2318979 ], [ -7.0150422, 58.2352572 ], [ -7.0129034, 58.2341192 ], [ -7.010494, 58.2348669 ], [ -7.0072175, 58.234095 ], [ -7.004245, 58.2345647 ], [ -7.0059971, 58.2338899 ], [ -7.0043024, 58.2328332 ], [ -7.0026816, 58.2341623 ], [ -7.0005503, 58.2337525 ], [ -7.0006352, 58.2343422 ], [ -6.9991645, 58.2340546 ], [ -7.0001592, 58.2333194 ], [ -6.9945948, 58.2331349 ], [ -6.9941476, 58.2325386 ], [ -6.9958715, 58.2314864 ], [ -6.9952273, 58.2302998 ], [ -6.9945461, 58.2304118 ], [ -6.9949574, 58.2295464 ], [ -6.992626, 58.2295974 ], [ -6.9931217, 58.2283349 ], [ -6.9910187, 58.2282692 ], [ -6.9914388, 58.2275167 ], [ -6.9898638, 58.2265063 ], [ -6.9872047, 58.2269112 ], [ -6.9877752, 58.2256825 ], [ -6.9854247, 58.2247768 ], [ -6.9839134, 58.2253235 ], [ -6.9834083, 58.2235749 ], [ -6.9810159, 58.2229724 ], [ -6.9754614, 58.219361 ], [ -6.9746957, 58.2203007 ], [ -6.9685765, 58.2208509 ], [ -6.965333, 58.2221715 ], [ -6.9674878, 58.2256832 ], [ -6.9634684, 58.2284036 ], [ -6.9679963, 58.2296282 ], [ -6.9691874, 58.2308824 ], [ -6.9675409, 58.2319891 ], [ -6.9659824, 58.2313638 ], [ -6.9663048, 58.2326484 ], [ -6.9608194, 58.2316206 ], [ -6.9621462, 58.2341284 ], [ -6.9597944, 58.2354713 ], [ -6.9580875, 58.2351115 ], [ -6.9592698, 58.2340719 ], [ -6.9580537, 58.2344406 ], [ -6.9584372, 58.2330572 ], [ -6.9565428, 58.2340661 ], [ -6.9537066, 58.2330359 ], [ -6.9538323, 58.2316186 ], [ -6.952449, 58.230906 ], [ -6.9529924, 58.2299535 ], [ -6.9520346, 58.2299418 ], [ -6.9521027, 58.2291237 ], [ -6.9507078, 58.2283169 ], [ -6.9514163, 58.2269988 ], [ -6.9501181, 58.2267638 ], [ -6.9501026, 58.2258799 ], [ -6.9489612, 58.2252096 ], [ -6.9496449, 58.2243986 ], [ -6.9474911, 58.2238599 ], [ -6.9459141, 58.2243617 ], [ -6.9456487, 58.2236614 ], [ -6.9473172, 58.2234896 ], [ -6.9455832, 58.2226368 ], [ -6.942037, 58.2229731 ], [ -6.9404315, 58.2215256 ], [ -6.9397468, 58.2204875 ], [ -6.9401753, 58.2195818 ], [ -6.939121, 58.2186939 ], [ -6.9341641, 58.2168212 ], [ -6.926107, 58.2157602 ], [ -6.9167335, 58.2163137 ], [ -6.9168303, 58.2179532 ], [ -6.915371, 58.2182535 ], [ -6.9119673, 58.2141419 ], [ -6.9105129, 58.2149678 ], [ -6.9107284, 58.2144686 ], [ -6.9081419, 58.2128486 ], [ -6.9086265, 58.2117191 ], [ -6.9094495, 58.2118469 ], [ -6.9089899, 58.2109004 ], [ -6.9104733, 58.2117092 ], [ -6.9131121, 58.2113735 ], [ -6.9118787, 58.210603 ], [ -6.9126866, 58.2098962 ], [ -6.9106042, 58.2085215 ], [ -6.9095651, 58.2067427 ], [ -6.9100519, 58.2037393 ], [ -6.9227784, 58.2033039 ], [ -6.9249943, 58.2041145 ], [ -6.9269097, 58.2029506 ], [ -6.930866, 58.2025828 ], [ -6.9333131, 58.2032978 ], [ -6.9337433, 58.2025633 ], [ -6.9443056, 58.2040548 ], [ -6.9448104, 58.2025664 ], [ -6.9442569, 58.2000362 ], [ -6.9449923, 58.1985943 ], [ -6.9469612, 58.1995169 ], [ -6.9485057, 58.2016455 ], [ -6.9541621, 58.2038376 ], [ -6.9587849, 58.2038182 ], [ -6.9593951, 58.205289 ], [ -6.9603419, 58.2056183 ], [ -6.9628073, 58.2034145 ], [ -6.9609589, 58.2030349 ], [ -6.9599206, 58.2019165 ], [ -6.9528437, 58.2018742 ], [ -6.9529506, 58.2007221 ], [ -6.9495748, 58.1996362 ], [ -6.9465594, 58.1971823 ], [ -6.9458811, 58.1961178 ], [ -6.9465055, 58.19525 ], [ -6.94488, 58.1935233 ], [ -6.9405338, 58.1938341 ], [ -6.9369013, 58.1926856 ], [ -6.93408, 58.1902006 ], [ -6.933165, 58.186595 ], [ -6.9318695, 58.189203 ], [ -6.9258262, 58.1888293 ], [ -6.9236925, 58.1894074 ], [ -6.9135733, 58.1839299 ], [ -6.9135765, 58.1848967 ], [ -6.9154344, 58.1860202 ], [ -6.9152169, 58.1869562 ], [ -6.9131988, 58.1864157 ], [ -6.9127216, 58.1872176 ], [ -6.9103006, 58.1875819 ], [ -6.9095569, 58.1856256 ], [ -6.9073396, 58.1849316 ], [ -6.896854, 58.1883576 ], [ -6.8931306, 58.1871256 ], [ -6.8918816, 58.1847079 ], [ -6.8932435, 58.182502 ], [ -6.8918026, 58.1822349 ], [ -6.891626, 58.1810397 ], [ -6.8876243, 58.1772201 ], [ -6.8863051, 58.1687187 ], [ -6.8873562, 58.1674539 ], [ -6.8873451, 58.1647959 ], [ -6.8891906, 58.1635939 ], [ -6.8882652, 58.1622589 ], [ -6.8899301, 58.1605627 ], [ -6.8899189, 58.1596433 ], [ -6.8929748, 58.1588978 ], [ -6.890611, 58.1578535 ], [ -6.8897039, 58.1552009 ], [ -6.8902249, 58.154813 ], [ -6.8881244, 58.1526784 ], [ -6.8896148, 58.1505389 ], [ -6.8840838, 58.1449355 ], [ -6.8849742, 58.1443957 ], [ -6.8789495, 58.1365902 ], [ -6.8785664, 58.1344817 ], [ -6.8791899, 58.1343871 ], [ -6.8780157, 58.1336057 ], [ -6.8767851, 58.1283717 ], [ -6.8783146, 58.1272748 ], [ -6.8681441, 58.1211939 ], [ -6.8635147, 58.1151232 ], [ -6.8620381, 58.1155189 ], [ -6.8608726, 58.114617 ], [ -6.8614188, 58.1121775 ], [ -6.8608828, 58.1111223 ], [ -6.860452, 58.1118518 ], [ -6.8587977, 58.110961 ], [ -6.8601011, 58.1123633 ], [ -6.8597128, 58.1150252 ], [ -6.8603585, 58.1171409 ], [ -6.8659675, 58.1230495 ], [ -6.86548, 58.1249 ], [ -6.8669446, 58.1250773 ], [ -6.8682145, 58.1272023 ], [ -6.8683961, 58.1293599 ], [ -6.8672011, 58.1310765 ], [ -6.8636619, 58.1312985 ], [ -6.8658025, 58.1329815 ], [ -6.8667184, 58.132636 ], [ -6.8688747, 58.1338354 ], [ -6.8701234, 58.136137 ], [ -6.8718914, 58.1373501 ], [ -6.8727112, 58.1403166 ], [ -6.8755021, 58.1412463 ], [ -6.8767276, 58.1440932 ], [ -6.8791311, 58.1453246 ], [ -6.8805896, 58.1481996 ], [ -6.8814768, 58.1482066 ], [ -6.8825695, 58.1504754 ], [ -6.882059, 58.1526398 ], [ -6.8840425, 58.1569432 ], [ -6.8807087, 58.1629439 ], [ -6.8818582, 58.1641002 ], [ -6.883376, 58.1640742 ], [ -6.8839875, 58.1638536 ], [ -6.8832166, 58.1631433 ], [ -6.8835951, 58.162568 ], [ -6.8864709, 58.162566 ], [ -6.8852814, 58.1633702 ], [ -6.8858615, 58.1634458 ], [ -6.8859059, 58.1673572 ], [ -6.8838202, 58.169059 ], [ -6.8835253, 58.1711012 ], [ -6.8824361, 58.1699666 ], [ -6.8817542, 58.1728698 ], [ -6.8811175, 58.1721037 ], [ -6.8793709, 58.1720205 ], [ -6.8778253, 58.1731993 ], [ -6.8742693, 58.1702087 ], [ -6.8739768, 58.171036 ], [ -6.8733339, 58.1702164 ], [ -6.8718543, 58.1715369 ], [ -6.8712058, 58.1710562 ], [ -6.8694229, 58.1719103 ], [ -6.8690302, 58.1727871 ], [ -6.8702717, 58.1749507 ], [ -6.8716933, 58.1752134 ], [ -6.8737829, 58.1774234 ], [ -6.8756845, 58.1777603 ], [ -6.8779891, 58.1797284 ], [ -6.877421, 58.1801931 ], [ -6.8790604, 58.180631 ], [ -6.8796208, 58.1822768 ], [ -6.8764916, 58.1833738 ], [ -6.8777608, 58.1841817 ], [ -6.8774128, 58.185191 ], [ -6.878676, 58.1871926 ], [ -6.877249, 58.189292 ], [ -6.874075, 58.1888043 ], [ -6.8725998, 58.1864957 ], [ -6.8732499, 58.1858398 ], [ -6.8719012, 58.1855889 ], [ -6.8731953, 58.184462 ], [ -6.8753557, 58.1843132 ], [ -6.8746947, 58.1835931 ], [ -6.8702123, 58.1843625 ], [ -6.8682881, 58.1828537 ], [ -6.8673087, 58.1838443 ], [ -6.8636801, 58.1817645 ], [ -6.8636587, 58.1823997 ], [ -6.8629153, 58.1821387 ], [ -6.8614496, 58.1806708 ], [ -6.8612575, 58.181346 ], [ -6.8594728, 58.1811131 ], [ -6.8590321, 58.1818568 ], [ -6.8608321, 58.1840031 ], [ -6.8611107, 58.1858551 ], [ -6.8597905, 58.1863093 ], [ -6.8612139, 58.1896776 ], [ -6.8630153, 58.1909783 ], [ -6.8623458, 58.1938865 ], [ -6.861612, 58.1939244 ], [ -6.8618502, 58.1926883 ], [ -6.8589523, 58.1907566 ], [ -6.8598594, 58.191711 ], [ -6.8584548, 58.1930079 ], [ -6.8589335, 58.1935504 ], [ -6.856078, 58.1928769 ], [ -6.8556626, 58.1942142 ], [ -6.8520051, 58.194797 ], [ -6.8496442, 58.1963407 ], [ -6.8512954, 58.1970237 ], [ -6.8505634, 58.1973439 ], [ -6.8514022, 58.1979907 ], [ -6.8510473, 58.1991063 ], [ -6.8526724, 58.1989737 ], [ -6.8525566, 58.1996709 ], [ -6.8459618, 58.1997107 ], [ -6.8443635, 58.1988014 ], [ -6.8479577, 58.197802 ], [ -6.8454077, 58.1977792 ], [ -6.8414794, 58.1962231 ], [ -6.838129, 58.1996269 ], [ -6.8347793, 58.2000348 ], [ -6.8380439, 58.2013166 ], [ -6.8399057, 58.2007227 ], [ -6.8391997, 58.2020262 ], [ -6.8397326, 58.2025614 ], [ -6.8355468, 58.2023514 ], [ -6.8347449, 58.2036413 ], [ -6.8293379, 58.2032525 ], [ -6.8278718, 58.2047113 ], [ -6.8260021, 58.20374 ], [ -6.827024, 58.2025811 ], [ -6.8246576, 58.2023477 ], [ -6.8262569, 58.2016766 ], [ -6.8233628, 58.2017289 ], [ -6.8206458, 58.1999626 ], [ -6.8195705, 58.2012552 ], [ -6.813161, 58.2003966 ], [ -6.8133728, 58.2011694 ], [ -6.812776, 58.2011647 ], [ -6.8096693, 58.200655 ], [ -6.8079226, 58.198666 ], [ -6.8034038, 58.1998892 ], [ -6.7970165, 58.198005 ], [ -6.7933329, 58.1985074 ], [ -6.7900643, 58.1971439 ], [ -6.7887015, 58.1939431 ], [ -6.7846496, 58.1929559 ], [ -6.7839028, 58.1939956 ], [ -6.7814919, 58.194293 ], [ -6.7817284, 58.1913647 ], [ -6.7825811, 58.1905574 ], [ -6.7846588, 58.1908195 ], [ -6.784327, 58.1899129 ], [ -6.785188, 58.1892416 ], [ -6.783158, 58.1894191 ], [ -6.7821129, 58.1878451 ], [ -6.7797156, 58.189829 ], [ -6.7802363, 58.1906251 ], [ -6.7794565, 58.1911854 ], [ -6.7792584, 58.1929841 ], [ -6.7749782, 58.1913469 ], [ -6.7737936, 58.1922704 ], [ -6.7721603, 58.190922 ], [ -6.7726851, 58.1902337 ], [ -6.7712983, 58.1895827 ], [ -6.7696435, 58.1902378 ], [ -6.766201, 58.1900223 ], [ -6.7649034, 58.1888766 ], [ -6.7587782, 58.1868402 ], [ -6.757565, 58.1870574 ], [ -6.7567465, 58.1906299 ], [ -6.7547838, 58.1911585 ], [ -6.7524372, 58.1899015 ], [ -6.750926, 58.1920113 ], [ -6.7491732, 58.1919689 ], [ -6.7478364, 58.1892379 ], [ -6.7487992, 58.1882622 ], [ -6.7470274, 58.1880455 ], [ -6.7458804, 58.1865204 ], [ -6.7461389, 58.184247 ], [ -6.742171, 58.1825091 ], [ -6.7416571, 58.1807813 ], [ -6.7409079, 58.1808829 ], [ -6.7394269, 58.1782357 ], [ -6.7360137, 58.175163 ], [ -6.7347216, 58.1715187 ], [ -6.7336523, 58.1716456 ], [ -6.7332183, 58.169081 ], [ -6.7355597, 58.1698088 ], [ -6.7364435, 58.1689287 ], [ -6.7355961, 58.1686407 ], [ -6.7363522, 58.1681037 ], [ -6.7337106, 58.1662606 ], [ -6.7305995, 58.1680906 ], [ -6.7285132, 58.1673093 ], [ -6.7291979, 58.1683294 ], [ -6.7278232, 58.1703664 ], [ -6.7303921, 58.1702908 ], [ -6.7318233, 58.1721013 ], [ -6.73246, 58.1754295 ], [ -6.7297675, 58.1747382 ], [ -6.7260718, 58.1719956 ], [ -6.7252828, 58.1723578 ], [ -6.7247474, 58.1704707 ], [ -6.7235575, 58.1711799 ], [ -6.7216024, 58.1704812 ], [ -6.7190663, 58.1709374 ], [ -6.7166404, 58.1684888 ], [ -6.7154473, 58.1693907 ], [ -6.7161857, 58.1695342 ], [ -6.7154589, 58.1703266 ], [ -6.7163567, 58.1702463 ], [ -6.7162656, 58.1708893 ], [ -6.7144225, 58.1729077 ], [ -6.7175305, 58.1726079 ], [ -6.7188502, 58.1739803 ], [ -6.720145, 58.1732708 ], [ -6.7211229, 58.1731402 ], [ -6.7208156, 58.1740474 ], [ -6.7195147, 58.1743577 ], [ -6.7200116, 58.1752344 ], [ -6.7181086, 58.1760104 ], [ -6.7194774, 58.1757585 ], [ -6.719927, 58.1774172 ], [ -6.7237828, 58.1779355 ], [ -6.7232938, 58.1784602 ], [ -6.7246804, 58.1793298 ], [ -6.7248629, 58.1830534 ], [ -6.7213147, 58.1841933 ], [ -6.7134827, 58.1842078 ], [ -6.7134073, 58.1835107 ], [ -6.7109369, 58.1834598 ], [ -6.7077713, 58.1849401 ], [ -6.7097069, 58.1861153 ], [ -6.7143433, 58.1854605 ], [ -6.714961, 58.1860413 ], [ -6.714048, 58.186444 ], [ -6.7139957, 58.1871175 ], [ -6.7141421, 58.1872765 ], [ -6.7209872, 58.1872613 ], [ -6.723666, 58.1893292 ], [ -6.7227805, 58.1896669 ], [ -6.7228155, 58.1904493 ], [ -6.7234728, 58.1909224 ], [ -6.7253237, 58.1902151 ], [ -6.7292117, 58.1919805 ], [ -6.7311124, 58.1935974 ], [ -6.7306021, 58.1951804 ], [ -6.733248, 58.1958631 ], [ -6.7350616, 58.1979413 ], [ -6.7365083, 58.1975701 ], [ -6.7356974, 58.1957897 ], [ -6.7348924, 58.1956156 ], [ -6.7351095, 58.1946719 ], [ -6.7335176, 58.1949008 ], [ -6.7335418, 58.1923506 ], [ -6.7347567, 58.1913473 ], [ -6.7373939, 58.1911785 ], [ -6.7381707, 58.1915126 ], [ -6.7378259, 58.1935029 ], [ -6.7370958, 58.1938425 ], [ -6.7374608, 58.1954566 ], [ -6.7402844, 58.1972054 ], [ -6.7463476, 58.1926374 ], [ -6.7473379, 58.1945883 ], [ -6.7490142, 58.1952616 ], [ -6.7486733, 58.1963075 ], [ -6.7493053, 58.1967008 ], [ -6.7557092, 58.1978659 ], [ -6.757284, 58.1988382 ], [ -6.7591988, 58.1982297 ], [ -6.7608535, 58.1991855 ], [ -6.7626183, 58.2008745 ], [ -6.762889, 58.2023925 ], [ -6.7603092, 58.2022189 ], [ -6.7594016, 58.2014393 ], [ -6.7585387, 58.2019125 ], [ -6.7592657, 58.2029627 ], [ -6.7581281, 58.2066374 ], [ -6.7587483, 58.2071669 ], [ -6.7561627, 58.2093004 ], [ -6.7496205, 58.2096547 ], [ -6.7453082, 58.2087831 ], [ -6.7436357, 58.2073797 ], [ -6.7427697, 58.2036352 ], [ -6.7405294, 58.2030383 ], [ -6.7386203, 58.2052081 ], [ -6.7370447, 58.2047543 ], [ -6.7363895, 58.2053426 ], [ -6.7377137, 58.205818 ], [ -6.7393006, 58.2081384 ], [ -6.7401833, 58.2079776 ], [ -6.7381717, 58.2055937 ], [ -6.7415533, 58.2059403 ], [ -6.7414306, 58.2096101 ], [ -6.7431214, 58.2110795 ], [ -6.7396463, 58.2116597 ], [ -6.7400406, 58.2130947 ], [ -6.7406042, 58.2120337 ], [ -6.7435005, 58.2120211 ], [ -6.7457772, 58.2136444 ], [ -6.7461634, 58.2151272 ], [ -6.7486828, 58.2153973 ], [ -6.7495572, 58.2167738 ], [ -6.7537763, 58.217042 ], [ -6.7573639, 58.2162224 ], [ -6.7616769, 58.2195925 ], [ -6.7640653, 58.2219721 ], [ -6.7627983, 58.2236402 ], [ -6.7633008, 58.2244256 ], [ -6.764593, 58.224156 ], [ -6.7646851, 58.2248787 ], [ -6.7634412, 58.2246931 ], [ -6.7640772, 58.2264595 ], [ -6.7658811, 58.2271913 ], [ -6.7693971, 58.2322373 ], [ -6.7723308, 58.2344872 ], [ -6.7732, 58.2358367 ], [ -6.7728117, 58.2363705 ], [ -6.7758423, 58.238339 ], [ -6.775789, 58.2364188 ], [ -6.7790628, 58.2344115 ], [ -6.777751, 58.2337569 ], [ -6.7779723, 58.2332336 ], [ -6.7808939, 58.2327378 ], [ -6.7817792, 58.2337908 ], [ -6.781025, 58.2342763 ], [ -6.7824351, 58.2341255 ], [ -6.7816585, 58.2344476 ], [ -6.7825719, 58.2345005 ], [ -6.7826233, 58.2356137 ], [ -6.7851862, 58.2368344 ], [ -6.7875959, 58.236926 ], [ -6.7885668, 58.2350879 ], [ -6.7903473, 58.2376248 ], [ -6.7892716, 58.2377043 ], [ -6.7894863, 58.2389888 ], [ -6.7934772, 58.2401926 ], [ -6.7927461, 58.2414041 ], [ -6.7943646, 58.2418946 ], [ -6.794342, 58.2434123 ], [ -6.7967027, 58.2447863 ], [ -6.798011, 58.2443824 ], [ -6.7968713, 58.2451474 ], [ -6.7976532, 58.2457748 ], [ -6.800784, 58.2453363 ], [ -6.8013833, 58.2462252 ], [ -6.7979411, 58.2480646 ], [ -6.7930732, 58.2476871 ], [ -6.7920955, 58.2485219 ], [ -6.7876931, 58.2474653 ], [ -6.7889335, 58.2484356 ], [ -6.7918627, 58.248585 ], [ -6.7916596, 58.2496771 ], [ -6.7933189, 58.2499407 ], [ -6.8000531, 58.2480069 ], [ -6.8023001, 58.2505191 ], [ -6.8030501, 58.2496327 ], [ -6.8038964, 58.2502236 ], [ -6.804251, 58.2517838 ], [ -6.8078537, 58.2518273 ], [ -6.8079054, 58.2528501 ], [ -6.8098164, 58.2536271 ], [ -6.8087945, 58.2550378 ], [ -6.8099601, 58.2561743 ], [ -6.8093685, 58.25632 ], [ -6.8099682, 58.2566965 ], [ -6.809287, 58.2575915 ], [ -6.8097375, 58.2581036 ], [ -6.806251, 58.2589518 ], [ -6.8074018, 58.2602583 ], [ -6.8100229, 58.260634 ], [ -6.8085843, 58.261735 ], [ -6.8106675, 58.2628209 ], [ -6.8100399, 58.2631684 ], [ -6.8114238, 58.2632225 ], [ -6.8123408, 58.2647896 ], [ -6.8151721, 58.265445 ], [ -6.8137232, 58.2656595 ], [ -6.8126967, 58.2671691 ], [ -6.815533, 58.2676212 ], [ -6.817471, 58.2699267 ], [ -6.8185501, 58.2700548 ], [ -6.8175492, 58.2706899 ], [ -6.8176036, 58.2716072 ], [ -6.8156516, 58.2722571 ], [ -6.8128171, 58.2712864 ], [ -6.8115963, 58.2715636 ], [ -6.8123744, 58.272703 ], [ -6.810623, 58.2719639 ], [ -6.8105163, 58.2728127 ], [ -6.8075091, 58.27239 ], [ -6.8057609, 58.2733227 ], [ -6.8036371, 58.2716517 ], [ -6.8041609, 58.2723564 ], [ -6.8025092, 58.2728445 ], [ -6.803489, 58.2740904 ], [ -6.8025982, 58.2752072 ], [ -6.7985873, 58.2761736 ], [ -6.7968718, 58.2753508 ], [ -6.7930917, 58.2758064 ], [ -6.7895412, 58.2750265 ], [ -6.7881602, 58.2769854 ], [ -6.7892058, 58.2792981 ], [ -6.7885203, 58.2797382 ], [ -6.785819, 58.2802401 ], [ -6.7800835, 58.2784931 ], [ -6.7723718, 58.2819318 ], [ -6.7873128, 58.2806866 ], [ -6.7910911, 58.2792332 ], [ -6.790194, 58.2779086 ], [ -6.8027518, 58.2800563 ], [ -6.8082263, 58.2784744 ], [ -6.8127267, 58.2782235 ], [ -6.8180822, 58.2791082 ], [ -6.8186353, 58.2784638 ], [ -6.8232567, 58.27959 ], [ -6.8262961, 58.2813578 ], [ -6.8250908, 58.2811923 ], [ -6.8270891, 58.2823197 ], [ -6.8267106, 58.2831464 ], [ -6.8284667, 58.2833062 ], [ -6.8276673, 58.2844841 ], [ -6.8233027, 58.2847565 ], [ -6.823717, 58.2851674 ], [ -6.8227945, 58.2850676 ], [ -6.8226888, 58.2861797 ], [ -6.8201232, 58.2859249 ], [ -6.8209992, 58.2870306 ], [ -6.8178977, 58.2876746 ], [ -6.8176492, 58.289301 ], [ -6.8156744, 58.2886344 ], [ -6.8169431, 58.2903082 ], [ -6.815273, 58.2905157 ], [ -6.8157593, 58.2907395 ], [ -6.8139372, 58.290907 ], [ -6.8131721, 58.2898464 ], [ -6.8100304, 58.2913065 ], [ -6.8094893, 58.2899076 ], [ -6.807295, 58.2893964 ], [ -6.8065317, 58.2900126 ], [ -6.8073373, 58.2908622 ], [ -6.8035302, 58.2922923 ], [ -6.8051864, 58.2938566 ], [ -6.8037437, 58.2940021 ], [ -6.8027832, 58.2951414 ], [ -6.8055563, 58.296131 ], [ -6.8035867, 58.2975493 ], [ -6.8011777, 58.2977213 ], [ -6.7970415, 58.2961525 ], [ -6.7952801, 58.2967643 ], [ -6.7971482, 58.2983969 ], [ -6.7973521, 58.2999799 ], [ -6.7989421, 58.2997923 ], [ -6.8015357, 58.3016683 ], [ -6.8039282, 58.3017356 ], [ -6.802825, 58.3023836 ], [ -6.8049468, 58.3027877 ], [ -6.803888, 58.3039828 ], [ -6.8044272, 58.3043321 ], [ -6.8016336, 58.3031627 ], [ -6.7988678, 58.3047691 ], [ -6.7992519, 58.3052494 ], [ -6.7976715, 58.3058774 ], [ -6.7978189, 58.3064977 ], [ -6.795581, 58.3069677 ], [ -6.7946589, 58.3057463 ], [ -6.791085, 58.3056289 ], [ -6.7897084, 58.304134 ], [ -6.788109, 58.3039403 ], [ -6.7867558, 58.3045716 ], [ -6.7861733, 58.3056815 ], [ -6.7869676, 58.3062025 ], [ -6.7859293, 58.3074368 ], [ -6.7832477, 58.3083115 ], [ -6.7811759, 58.307563 ], [ -6.7816469, 58.3084956 ], [ -6.7810757, 58.3086481 ], [ -6.7800942, 58.3077907 ], [ -6.779224, 58.308259 ], [ -6.7783424, 58.3076603 ], [ -6.7783855, 58.3084535 ], [ -6.776927, 58.3075587 ], [ -6.7768867, 58.3087374 ], [ -6.7751065, 58.3092697 ], [ -6.776193, 58.3095561 ], [ -6.7751087, 58.309911 ], [ -6.7719022, 58.3096894 ], [ -6.7693249, 58.3058061 ], [ -6.7675066, 58.3056966 ], [ -6.7675571, 58.3068313 ], [ -6.7666126, 58.306789 ], [ -6.7671031, 58.3076139 ], [ -6.7663371, 58.308655 ], [ -6.764964, 58.3073901 ], [ -6.7639305, 58.3086203 ], [ -6.7619052, 58.3064116 ], [ -6.7588611, 58.3054731 ], [ -6.7554755, 58.3060876 ], [ -6.7536063, 58.3068785 ], [ -6.7538027, 58.3083737 ], [ -6.7546667, 58.3089486 ], [ -6.7535554, 58.3109548 ], [ -6.752368, 58.3111507 ], [ -6.7529919, 58.3121273 ], [ -6.7515467, 58.3143991 ], [ -6.7514487, 58.3135656 ], [ -6.7508727, 58.3145261 ], [ -6.7495739, 58.3134822 ], [ -6.7447689, 58.3143172 ], [ -6.7423708, 58.3124598 ], [ -6.7400722, 58.3141157 ], [ -6.7367321, 58.3138963 ], [ -6.7372079, 58.3156255 ], [ -6.7413004, 58.3166365 ], [ -6.742531, 58.3182323 ], [ -6.73771, 58.31911 ], [ -6.7384415, 58.3196513 ], [ -6.7340605, 58.3195046 ], [ -6.7333, 58.3201826 ], [ -6.7320475, 58.3195718 ], [ -6.7320583, 58.3203423 ], [ -6.7298492, 58.3206005 ], [ -6.7306522, 58.3211947 ], [ -6.7282811, 58.3212725 ], [ -6.7286842, 58.3222131 ], [ -6.729886, 58.3222641 ], [ -6.7284874, 58.3225386 ], [ -6.7300747, 58.322438 ], [ -6.7296009, 58.3226313 ], [ -6.730651, 58.3227356 ], [ -6.7306849, 58.3235444 ], [ -6.7276149, 58.3236222 ], [ -6.7290694, 58.3245128 ], [ -6.7226256, 58.3269596 ], [ -6.7253892, 58.3275396 ], [ -6.7244645, 58.3278226 ], [ -6.725425, 58.3282663 ], [ -6.7216475, 58.3282116 ], [ -6.7221382, 58.3280673 ], [ -6.720776, 58.3271623 ], [ -6.7184138, 58.3277656 ], [ -6.7166433, 58.3270407 ], [ -6.7174384, 58.3280583 ], [ -6.7159748, 58.328543 ], [ -6.7139833, 58.3277853 ], [ -6.7140102, 58.3289949 ], [ -6.7122074, 58.328854 ], [ -6.7117536, 58.3296124 ], [ -6.7127534, 58.3299162 ], [ -6.7116306, 58.3300876 ], [ -6.7129392, 58.3301535 ], [ -6.7132778, 58.3306711 ], [ -6.7120284, 58.3314525 ], [ -6.7129668, 58.3319014 ], [ -6.7099838, 58.3320106 ], [ -6.7102736, 58.3326482 ], [ -6.7088305, 58.333343 ], [ -6.7091815, 58.3339028 ], [ -6.7084362, 58.3344885 ], [ -6.7094585, 58.3351376 ], [ -6.7075767, 58.3346934 ], [ -6.7071594, 58.3358272 ], [ -6.7051536, 58.3343996 ], [ -6.7036247, 58.3343003 ], [ -6.7041722, 58.3354181 ], [ -6.7023106, 58.3363307 ], [ -6.7030906, 58.3367838 ], [ -6.7024653, 58.3371357 ], [ -6.7000059, 58.3371868 ], [ -6.6982191, 58.336065 ], [ -6.6975954, 58.3363287 ], [ -6.6980305, 58.3368293 ], [ -6.696461, 58.337355 ], [ -6.6940902, 58.3314 ], [ -6.6887958, 58.3312002 ], [ -6.6877157, 58.3319527 ], [ -6.6889078, 58.3326072 ], [ -6.688945, 58.3337703 ], [ -6.6875507, 58.3330467 ], [ -6.6863521, 58.3335559 ], [ -6.6886877, 58.336101 ], [ -6.6876542, 58.3362981 ], [ -6.6885115, 58.3368994 ], [ -6.6873382, 58.3375102 ], [ -6.6882055, 58.3377793 ], [ -6.6862686, 58.3384317 ], [ -6.6842026, 58.3378136 ], [ -6.6831583, 58.3387508 ], [ -6.6815465, 58.3381362 ], [ -6.680911, 58.3392616 ], [ -6.6771513, 58.3384461 ], [ -6.6766329, 58.340935 ], [ -6.671956, 58.3408296 ], [ -6.6695246, 58.3423084 ], [ -6.6690973, 58.3435181 ], [ -6.6719749, 58.3452102 ], [ -6.6712593, 58.3459165 ], [ -6.6724472, 58.34699 ], [ -6.6690702, 58.3473484 ], [ -6.6688972, 58.3498242 ], [ -6.6667141, 58.3502165 ], [ -6.6663534, 58.3496006 ], [ -6.6664346, 58.3502631 ], [ -6.6650657, 58.3504067 ], [ -6.6637261, 58.3497865 ], [ -6.6621437, 58.3504339 ], [ -6.6600603, 58.3490056 ], [ -6.6582902, 58.3492843 ], [ -6.6587721, 58.3503589 ], [ -6.6582001, 58.3508076 ], [ -6.6557089, 58.3506239 ], [ -6.6552895, 58.3516215 ], [ -6.6530905, 58.3507564 ], [ -6.6536194, 58.3516629 ], [ -6.6515302, 58.3516606 ], [ -6.6530061, 58.3528404 ], [ -6.6515503, 58.3541206 ], [ -6.6487987, 58.3540887 ], [ -6.648848, 58.3534074 ], [ -6.6452985, 58.3514936 ], [ -6.6443337, 58.3471485 ], [ -6.6452981, 58.34441 ], [ -6.6387973, 58.3428705 ], [ -6.637907, 58.3432437 ], [ -6.6381841, 58.3442027 ], [ -6.6365644, 58.3447355 ], [ -6.6356398, 58.3471899 ], [ -6.636346, 58.3476028 ], [ -6.6345206, 58.3481954 ], [ -6.6289763, 58.3478484 ], [ -6.6269989, 58.3487476 ], [ -6.6274368, 58.3471822 ], [ -6.6256067, 58.3468613 ], [ -6.626342, 58.3462305 ], [ -6.6250213, 58.3457694 ], [ -6.6196376, 58.3461947 ], [ -6.6158468, 58.3473836 ], [ -6.6129228, 58.349912 ], [ -6.6084459, 58.3503013 ], [ -6.6055418, 58.3527816 ], [ -6.6005604, 58.3530034 ], [ -6.5991678, 58.3557189 ], [ -6.5969233, 58.3559288 ], [ -6.5976014, 58.3570726 ], [ -6.5948999, 58.3569448 ], [ -6.5957582, 58.3572628 ], [ -6.5944289, 58.3577485 ], [ -6.5944138, 58.3589108 ], [ -6.5913379, 58.359786 ], [ -6.5846849, 58.3596453 ], [ -6.5845605, 58.360884 ], [ -6.5834404, 58.3611018 ], [ -6.5843212, 58.3617744 ], [ -6.5841066, 58.3629168 ], [ -6.5823686, 58.3635032 ], [ -6.5678623, 58.3631332 ], [ -6.5567567, 58.3659478 ], [ -6.5494249, 58.3645432 ], [ -6.5472618, 58.3650176 ], [ -6.54434, 58.36701 ], [ -6.542415, 58.3711038 ], [ -6.5397429, 58.3727894 ], [ -6.5416071, 58.3753759 ], [ -6.5389369, 58.3752053 ], [ -6.534608, 58.3809373 ], [ -6.5356058, 58.3814112 ], [ -6.5348157, 58.3818366 ], [ -6.5351797, 58.3823437 ], [ -6.5343251, 58.3822757 ], [ -6.5332455, 58.3836538 ], [ -6.5301724, 58.3843397 ], [ -6.5304419, 58.3852715 ], [ -6.5315248, 58.385208 ], [ -6.5297062, 58.3861904 ], [ -6.5306963, 58.3879322 ], [ -6.527659, 58.3879259 ], [ -6.5265146, 58.3892427 ], [ -6.5270529, 58.3896188 ], [ -6.5247082, 58.390384 ], [ -6.5257672, 58.3912663 ], [ -6.5215801, 58.3923008 ], [ -6.5213272, 58.393054 ], [ -6.5225292, 58.3935007 ], [ -6.5219439, 58.3940601 ], [ -6.5225703, 58.394687 ], [ -6.5181712, 58.3954658 ], [ -6.519612, 58.3965176 ], [ -6.5192026, 58.3970979 ], [ -6.5166415, 58.3966622 ], [ -6.5144722, 58.3972689 ], [ -6.5115819, 58.3964068 ], [ -6.5104163, 58.3964769 ], [ -6.5096462, 58.3977302 ], [ -6.4965945, 58.3983291 ], [ -6.4952885, 58.4002868 ], [ -6.4874906, 58.4027981 ], [ -6.487079, 58.4038699 ], [ -6.488481, 58.4045304 ], [ -6.4884277, 58.4059426 ], [ -6.4893523, 58.4063927 ], [ -6.4848907, 58.4091553 ], [ -6.4772468, 58.4108667 ], [ -6.4760292, 58.4120919 ], [ -6.47103, 58.41411 ], [ -6.4605338, 58.4169248 ], [ -6.45704, 58.4187 ], [ -6.4544052, 58.4185768 ], [ -6.4536392, 58.4190798 ], [ -6.4541259, 58.4196761 ], [ -6.4476029, 58.423508 ], [ -6.4416355, 58.4255078 ], [ -6.4408874, 58.4267172 ], [ -6.4436913, 58.427795 ], [ -6.443204, 58.4286847 ], [ -6.4438249, 58.4283531 ], [ -6.4439759, 58.4284696 ], [ -6.4420701, 58.4296237 ], [ -6.4422218, 58.4304599 ], [ -6.43569, 58.43377 ], [ -6.43588, 58.43454 ], [ -6.4334, 58.435 ], [ -6.43286, 58.43576 ], [ -6.43043, 58.43545 ], [ -6.43038, 58.43622 ], [ -6.42742, 58.43667 ], [ -6.4259, 58.43741 ], [ -6.42583, 58.43844 ], [ -6.4220915, 58.4398961 ], [ -6.41821, 58.4399654 ], [ -6.417205, 58.4404818 ], [ -6.417487, 58.4412681 ], [ -6.4154436, 58.4420104 ], [ -6.4127249, 58.4420737 ], [ -6.4056097, 58.4448024 ], [ -6.405409, 58.4455116 ], [ -6.4032405, 58.4453601 ], [ -6.4020154, 58.4472544 ], [ -6.3927811, 58.4480573 ], [ -6.3906876, 58.4490391 ], [ -6.3882548, 58.4485316 ], [ -6.3855896, 58.449907 ], [ -6.3833905, 58.448726 ], [ -6.3804256, 58.4491064 ], [ -6.3749608, 58.4543451 ], [ -6.3695298, 58.4557049 ], [ -6.3719135, 58.4561737 ], [ -6.37022, 58.45715 ], [ -6.3653, 58.45756 ], [ -6.3642013, 58.4569886 ], [ -6.3615603, 58.4581849 ], [ -6.3545808, 58.4590163 ], [ -6.3533759, 58.4604875 ], [ -6.3518837, 58.4606179 ], [ -6.3520097, 58.4614319 ], [ -6.3504683, 58.4615728 ], [ -6.3509043, 58.4629149 ], [ -6.3495841, 58.4626223 ], [ -6.3490792, 58.4641204 ], [ -6.3457784, 58.4646078 ], [ -6.3445648, 58.4665827 ], [ -6.3437, 58.4665626 ], [ -6.3435406, 58.4670794 ], [ -6.3445622, 58.4672489 ], [ -6.3434467, 58.4684783 ], [ -6.3390107, 58.4686407 ], [ -6.340313, 58.4703209 ], [ -6.3374269, 58.4716003 ], [ -6.338866, 58.4721794 ], [ -6.3379537, 58.4726614 ], [ -6.3391972, 58.472742 ], [ -6.3376753, 58.4736899 ], [ -6.3385884, 58.4739672 ], [ -6.3354499, 58.4759526 ], [ -6.3357211, 58.476787 ], [ -6.3327788, 58.4782915 ], [ -6.333268, 58.4785596 ], [ -6.3251828, 58.4781559 ], [ -6.3237487, 58.4774646 ], [ -6.3158047, 58.4780225 ], [ -6.3103279, 58.4770735 ], [ -6.3089105, 58.4775847 ], [ -6.3100619, 58.4790031 ], [ -6.3091252, 58.4802219 ], [ -6.3048187, 58.4801291 ], [ -6.3047369, 58.4809283 ], [ -6.3017123, 58.4805231 ], [ -6.2990854, 58.4818613 ], [ -6.3013037, 58.4833703 ], [ -6.30043, 58.48477 ], [ -6.2969514, 58.4842426 ], [ -6.2956066, 58.4855966 ], [ -6.2941297, 58.485175 ], [ -6.2910246, 58.4859024 ], [ -6.2891025, 58.4884292 ], [ -6.2831397, 58.4904945 ], [ -6.2807767, 58.4923179 ], [ -6.2814457, 58.4927831 ], [ -6.2807934, 58.4935504 ], [ -6.2786096, 58.4937959 ], [ -6.2786621, 58.4944524 ], [ -6.2766147, 58.4947905 ], [ -6.27565, 58.49615 ], [ -6.2736218, 58.4964776 ], [ -6.2711067, 58.4993698 ], [ -6.2737329, 58.5007354 ], [ -6.2726498, 58.5020134 ], [ -6.2767793, 58.5040536 ], [ -6.2765395, 58.5052313 ], [ -6.2726878, 58.5061325 ], [ -6.2724673, 58.5067953 ], [ -6.2736643, 58.5072986 ], [ -6.2732954, 58.507881 ], [ -6.2843751, 58.5085587 ], [ -6.2820691, 58.509292 ], [ -6.2828375, 58.5096328 ], [ -6.2810659, 58.5104624 ], [ -6.282011, 58.5107437 ], [ -6.281145, 58.511252 ], [ -6.2785773, 58.5106992 ], [ -6.2784325, 58.511206 ], [ -6.2776229, 58.510384 ], [ -6.277015, 58.5112757 ], [ -6.2747798, 58.5113306 ], [ -6.273633, 58.5131231 ], [ -6.2722949, 58.5127892 ], [ -6.2703116, 58.513607 ], [ -6.2714347, 58.5141511 ], [ -6.269987, 58.515473 ], [ -6.2693259, 58.5148709 ], [ -6.2675705, 58.5152181 ], [ -6.2674418, 58.5140849 ], [ -6.2656008, 58.515655 ], [ -6.2630205, 58.5150931 ], [ -6.2632338, 58.5158777 ], [ -6.2599656, 58.515954 ], [ -6.2567868, 58.5141613 ], [ -6.2548552, 58.5145303 ], [ -6.2553387, 58.5139252 ], [ -6.2520133, 58.5135572 ], [ -6.2521626, 58.5130251 ], [ -6.2509279, 58.5134908 ], [ -6.2499761, 58.5128838 ], [ -6.2509234, 58.5127598 ], [ -6.2491707, 58.5122496 ], [ -6.2508516, 58.5119681 ], [ -6.2494305, 58.5116987 ], [ -6.2534969, 58.5113489 ], [ -6.2533229, 58.5107783 ], [ -6.250532, 58.5109041 ], [ -6.2504746, 58.5099906 ], [ -6.2512562, 58.5100168 ], [ -6.2506657, 58.5094546 ], [ -6.2467948, 58.5093734 ], [ -6.2490701, 58.5090067 ], [ -6.2458698, 58.5086586 ], [ -6.2479639, 58.5082853 ], [ -6.2452255, 58.5079489 ], [ -6.2447313, 58.5074851 ], [ -6.2457256, 58.507416 ], [ -6.2450987, 58.5070422 ], [ -6.2456047, 58.5068164 ], [ -6.2428571, 58.506547 ], [ -6.2436382, 58.5058599 ], [ -6.2413303, 58.5067551 ], [ -6.2408808, 58.5060209 ], [ -6.242506, 58.5058772 ], [ -6.2410521, 58.505661 ], [ -6.2421051, 58.5052754 ], [ -6.2376076, 58.5047246 ], [ -6.2370383, 58.5044206 ], [ -6.2373797, 58.5034346 ], [ -6.230042, 58.5023219 ], [ -6.2327871, 58.5020838 ], [ -6.2324903, 58.5015828 ], [ -6.2279362, 58.5012701 ], [ -6.2286324, 58.5009746 ], [ -6.2243544, 58.5013846 ], [ -6.2245296, 58.5001991 ], [ -6.2232901, 58.5013055 ], [ -6.221808, 58.4997032 ], [ -6.2249016, 58.4994081 ], [ -6.223303, 58.4987989 ], [ -6.2263243, 58.4968716 ], [ -6.2246285, 58.4965953 ], [ -6.2252233, 58.4962709 ], [ -6.2245685, 58.4957394 ], [ -6.2223565, 58.4958564 ], [ -6.2233056, 58.4944005 ], [ -6.2202176, 58.4960384 ], [ -6.2187454, 58.495194 ], [ -6.2201495, 58.4942143 ], [ -6.2222874, 58.4940903 ], [ -6.2233302, 58.4924043 ], [ -6.2254966, 58.4930212 ], [ -6.2269795, 58.4926404 ], [ -6.2241307, 58.492554 ], [ -6.2274619, 58.4918805 ], [ -6.2267709, 58.4894002 ], [ -6.2219147, 58.4877988 ], [ -6.2201048, 58.4863099 ], [ -6.220002, 58.4852252 ], [ -6.2157421, 58.4844977 ], [ -6.2168509, 58.4841366 ], [ -6.2163846, 58.4837099 ], [ -6.2112664, 58.4840883 ], [ -6.2093892, 58.4828614 ], [ -6.2092104, 58.483527 ], [ -6.2072346, 58.483189 ], [ -6.2069906, 58.4817513 ], [ -6.2095269, 58.4805334 ], [ -6.2051558, 58.480935 ], [ -6.203205, 58.4794965 ], [ -6.2061762, 58.4782866 ], [ -6.2056142, 58.4780659 ], [ -6.2066353, 58.4762852 ], [ -6.2044885, 58.4760041 ], [ -6.2003768, 58.4771218 ], [ -6.1970405, 58.4752035 ], [ -6.1946136, 58.4765149 ], [ -6.1937062, 58.4757443 ], [ -6.1958296, 58.4747666 ], [ -6.1944457, 58.4745331 ], [ -6.1943473, 58.4734933 ], [ -6.1929907, 58.4734883 ], [ -6.1939391, 58.4728053 ], [ -6.1911369, 58.4731618 ], [ -6.1920749, 58.4723583 ], [ -6.1906986, 58.4720436 ], [ -6.1918505, 58.4717002 ], [ -6.1906206, 58.4713178 ], [ -6.1913035, 58.4704232 ], [ -6.1895478, 58.4705976 ], [ -6.1902072, 58.4697218 ], [ -6.1891264, 58.469294 ], [ -6.1832042, 58.4692853 ], [ -6.1846864, 58.4684006 ], [ -6.1830862, 58.4670681 ], [ -6.1809814, 58.4669031 ], [ -6.1812714, 58.4660715 ], [ -6.1825165, 58.4661741 ], [ -6.1826522, 58.4645735 ], [ -6.1815363, 58.4644976 ], [ -6.1820614, 58.4639793 ], [ -6.1838585, 58.4640396 ], [ -6.1849678, 58.4626905 ], [ -6.1856072, 58.4631623 ], [ -6.1869855, 58.4614781 ], [ -6.1886328, 58.4618723 ], [ -6.1889486, 58.4608125 ], [ -6.190408, 58.4609445 ], [ -6.1900383, 58.4605284 ], [ -6.1922741, 58.4597809 ], [ -6.1936169, 58.4580913 ], [ -6.1950857, 58.4580342 ], [ -6.1941836, 58.4578075 ], [ -6.1951784, 58.4575462 ], [ -6.1955273, 58.4561989 ], [ -6.193218, 58.455837 ], [ -6.1940463, 58.4553617 ], [ -6.1930782, 58.4547961 ], [ -6.1941236, 58.4536677 ], [ -6.1923006, 58.4523682 ], [ -6.1930281, 58.4515791 ], [ -6.1900348, 58.4504395 ], [ -6.1911076, 58.4501307 ], [ -6.190185, 58.449676 ], [ -6.1919123, 58.4479076 ], [ -6.1963326, 58.4468858 ], [ -6.1939079, 58.4460774 ], [ -6.1944765, 58.4454542 ], [ -6.1920732, 58.4450218 ], [ -6.1930066, 58.4434273 ], [ -6.1918908, 58.4431971 ], [ -6.1925024, 58.4427422 ], [ -6.1916202, 58.4421971 ], [ -6.1900001, 58.4419838 ], [ -6.1899787, 58.4408327 ], [ -6.1880153, 58.4419052 ], [ -6.185376, 58.4420568 ], [ -6.1845499, 58.4415907 ], [ -6.185848, 58.4412426 ], [ -6.1837881, 58.4402543 ], [ -6.1843567, 58.4394625 ], [ -6.1818247, 58.4395187 ], [ -6.183477, 58.4387325 ], [ -6.1805587, 58.4393951 ], [ -6.1814814, 58.4383113 ], [ -6.1786168, 58.4381765 ], [ -6.1799365, 58.4361155 ], [ -6.1810201, 58.4357505 ], [ -6.1803012, 58.4356269 ], [ -6.1819857, 58.4350485 ], [ -6.1800223, 58.4347958 ], [ -6.1812776, 58.4340881 ], [ -6.1790889, 58.4332513 ], [ -6.1755591, 58.4340825 ], [ -6.1723619, 58.4333074 ], [ -6.1735206, 58.431864 ], [ -6.1719435, 58.431864 ], [ -6.1734241, 58.4311506 ], [ -6.1722975, 58.4303699 ], [ -6.1670833, 58.4299486 ], [ -6.1697548, 58.4291342 ], [ -6.1686926, 58.4289713 ], [ -6.168521, 58.4276737 ], [ -6.1694544, 58.4273479 ], [ -6.1682206, 58.426803 ], [ -6.170538, 58.4251065 ], [ -6.1699908, 58.4239548 ], [ -6.1707526, 58.4233537 ], [ -6.1700659, 58.4232638 ], [ -6.1708062, 58.4223368 ], [ -6.168757, 58.4224267 ], [ -6.1687785, 58.4215165 ], [ -6.170023, 58.4207356 ], [ -6.1685317, 58.4190837 ], [ -6.1682042, 58.4172722 ], [ -6.1712726, 58.4163226 ], [ -6.1720773, 58.4169913 ], [ -6.1739978, 58.4154179 ], [ -6.1759075, 58.4156483 ], [ -6.1752852, 58.4153055 ], [ -6.1757036, 58.4146705 ], [ -6.178579, 58.4152831 ], [ -6.1798664, 58.4139513 ], [ -6.1815938, 58.4136534 ], [ -6.1806389, 58.4129959 ], [ -6.1813577, 58.4119844 ], [ -6.184673, 58.4113887 ], [ -6.1901339, 58.4081627 ], [ -6.1903378, 58.4073083 ], [ -6.1886426, 58.4063753 ], [ -6.1897692, 58.4058076 ], [ -6.1890181, 58.4048914 ], [ -6.1916298, 58.4037751 ], [ -6.1907178, 58.4035896 ], [ -6.1912328, 58.4030837 ], [ -6.1903208, 58.4024822 ], [ -6.19178, 58.4014479 ], [ -6.1914474, 58.4010094 ], [ -6.1932713, 58.4003179 ], [ -6.1935395, 58.3992835 ], [ -6.1922628, 58.3991879 ], [ -6.1943978, 58.3972202 ], [ -6.1937648, 58.3969279 ], [ -6.1992901, 58.3959102 ], [ -6.1988932, 58.3953761 ], [ -6.2008002, 58.3949368 ], [ -6.2000706, 58.3939135 ], [ -6.2007358, 58.3933962 ], [ -6.1995342, 58.3934131 ], [ -6.2011971, 58.3932388 ], [ -6.2029138, 58.3914507 ], [ -6.2005212, 58.3901123 ], [ -6.201004, 58.3884534 ], [ -6.202431, 58.3878123 ], [ -6.2029245, 58.3863276 ], [ -6.2060788, 58.3855065 ], [ -6.2074842, 58.3840499 ], [ -6.2050059, 58.3826156 ], [ -6.206862, 58.3822275 ], [ -6.2079778, 58.380197 ], [ -6.2096729, 58.3797976 ], [ -6.2085357, 58.3767825 ], [ -6.2118616, 58.3756686 ], [ -6.2092652, 58.3739809 ], [ -6.2109497, 58.3720343 ], [ -6.2158206, 58.3702114 ], [ -6.2162926, 58.3693786 ], [ -6.215724, 58.3685627 ], [ -6.2185135, 58.3681858 ], [ -6.2149837, 58.3662388 ], [ -6.2105577, 58.3654942 ], [ -6.2113194, 58.3630688 ], [ -6.2154286, 58.3615943 ], [ -6.2116305, 58.3626186 ], [ -6.2000112, 58.3549078 ], [ -6.1867396, 58.3481524 ], [ -6.1850874, 58.3485972 ], [ -6.1834244, 58.3471052 ], [ -6.1801521, 58.3474768 ], [ -6.1782961, 58.3462606 ], [ -6.1745302, 58.3482762 ], [ -6.1768906, 58.3460242 ], [ -6.174895, 58.3456357 ], [ -6.1692195, 58.3472572 ], [ -6.1668055, 58.3463113 ], [ -6.1658077, 58.3469813 ], [ -6.166033, 58.3457933 ], [ -6.165164, 58.3449037 ], [ -6.1643164, 58.345174 ], [ -6.1635439, 58.3434341 ], [ -6.162102, 58.3425813 ], [ -6.1685393, 58.3423955 ], [ -6.169108, 58.3414044 ], [ -6.1706637, 58.3411679 ], [ -6.1739789, 58.3418549 ], [ -6.1785386, 58.3410891 ], [ -6.1811243, 58.341624 ], [ -6.1809848, 58.3407512 ], [ -6.1831198, 58.340937 ], [ -6.1834846, 58.3400191 ], [ -6.184933, 58.3403964 ], [ -6.1865638, 58.3396475 ], [ -6.1886666, 58.3405147 ], [ -6.18798, 58.3399347 ], [ -6.1898897, 58.3404753 ], [ -6.1960266, 58.3396362 ], [ -6.2023475, 58.3350906 ], [ -6.2011351, 58.3335867 ], [ -6.2013926, 58.332894 ], [ -6.2079908, 58.3294862 ], [ -6.2067248, 58.3285116 ], [ -6.2078192, 58.3284497 ], [ -6.2086024, 58.3265963 ], [ -6.2133201, 58.3250265 ], [ -6.2132236, 58.3241363 ], [ -6.2152835, 58.3231279 ], [ -6.2173586, 58.3231369 ], [ -6.2198155, 58.3218242 ], [ -6.2209849, 58.3205846 ], [ -6.2211673, 58.3185111 ], [ -6.2264459, 58.3179138 ], [ -6.229053, 58.316584 ], [ -6.2310057, 58.3180434 ], [ -6.2318211, 58.3180434 ], [ -6.2315743, 58.317046 ], [ -6.2336128, 58.3176771 ], [ -6.2326579, 58.31646 ], [ -6.2335913, 58.3148145 ], [ -6.2329798, 58.3148483 ], [ -6.237164, 58.3143749 ], [ -6.2365203, 58.3131633 ], [ -6.2406187, 58.3123292 ], [ -6.2385051, 58.3117657 ], [ -6.2379043, 58.3108752 ], [ -6.2390308, 58.3103003 ], [ -6.2381296, 58.309996 ], [ -6.2408488, 58.3087479 ], [ -6.2440675, 58.3092551 ], [ -6.2419431, 58.3085224 ], [ -6.2420933, 58.3078009 ], [ -6.246814, 58.3068089 ], [ -6.2469857, 58.3062227 ], [ -6.2449043, 58.3054336 ], [ -6.2393038, 58.3053321 ], [ -6.2401407, 58.3042047 ], [ -6.2377589, 58.3044189 ], [ -6.239218, 58.3024515 ], [ -6.2382953, 58.3023783 ], [ -6.2375872, 58.2998977 ], [ -6.242147, 58.295579 ], [ -6.2438314, 58.2952238 ], [ -6.2449043, 58.2958214 ], [ -6.2443249, 58.2949644 ], [ -6.2463312, 58.2945472 ], [ -6.2564163, 58.2946712 ], [ -6.2581759, 58.2933969 ], [ -6.2592809, 58.2938367 ], [ -6.2603538, 58.2930078 ], [ -6.2676816, 58.2920266 ], [ -6.27292, 58.29377 ], [ -6.2766424, 58.2940412 ], [ -6.2797967, 58.2923834 ], [ -6.2819972, 58.2883144 ], [ -6.2830237, 58.2879718 ], [ -6.2817573, 58.2873658 ], [ -6.2802473, 58.2842173 ], [ -6.2811699, 58.2813632 ], [ -6.2798755, 58.280992 ], [ -6.2823395, 58.2802358 ], [ -6.2833051, 58.2787465 ], [ -6.2827882, 58.2765061 ], [ -6.2809555, 58.2741431 ], [ -6.2823288, 58.2729752 ], [ -6.2824146, 58.271181 ], [ -6.2801079, 58.2702444 ], [ -6.28058, 58.2697591 ], [ -6.2903003, 58.2681341 ], [ -6.2942888, 58.2665639 ], [ -6.2930778, 58.2675111 ], [ -6.3054173, 58.2666218 ], [ -6.311833, 58.267902 ], [ -6.3160253, 58.2699728 ], [ -6.3204589, 58.2687033 ], [ -6.3239136, 58.2663897 ], [ -6.3281569, 58.2615921 ], [ -6.3281193, 58.2595271 ], [ -6.3263169, 58.2573484 ], [ -6.326138, 58.2545998 ], [ -6.3249865, 58.2527873 ], [ -6.3258663, 58.251918 ], [ -6.3251582, 58.2509582 ], [ -6.3227014, 58.2496548 ], [ -6.318721, 58.2504057 ], [ -6.3179056, 58.2494007 ], [ -6.3189519, 58.2477817 ], [ -6.3169644, 58.2471507 ], [ -6.3191745, 58.2456206 ], [ -6.3191423, 58.2444856 ], [ -6.3220284, 58.2445026 ], [ -6.3250646, 58.2433732 ], [ -6.3257942, 58.2400754 ], [ -6.3303003, 58.2400302 ], [ -6.3343773, 58.2381242 ], [ -6.3421342, 58.2382513 ], [ -6.3438937, 58.2376526 ], [ -6.3449774, 58.2321514 ], [ -6.3488612, 58.2294513 ], [ -6.3490329, 58.2303495 ], [ -6.3468871, 58.2316374 ], [ -6.3453851, 58.2338346 ], [ -6.3461361, 58.2353709 ], [ -6.3547728, 58.2374493 ], [ -6.3595568, 58.2373055 ], [ -6.3602327, 58.237746 ], [ -6.3594066, 58.2378985 ], [ -6.3596533, 58.2381075 ], [ -6.362636, 58.2374298 ], [ -6.3634835, 58.2387344 ], [ -6.3647817, 58.2392539 ], [ -6.3647066, 58.2387344 ], [ -6.3659834, 58.2389433 ], [ -6.3661336, 58.2395476 ], [ -6.3664983, 58.2396379 ], [ -6.3658868, 58.2388078 ], [ -6.3645242, 58.2386722 ], [ -6.3647174, 58.239141 ], [ -6.3640629, 58.2387513 ], [ -6.3640093, 58.2377573 ], [ -6.3643526, 58.2375088 ], [ -6.3649534, 58.2379042 ], [ -6.3653504, 58.2377969 ], [ -6.3653504, 58.2376896 ], [ -6.3584624, 58.236272 ], [ -6.357572, 58.2347075 ], [ -6.3601791, 58.2338207 ], [ -6.3575612, 58.2335666 ], [ -6.3603078, 58.2324143 ], [ -6.3587164, 58.2321405 ], [ -6.3596498, 58.2312255 ], [ -6.3626539, 58.2312763 ], [ -6.3602828, 58.2305194 ], [ -6.3610124, 58.2299432 ], [ -6.36186, 58.2304798 ], [ -6.3628899, 58.2297907 ], [ -6.3618063, 58.2303047 ], [ -6.3610982, 58.2298133 ], [ -6.3597249, 58.2297455 ], [ -6.3616454, 58.2283897 ], [ -6.3616239, 58.226791 ], [ -6.3657116, 58.2259435 ], [ -6.365851, 58.2247288 ], [ -6.3699602, 58.2249661 ], [ -6.3712906, 58.2243334 ], [ -6.3732218, 58.225017 ], [ -6.3778995, 58.2249435 ], [ -6.3785969, 58.2261073 ], [ -6.3790153, 58.2262881 ], [ -6.3807105, 58.2262768 ], [ -6.37879, 58.2260339 ], [ -6.3784574, 58.2242882 ], [ -6.3764189, 58.2230565 ], [ -6.3771154, 58.2221193 ], [ -6.3759898, 58.2230847 ], [ -6.3740908, 58.2226384 ], [ -6.3724922, 58.2231921 ], [ -6.369295, 58.2221299 ], [ -6.3632006, 58.2229417 ], [ -6.3589627, 58.2218173 ], [ -6.3572354, 58.2202974 ], [ -6.358437, 58.2191278 ], [ -6.3576752, 58.2180937 ], [ -6.3597757, 58.2172583 ], [ -6.3569993, 58.2176981 ], [ -6.3539738, 58.2190035 ], [ -6.3540596, 58.2198736 ], [ -6.3472575, 58.2222468 ], [ -6.3423974, 58.2228513 ], [ -6.3397259, 58.2210037 ], [ -6.3346082, 58.2221733 ], [ -6.3344044, 58.2252129 ], [ -6.3403374, 58.2264841 ], [ -6.3415927, 58.2256818 ], [ -6.341936, 58.2267383 ], [ -6.3406164, 58.227145 ], [ -6.342451, 58.2276987 ], [ -6.3434166, 58.2267326 ], [ -6.3431806, 58.2283201 ], [ -6.3444466, 58.228015 ], [ -6.3453907, 58.2287325 ], [ -6.3430108, 58.2290767 ], [ -6.3358332, 58.2260148 ], [ -6.3312627, 58.2255402 ], [ -6.3305331, 58.2238566 ], [ -6.3168861, 58.2158895 ], [ -6.3132061, 58.2153922 ], [ -6.3109316, 58.217873 ], [ -6.310552, 58.2152258 ], [ -6.3096186, 58.2159039 ], [ -6.3096186, 58.2145928 ], [ -6.305488, 58.2134851 ], [ -6.3049193, 58.2120214 ], [ -6.3055416, 58.2109362 ], [ -6.3042649, 58.2100093 ], [ -6.2919911, 58.2069854 ], [ -6.2848537, 58.2066851 ], [ -6.2834291, 58.2073631 ], [ -6.282721, 58.2087423 ], [ -6.2788801, 58.2098049 ], [ -6.2777857, 58.2112178 ], [ -6.2753825, 58.2117152 ], [ -6.2702756, 58.2107544 ], [ -6.2669067, 58.2113874 ], [ -6.2655978, 58.2130038 ], [ -6.2625508, 58.2136933 ], [ -6.2615208, 58.2153774 ], [ -6.2547831, 58.2200732 ], [ -6.2531416, 58.2220112 ], [ -6.2522082, 58.2211298 ], [ -6.2494723, 58.2220282 ], [ -6.24992, 58.22349 ], [ -6.2490754, 58.2240508 ], [ -6.2462751, 58.222983 ], [ -6.2358038, 58.2224519 ], [ -6.2347095, 58.2233842 ], [ -6.2352888, 58.223774 ], [ -6.2309115, 58.224904 ], [ -6.2300424, 58.2263163 ], [ -6.2244991, 58.227315 ], [ -6.2235101, 58.2294886 ], [ -6.2208468, 58.2297135 ], [ -6.2184077, 58.2315666 ], [ -6.2174428, 58.2344779 ], [ -6.2185362, 58.2355289 ], [ -6.2169236, 58.2374522 ], [ -6.2087293, 58.2381174 ], [ -6.207589, 58.2392419 ], [ -6.2082057, 58.239539 ], [ -6.2077233, 58.2404173 ], [ -6.2056472, 58.240439 ], [ -6.2066692, 58.241407 ], [ -6.2051196, 58.2414402 ], [ -6.2057238, 58.2419912 ], [ -6.2047794, 58.2425547 ], [ -6.2056755, 58.2428345 ], [ -6.2059177, 58.244259 ], [ -6.2049404, 58.2442723 ], [ -6.2055868, 58.2448337 ], [ -6.20431, 58.2450539 ], [ -6.2051154, 58.2455183 ], [ -6.2045585, 58.2452948 ], [ -6.2033958, 58.2473842 ], [ -6.2010778, 58.2483472 ], [ -6.1917378, 58.2486347 ], [ -6.189942, 58.2502673 ], [ -6.1775205, 58.2533435 ], [ -6.1752256, 58.2525707 ], [ -6.1748028, 58.2516745 ], [ -6.1741902, 58.2522521 ], [ -6.1722759, 58.2514371 ], [ -6.1733684, 58.2524435 ], [ -6.1712195, 58.2530459 ], [ -6.1704614, 58.2542678 ], [ -6.1679783, 58.2543021 ], [ -6.1670877, 58.2548087 ], [ -6.1671778, 58.2557562 ], [ -6.1634573, 58.2574232 ], [ -6.1658167, 58.2598885 ], [ -6.1646049, 58.2601744 ], [ -6.1664682, 58.26171 ], [ -6.1654537, 58.2619688 ], [ -6.1656056, 58.2626937 ], [ -6.1626825, 58.2620373 ], [ -6.1610006, 58.2634876 ], [ -6.1595112, 58.2628412 ], [ -6.1576314, 58.2638494 ], [ -6.1548926, 58.2615264 ], [ -6.1556188, 58.261354 ], [ -6.1533318, 58.2606632 ], [ -6.1523811, 58.2594218 ], [ -6.1493819, 58.2599618 ], [ -6.149874, 58.2606094 ], [ -6.1475207, 58.2613046 ], [ -6.1466263, 58.2599012 ], [ -6.1432487, 58.2596719 ], [ -6.1432538, 58.2610439 ], [ -6.142057, 58.2618255 ], [ -6.1427671, 58.2622512 ], [ -6.1419544, 58.2625824 ], [ -6.1406598, 58.2610382 ], [ -6.138212, 58.2615834 ], [ -6.1375377, 58.2601918 ], [ -6.1390947, 58.2593823 ], [ -6.1366527, 58.2589238 ], [ -6.1369047, 58.2580722 ], [ -6.1356615, 58.2590117 ], [ -6.1364938, 58.2579866 ], [ -6.1375779, 58.257585 ], [ -6.1360498, 58.2572206 ], [ -6.1378211, 58.2564374 ], [ -6.1369185, 58.2563048 ], [ -6.1380723, 58.2554474 ], [ -6.1363933, 58.2554874 ], [ -6.1369241, 58.254964 ], [ -6.1362222, 58.2545623 ], [ -6.1368445, 58.2537631 ], [ -6.1386219, 58.2543253 ], [ -6.1406542, 58.253148 ], [ -6.1406689, 58.2519885 ], [ -6.1397192, 58.25113 ], [ -6.1408121, 58.250644 ], [ -6.1400851, 58.2505604 ], [ -6.1439457, 58.2501207 ], [ -6.148366, 58.2512554 ], [ -6.1510482, 58.2496521 ], [ -6.1510268, 58.2484213 ], [ -6.1520031, 58.2476929 ], [ -6.1544493, 58.2467218 ], [ -6.1533978, 58.2463322 ], [ -6.1540308, 58.2450166 ], [ -6.1531511, 58.244068 ], [ -6.1538163, 58.2438308 ], [ -6.1485734, 58.2417518 ], [ -6.1468782, 58.2422431 ], [ -6.1465563, 58.241684 ], [ -6.1475434, 58.2409443 ], [ -6.1467495, 58.2400972 ], [ -6.1510517, 58.2399278 ], [ -6.151395, 58.2381149 ], [ -6.1522534, 58.2385498 ], [ -6.1530902, 58.2372509 ], [ -6.159152, 58.2367595 ], [ -6.1587443, 58.2363416 ], [ -6.1598601, 58.2356412 ], [ -6.1581328, 58.2353306 ], [ -6.1578002, 58.2343252 ], [ -6.155751, 58.233687 ], [ -6.1559655, 58.2330318 ], [ -6.1571886, 58.2332182 ], [ -6.158004, 58.2323709 ], [ -6.1625316, 58.2312186 ], [ -6.1650992, 58.2285841 ], [ -6.1647143, 58.2275072 ], [ -6.1632333, 58.2275039 ], [ -6.1647787, 58.2271026 ], [ -6.1647881, 58.2262453 ], [ -6.1599065, 58.2257707 ], [ -6.1593271, 58.2246295 ], [ -6.1598528, 58.2237651 ], [ -6.1583937, 58.2239233 ], [ -6.1560548, 58.222556 ], [ -6.156323, 58.2217424 ], [ -6.1534692, 58.221313 ], [ -6.1560226, 58.2209174 ], [ -6.1571062, 58.2216407 ], [ -6.157868, 58.2203411 ], [ -6.1589194, 58.2203411 ], [ -6.157589, 58.2195105 ], [ -6.1584152, 58.2192054 ], [ -6.1600459, 58.2201546 ], [ -6.164831, 58.2191545 ], [ -6.1648417, 58.2183634 ], [ -6.1638225, 58.2180074 ], [ -6.1646808, 58.2164817 ], [ -6.1597055, 58.2159296 ], [ -6.1600167, 58.214449 ], [ -6.161508, 58.2136804 ], [ -6.1620444, 58.2149181 ], [ -6.163525, 58.2148672 ], [ -6.1659175, 58.2129514 ], [ -6.165424, 58.211985 ], [ -6.1668831, 58.2113011 ], [ -6.1657351, 58.2110468 ], [ -6.1662072, 58.210199 ], [ -6.1676234, 58.2098033 ], [ -6.1704451, 58.2106003 ], [ -6.1718828, 58.2085486 ], [ -6.1708635, 58.2082151 ], [ -6.1707777, 58.2072994 ], [ -6.1724085, 58.2068698 ], [ -6.1736208, 58.2077346 ], [ -6.1738676, 58.2065815 ], [ -6.1756593, 58.2066833 ], [ -6.1753589, 58.2057845 ], [ -6.1778909, 58.2052588 ], [ -6.1789209, 58.2038569 ], [ -6.1800903, 58.203676 ], [ -6.1800474, 58.2046879 ], [ -6.1814744, 58.2040943 ], [ -6.182676, 58.2047048 ], [ -6.1867529, 58.2044787 ], [ -6.1880082, 58.2028054 ], [ -6.1899501, 58.2030259 ], [ -6.1946718, 58.2015042 ], [ -6.1943607, 58.2010123 ], [ -6.1954443, 58.2006788 ], [ -6.1948327, 58.2005261 ], [ -6.1951117, 58.1998759 ], [ -6.2010555, 58.2008653 ], [ -6.2057654, 58.1995989 ], [ -6.2071065, 58.1985473 ], [ -6.2080103, 58.1990017 ], [ -6.2076751, 58.1974172 ], [ -6.2080761, 58.1980709 ], [ -6.2091665, 58.1978462 ], [ -6.2101213, 58.1966306 ], [ -6.2096278, 58.1957599 ], [ -6.2115268, 58.1946007 ], [ -6.2103037, 58.1931814 ], [ -6.2092201, 58.1932775 ], [ -6.2101321, 58.1927064 ], [ -6.2095205, 58.1924406 ], [ -6.210057, 58.1918356 ], [ -6.206377, 58.1904727 ], [ -6.2074069, 58.1888892 ], [ -6.2129001, 58.1895961 ], [ -6.2141125, 58.188646 ], [ -6.2135438, 58.186989 ], [ -6.21496, 58.1873509 ], [ -6.2172131, 58.1860049 ], [ -6.2223093, 58.185739 ], [ -6.2238757, 58.1840648 ], [ -6.2258605, 58.1844777 ], [ -6.2268798, 58.1831712 ], [ -6.2286286, 58.1831542 ], [ -6.2290684, 58.1819437 ], [ -6.2331561, 58.1817684 ], [ -6.2334995, 58.1824132 ], [ -6.2366752, 58.1809821 ], [ -6.2401513, 58.1809142 ], [ -6.2403015, 58.1803203 ], [ -6.2443249, 58.1814629 ], [ -6.2458698, 58.1811688 ], [ -6.2456767, 58.180292 ], [ -6.2481872, 58.1798621 ], [ -6.2498626, 58.1805628 ], [ -6.2509875, 58.1795679 ], [ -6.2533263, 58.1804334 ], [ -6.2551824, 58.1799922 ], [ -6.2553021, 58.1825257 ], [ -6.25851, 58.1833967 ], [ -6.256493, 58.1856931 ], [ -6.2571475, 58.1867338 ], [ -6.2608596, 58.1872598 ], [ -6.2603983, 58.1880007 ], [ -6.2615141, 58.18834 ], [ -6.2635419, 58.1880629 ], [ -6.2641105, 58.1889451 ], [ -6.2666007, 58.1880248 ], [ -6.2739071, 58.1890258 ], [ -6.2727591, 58.190581 ], [ -6.2753555, 58.1912823 ], [ -6.2764927, 58.1929618 ], [ -6.2760314, 58.1932615 ], [ -6.2770721, 58.1938043 ], [ -6.2765678, 58.1941492 ], [ -6.2772437, 58.1941888 ], [ -6.2765571, 58.1946186 ], [ -6.2772115, 58.1959078 ], [ -6.2762567, 58.1982881 ], [ -6.2796711, 58.1991706 ], [ -6.2838124, 58.1985826 ], [ -6.2845098, 58.1996738 ], [ -6.2836086, 58.201319 ], [ -6.2841343, 58.2031393 ], [ -6.2854646, 58.2050161 ], [ -6.2871066, 58.2055347 ], [ -6.2947916, 58.2061634 ], [ -6.3090681, 58.2053044 ], [ -6.3131987, 58.2031054 ], [ -6.3165154, 58.2032535 ], [ -6.3214384, 58.2014321 ], [ -6.3226079, 58.1998378 ], [ -6.324979, 58.1991593 ], [ -6.3264059, 58.197367 ], [ -6.3259982, 58.1960553 ], [ -6.3187562, 58.1947378 ], [ -6.3217925, 58.1942628 ], [ -6.3203119, 58.1934938 ], [ -6.323207, 58.1933126 ], [ -6.3237237, 58.1928661 ], [ -6.3226702, 58.1922343 ], [ -6.3231872, 58.191984 ], [ -6.3263737, 58.1934599 ], [ -6.3265454, 58.1942798 ], [ -6.3254403, 58.1954107 ], [ -6.3299786, 58.1961401 ], [ -6.3323497, 58.1950997 ], [ -6.3313519, 58.1945851 ], [ -6.3319527, 58.1941441 ], [ -6.331217, 58.1932326 ], [ -6.3328968, 58.1929623 ], [ -6.3330578, 58.1920122 ], [ -6.3323497, 58.1918765 ], [ -6.333444, 58.1917012 ], [ -6.3320493, 58.1912375 ], [ -6.3331329, 58.1909717 ], [ -6.3313841, 58.1909944 ], [ -6.3316952, 58.1904345 ], [ -6.3350855, 58.191656 ], [ -6.3383793, 58.1913902 ], [ -6.336577, 58.1928326 ], [ -6.3381647, 58.1937652 ], [ -6.346222, 58.1911979 ], [ -6.3475376, 58.1898054 ], [ -6.3469516, 58.1895184 ], [ -6.3483249, 58.1893996 ], [ -6.3481854, 58.1886757 ], [ -6.3524837, 58.189366 ], [ -6.3529225, 58.1886635 ], [ -6.3552343, 58.1893657 ], [ -6.356393, 58.1909717 ], [ -6.3554059, 58.1920971 ], [ -6.3559209, 58.1928718 ], [ -6.3551377, 58.1938387 ], [ -6.3562964, 58.1948283 ], [ -6.3548695, 58.196044 ], [ -6.355177, 58.1970626 ], [ -6.357777, 58.1981755 ], [ -6.3601588, 58.1978872 ], [ -6.3601159, 58.1987975 ], [ -6.3615857, 58.1990802 ], [ -6.3588177, 58.2019578 ], [ -6.3590537, 58.2031337 ], [ -6.3624335, 58.2043374 ], [ -6.3663172, 58.2046204 ], [ -6.3679438, 58.2042297 ], [ -6.3686999, 58.2028172 ], [ -6.3764566, 58.203277 ], [ -6.380552, 58.2025931 ], [ -6.379301, 58.2017325 ], [ -6.3826894, 58.2022292 ], [ -6.3851282, 58.2037014 ], [ -6.3831979, 58.2032089 ], [ -6.3826442, 58.2045395 ], [ -6.3828336, 58.203834 ], [ -6.3788807, 58.2029337 ], [ -6.3763704, 58.2033871 ], [ -6.3756959, 58.2043253 ], [ -6.3829893, 58.2062241 ], [ -6.3841711, 58.2057206 ], [ -6.3874214, 58.2062559 ], [ -6.3864442, 58.2073478 ], [ -6.3878259, 58.20763 ], [ -6.388939, 58.2076125 ], [ -6.3891637, 58.2066628 ], [ -6.3893268, 58.2077908 ], [ -6.3909693, 58.2075217 ], [ -6.3904197, 58.2059662 ], [ -6.3920965, 58.2071455 ], [ -6.3925128, 58.208621 ], [ -6.3895563, 58.2088455 ], [ -6.3891206, 58.2112985 ], [ -6.3877864, 58.2127739 ], [ -6.3883434, 58.2128739 ], [ -6.3909951, 58.2102321 ], [ -6.3938885, 58.210042 ], [ -6.3957492, 58.2088688 ], [ -6.3947974, 58.2081791 ], [ -6.3962858, 58.2084687 ], [ -6.397582, 58.2073349 ], [ -6.3968255, 58.2055794 ], [ -6.3938768, 58.2056468 ], [ -6.394232, 58.2047389 ], [ -6.3928496, 58.2036481 ], [ -6.3937937, 58.2025118 ], [ -6.3915943, 58.200437 ], [ -6.3953093, 58.1992262 ], [ -6.3921368, 58.1985628 ], [ -6.3894374, 58.1965033 ], [ -6.3887205, 58.1971847 ], [ -6.3876839, 58.1964846 ], [ -6.3845095, 58.1966962 ], [ -6.3829009, 58.1944925 ], [ -6.3865255, 58.1946613 ], [ -6.3848977, 58.193206 ], [ -6.3860243, 58.1907314 ], [ -6.3827649, 58.1887826 ], [ -6.3802242, 58.188253 ], [ -6.3790593, 58.1899023 ], [ -6.3768897, 58.1894946 ], [ -6.3775528, 58.1901928 ], [ -6.3765827, 58.1908488 ], [ -6.3779187, 58.1923176 ], [ -6.376544, 58.1923858 ], [ -6.3754177, 58.1936818 ], [ -6.3738114, 58.1923598 ], [ -6.3742309, 58.1917287 ], [ -6.3714728, 58.1925518 ], [ -6.3695188, 58.1911794 ], [ -6.3704368, 58.189852 ], [ -6.372121, 58.1900413 ], [ -6.3706148, 58.1883407 ], [ -6.37345, 58.1885903 ], [ -6.3772049, 58.1857589 ], [ -6.3796318, 58.1855134 ], [ -6.379967, 58.1832226 ], [ -6.3815993, 58.1808106 ], [ -6.3825424, 58.1802907 ], [ -6.3850154, 58.1810125 ], [ -6.3869026, 58.1800752 ], [ -6.3821326, 58.1798201 ], [ -6.37801, 58.1783 ], [ -6.3768561, 58.1747059 ], [ -6.3807432, 58.1744214 ], [ -6.37626, 58.17237 ], [ -6.37657, 58.17161 ], [ -6.37256, 58.16666 ], [ -6.37268, 58.16513 ], [ -6.3734905, 58.164566 ], [ -6.36766, 58.16092 ], [ -6.36784, 58.15837 ], [ -6.36658, 58.15578 ], [ -6.36679, 58.15297 ], [ -6.3694, 58.15046 ], [ -6.3741436, 58.1492608 ], [ -6.375314, 58.148131 ], [ -6.3802531, 58.146968 ], [ -6.382506, 58.1472919 ], [ -6.3853018, 58.1460043 ], [ -6.391911, 58.1472302 ], [ -6.3942703, 58.1450155 ], [ -6.4058892, 58.1420794 ], [ -6.4127049, 58.1422912 ], [ -6.4143778, 58.1438419 ], [ -6.4169887, 58.1442395 ], [ -6.4208398, 58.1467164 ], [ -6.4233942, 58.147129 ], [ -6.4220826, 58.1448608 ], [ -6.4181341, 58.1445947 ], [ -6.4159818, 58.1425789 ], [ -6.4186203, 58.1425386 ], [ -6.4183687, 58.1412185 ], [ -6.4223403, 58.1393556 ], [ -6.4233407, 58.1374881 ], [ -6.4198405, 58.1381592 ], [ -6.4183357, 58.1373635 ], [ -6.4213452, 58.1365762 ], [ -6.4169276, 58.1369755 ], [ -6.4160478, 58.1364091 ], [ -6.4080414, 58.1403721 ], [ -6.4033127, 58.1401258 ], [ -6.4019394, 58.1414297 ], [ -6.3966554, 58.1432531 ], [ -6.3882735, 58.144169 ], [ -6.3838935, 58.1426628 ], [ -6.3829225, 58.1441789 ], [ -6.3808653, 58.1442695 ], [ -6.3777003, 58.1437854 ], [ -6.3756779, 58.1425481 ], [ -6.375466, 58.1431172 ], [ -6.3683528, 58.1423726 ], [ -6.3670036, 58.1398143 ], [ -6.3687212, 58.1394211 ], [ -6.3680217, 58.1388471 ], [ -6.3688651, 58.137859 ], [ -6.3675293, 58.1371567 ], [ -6.371322, 58.1338108 ], [ -6.3697717, 58.1323367 ], [ -6.3700855, 58.131538 ], [ -6.3754606, 58.1305368 ], [ -6.3791299, 58.1308257 ], [ -6.3810906, 58.1291716 ], [ -6.3873267, 58.128792 ], [ -6.3933966, 58.1311542 ], [ -6.3926268, 58.1325208 ], [ -6.3949201, 58.1324613 ], [ -6.397495, 58.1341436 ], [ -6.4011133, 58.1349167 ], [ -6.4041013, 58.1342002 ], [ -6.4032027, 58.1331283 ], [ -6.4060405, 58.1307209 ], [ -6.4056784, 58.1300397 ], [ -6.4160156, 58.1320365 ], [ -6.4164662, 58.1297338 ], [ -6.4219355, 58.1287348 ], [ -6.4274831, 58.1300447 ], [ -6.4313821, 58.1299105 ], [ -6.4303708, 58.1303304 ], [ -6.432979, 58.1325695 ], [ -6.446187, 58.1320222 ], [ -6.4498324, 58.1339149 ], [ -6.4555402, 58.1340126 ], [ -6.4597053, 58.1351045 ], [ -6.4621701, 58.1367759 ], [ -6.4619264, 58.1378429 ], [ -6.4656409, 58.1389991 ], [ -6.4827112, 58.1404364 ], [ -6.4852737, 58.1416995 ], [ -6.4930111, 58.1429661 ], [ -6.4943093, 58.1424536 ], [ -6.4877387, 58.1410386 ], [ -6.4890537, 58.1406257 ], [ -6.4877618, 58.1398671 ], [ -6.4892993, 58.1386628 ], [ -6.479607, 58.1365836 ], [ -6.479426, 58.1358134 ], [ -6.4766999, 58.135192 ], [ -6.4719607, 58.1359613 ], [ -6.4701185, 58.1357288 ], [ -6.4692233, 58.1345715 ], [ -6.4671951, 58.1346282 ], [ -6.4670842, 58.1333696 ], [ -6.4680184, 58.1329482 ], [ -6.4645381, 58.1327754 ], [ -6.4655201, 58.1322389 ], [ -6.4649417, 58.1319523 ], [ -6.4655772, 58.1311837 ], [ -6.4685574, 58.1297667 ], [ -6.4671037, 58.129441 ], [ -6.4682114, 58.1265093 ], [ -6.4668904, 58.1264428 ], [ -6.465843, 58.1293404 ], [ -6.4626271, 58.1296548 ], [ -6.4637482, 58.1306632 ], [ -6.4577764, 58.1306681 ], [ -6.4553005, 58.1296728 ], [ -6.4535105, 58.1275928 ], [ -6.451604, 58.1273395 ], [ -6.4499041, 58.1253132 ], [ -6.4444739, 58.1236737 ], [ -6.4462142, 58.1242929 ], [ -6.4496946, 58.1278448 ], [ -6.4515036, 58.1283005 ], [ -6.4515187, 58.1297139 ], [ -6.4486387, 58.1310178 ], [ -6.4444405, 58.1292028 ], [ -6.4459645, 58.1280372 ], [ -6.4457369, 58.1273811 ], [ -6.4419035, 58.1286428 ], [ -6.4398444, 58.128223 ], [ -6.4388505, 58.1294728 ], [ -6.4345405, 58.1288728 ], [ -6.4335205, 58.1272728 ], [ -6.4356601, 58.1262629 ], [ -6.4367638, 58.1274316 ], [ -6.438396, 58.1269484 ], [ -6.4363361, 58.1253281 ], [ -6.4341655, 58.1255499 ], [ -6.4330341, 58.1266282 ], [ -6.4285958, 58.1259975 ], [ -6.4278015, 58.1249093 ], [ -6.4294383, 58.1239133 ], [ -6.4290276, 58.122252 ], [ -6.4299968, 58.1213835 ], [ -6.4273714, 58.121685 ], [ -6.4282678, 58.1204415 ], [ -6.4299897, 58.1210859 ], [ -6.4321397, 58.1199318 ], [ -6.4370259, 58.1207514 ], [ -6.4372705, 58.1196498 ], [ -6.4393776, 58.1199735 ], [ -6.4388089, 58.118998 ], [ -6.4405086, 58.118157 ], [ -6.4438523, 58.1178139 ], [ -6.4447373, 58.116917 ], [ -6.4441468, 58.1164393 ], [ -6.4468557, 58.1154731 ], [ -6.4488825, 58.1135255 ], [ -6.4510403, 58.1145956 ], [ -6.455039, 58.1107965 ], [ -6.4540848, 58.1085452 ], [ -6.4559321, 58.1063014 ], [ -6.4579576, 58.1052906 ], [ -6.4623012, 58.105131 ], [ -6.4624858, 58.1042071 ], [ -6.466175, 58.1033439 ], [ -6.4681784, 58.1047638 ], [ -6.4688044, 58.1033858 ], [ -6.4701343, 58.1029776 ], [ -6.4714234, 58.1050041 ], [ -6.4761603, 58.1034183 ], [ -6.4775186, 58.1036504 ], [ -6.4772798, 58.1043547 ], [ -6.4783155, 58.104866 ], [ -6.4794377, 58.1042594 ], [ -6.478961, 58.1031188 ], [ -6.4827682, 58.1021292 ], [ -6.4830935, 58.1032433 ], [ -6.4858082, 58.1027912 ], [ -6.4842423, 58.1035758 ], [ -6.4847771, 58.1046934 ], [ -6.4858912, 58.1047157 ], [ -6.4859297, 58.1038589 ], [ -6.4879242, 58.1021706 ], [ -6.487141, 58.1005529 ], [ -6.4895837, 58.0991397 ], [ -6.494195, 58.0994965 ], [ -6.4986959, 58.1019996 ], [ -6.4997979, 58.099718 ], [ -6.5026369, 58.0996751 ], [ -6.5034633, 58.101653 ], [ -6.5089866, 58.1030436 ], [ -6.5095726, 58.1016241 ], [ -6.5110903, 58.1013346 ], [ -6.5113151, 58.1002692 ], [ -6.5084409, 58.099927 ], [ -6.5090333, 58.0988158 ], [ -6.5136395, 58.0972936 ], [ -6.5181221, 58.0985494 ], [ -6.5191985, 58.0996501 ], [ -6.516758, 58.100171 ], [ -6.5177841, 58.1004126 ], [ -6.5275322, 58.0987392 ], [ -6.5332554, 58.0999913 ], [ -6.5331806, 58.0989705 ], [ -6.5390613, 58.0987942 ], [ -6.5313112, 58.0986045 ], [ -6.5291457, 58.0966179 ], [ -6.5322315, 58.0944713 ], [ -6.5420142, 58.0924245 ], [ -6.5499755, 58.0926733 ], [ -6.5532036, 58.0920249 ], [ -6.5541594, 58.0930671 ], [ -6.5560905, 58.0931308 ], [ -6.5633591, 58.0915143 ], [ -6.5792296, 58.0907991 ], [ -6.5818465, 58.0897091 ], [ -6.58663, 58.0899305 ], [ -6.5910257, 58.0887528 ], [ -6.5958335, 58.0890522 ], [ -6.6113746, 58.0876324 ], [ -6.6222226, 58.0854328 ], [ -6.6328948, 58.0855302 ], [ -6.6348416, 58.0847262 ], [ -6.6315234, 58.0844153 ], [ -6.6341945, 58.0817476 ], [ -6.6296136, 58.0814828 ], [ -6.6277884, 58.080804 ], [ -6.6283265, 58.0803964 ], [ -6.6261052, 58.0784908 ], [ -6.6242073, 58.0781933 ], [ -6.6240494, 58.0794276 ], [ -6.6222109, 58.0798498 ], [ -6.6215263, 58.08184 ], [ -6.6181875, 58.0843808 ], [ -6.6131742, 58.0851388 ], [ -6.6110374, 58.0845974 ], [ -6.6091806, 58.0854925 ], [ -6.6093115, 58.0844885 ], [ -6.6107107, 58.0843588 ], [ -6.6104501, 58.0835276 ], [ -6.6087667, 58.0822969 ], [ -6.6071972, 58.0822364 ], [ -6.6061586, 58.0810091 ], [ -6.6070887, 58.0800205 ], [ -6.6067872, 58.0788295 ], [ -6.6058117, 58.078857 ], [ -6.6068092, 58.0797537 ], [ -6.6054602, 58.080865 ], [ -6.6054534, 58.0842119 ], [ -6.6044046, 58.08598 ], [ -6.6027306, 58.0866652 ], [ -6.5864596, 58.0875664 ], [ -6.5853713, 58.0868681 ], [ -6.582457, 58.0879518 ], [ -6.5769658, 58.0882512 ], [ -6.5751848, 58.0863221 ], [ -6.5702845, 58.0853201 ], [ -6.5688127, 58.0835741 ], [ -6.5668733, 58.0828163 ], [ -6.5669642, 58.0818686 ], [ -6.5652653, 58.0815294 ], [ -6.5652701, 58.0805136 ], [ -6.5656793, 58.0804375 ], [ -6.5671104, 58.0790976 ], [ -6.5637993, 58.0810199 ], [ -6.566507, 58.083603 ], [ -6.5643298, 58.084702 ], [ -6.5649103, 58.0864203 ], [ -6.5626629, 58.0865129 ], [ -6.5640574, 58.0877536 ], [ -6.5576349, 58.0882439 ], [ -6.5551868, 58.08704 ], [ -6.5540405, 58.0880246 ], [ -6.5510658, 58.087272 ], [ -6.5465126, 58.0881445 ], [ -6.5417445, 58.08691 ], [ -6.5406186, 58.0873278 ], [ -6.5404574, 58.086498 ], [ -6.5415874, 58.0863158 ], [ -6.5380988, 58.0856709 ], [ -6.5371943, 58.0862046 ], [ -6.5383477, 58.0865536 ], [ -6.5375626, 58.0869576 ], [ -6.5334753, 58.0869532 ], [ -6.5290898, 58.0882962 ], [ -6.5269816, 58.0875568 ], [ -6.5262346, 58.0854673 ], [ -6.5259295, 58.0878334 ], [ -6.5185639, 58.0881824 ], [ -6.5171987, 58.0902148 ], [ -6.514964, 58.0908982 ], [ -6.5143333, 58.0924381 ], [ -6.5119133, 58.0923359 ], [ -6.5091242, 58.093978 ], [ -6.4998252, 58.0925356 ], [ -6.4830263, 58.0941626 ], [ -6.4799877, 58.0933146 ], [ -6.4784817, 58.091517 ], [ -6.4761498, 58.0904255 ], [ -6.4755959, 58.0908474 ], [ -6.4771055, 58.0915048 ], [ -6.4769238, 58.0926547 ], [ -6.4756307, 58.0927855 ], [ -6.4727048, 58.0892255 ], [ -6.474766, 58.0927539 ], [ -6.4746255, 58.0948748 ], [ -6.4736371, 58.0959079 ], [ -6.4642058, 58.096492 ], [ -6.4626171, 58.0963208 ], [ -6.4621318, 58.0954734 ], [ -6.4536816, 58.0943406 ], [ -6.4477733, 58.0961976 ], [ -6.4455591, 58.0948541 ], [ -6.443401, 58.0951184 ], [ -6.4436783, 58.0942767 ], [ -6.4413477, 58.0932249 ], [ -6.4353013, 58.0926085 ], [ -6.4324871, 58.0932643 ], [ -6.4315828, 58.0913171 ], [ -6.4320412, 58.0897453 ], [ -6.4302399, 58.0911031 ], [ -6.429854, 58.0923576 ], [ -6.4285431, 58.0928521 ], [ -6.4275836, 58.0949594 ], [ -6.4284129, 58.0952768 ], [ -6.4284908, 58.0963974 ], [ -6.4257269, 58.0968182 ], [ -6.4236826, 58.0960854 ], [ -6.4234526, 58.0969423 ], [ -6.4223087, 58.0966889 ], [ -6.4209838, 58.0980318 ], [ -6.4186372, 58.0977403 ], [ -6.4189386, 58.098744 ], [ -6.4161539, 58.1002295 ], [ -6.422505, 58.0985734 ], [ -6.4234205, 58.0976557 ], [ -6.4273651, 58.0981526 ], [ -6.4287748, 58.0973435 ], [ -6.4302338, 58.0983827 ], [ -6.4293841, 58.0996777 ], [ -6.4297805, 58.1001486 ], [ -6.4341822, 58.0984978 ], [ -6.4360357, 58.0996743 ], [ -6.4353274, 58.1005354 ], [ -6.4332827, 58.1012363 ], [ -6.4301919, 58.1006425 ], [ -6.4296585, 58.1016143 ], [ -6.4307089, 58.1024654 ], [ -6.4293586, 58.1039442 ], [ -6.4271461, 58.1050213 ], [ -6.4234736, 58.1048351 ], [ -6.423389, 58.105563 ], [ -6.4215962, 58.1060938 ], [ -6.4183748, 58.1059144 ], [ -6.4211127, 58.1042076 ], [ -6.4204401, 58.1032809 ], [ -6.4163236, 58.1038668 ], [ -6.4163749, 58.104636 ], [ -6.4150812, 58.1052077 ], [ -6.4156411, 58.1066145 ], [ -6.4172868, 58.1069936 ], [ -6.4152811, 58.1079878 ], [ -6.4155931, 58.1087975 ], [ -6.4132904, 58.1086206 ], [ -6.4089092, 58.1103738 ], [ -6.4065197, 58.1101937 ], [ -6.4030219, 58.1086014 ], [ -6.4018535, 58.1104362 ], [ -6.3985916, 58.1108853 ], [ -6.3994711, 58.1096095 ], [ -6.3985983, 58.1054809 ], [ -6.3969613, 58.1033301 ], [ -6.3960347, 58.1032874 ], [ -6.396799, 58.1032101 ], [ -6.3961034, 58.1017617 ], [ -6.3935492, 58.0996524 ], [ -6.4002546, 58.0999784 ], [ -6.3984293, 58.0992063 ], [ -6.399697, 58.0989912 ], [ -6.3988759, 58.0984274 ], [ -6.4006386, 58.0975794 ], [ -6.3968832, 58.0964484 ], [ -6.3961161, 58.0952297 ], [ -6.3928632, 58.0974919 ], [ -6.3879325, 58.0980206 ], [ -6.3874949, 58.0951823 ], [ -6.3883095, 58.094641 ], [ -6.3868815, 58.0937673 ], [ -6.384965, 58.094061 ], [ -6.383323, 58.0929061 ], [ -6.3884676, 58.0917269 ], [ -6.3904291, 58.0927802 ], [ -6.39072, 58.0920282 ], [ -6.3938808, 58.0911839 ], [ -6.3961127, 58.0930048 ], [ -6.399246, 58.0922217 ], [ -6.398562, 58.0918638 ], [ -6.3991511, 58.0914531 ], [ -6.4005279, 58.0918145 ], [ -6.3979133, 58.0902386 ], [ -6.3976335, 58.0887485 ], [ -6.398549, 58.0883447 ], [ -6.3970138, 58.0866958 ], [ -6.3969643, 58.0843738 ], [ -6.3889073, 58.0862235 ], [ -6.3883171, 58.086695 ], [ -6.3890277, 58.0875251 ], [ -6.3877357, 58.0889061 ], [ -6.3844487, 58.0896083 ], [ -6.3838236, 58.0907149 ], [ -6.380624, 58.0924569 ], [ -6.3776423, 58.0917639 ], [ -6.3777801, 58.0892149 ], [ -6.3787592, 58.0890739 ], [ -6.3780222, 58.0885438 ], [ -6.3798947, 58.0876376 ], [ -6.3799, 58.08665 ], [ -6.3805891, 58.0867337 ], [ -6.3803873, 58.0851306 ], [ -6.3812227, 58.0846732 ], [ -6.3801429, 58.0823073 ], [ -6.3789738, 58.0820998 ], [ -6.3811294, 58.0789444 ], [ -6.3796993, 58.0784765 ], [ -6.3795196, 58.0791755 ], [ -6.3796273, 58.0782322 ], [ -6.3782593, 58.0780332 ], [ -6.3718216, 58.0784232 ], [ -6.3690064, 58.0769385 ], [ -6.3687595, 58.0758642 ], [ -6.3715419, 58.0745958 ], [ -6.3707775, 58.0744241 ], [ -6.3714709, 58.0734653 ], [ -6.3734812, 58.0731844 ], [ -6.3739109, 58.0717977 ], [ -6.3778478, 58.070563 ], [ -6.3767446, 58.0699328 ], [ -6.37798, 58.06996 ], [ -6.3810235, 58.0678903 ], [ -6.3799292, 58.0666646 ], [ -6.3736045, 58.0671469 ], [ -6.3733578, 58.066361 ], [ -6.3673765, 58.0649507 ], [ -6.3690931, 58.0615285 ], [ -6.3672799, 58.0607538 ], [ -6.3684547, 58.0595136 ], [ -6.3666415, 58.058157 ], [ -6.3672531, 58.0570303 ], [ -6.3662767, 58.0559943 ], [ -6.3680792, 58.0565024 ], [ -6.3710779, 58.0556821 ], [ -6.3713354, 58.0548391 ], [ -6.3723064, 58.0552762 ], [ -6.3721186, 58.0545354 ], [ -6.3735724, 58.054297 ], [ -6.3728535, 58.0534029 ], [ -6.3733578, 58.0516146 ], [ -6.3718772, 58.0504877 ], [ -6.3724029, 58.0493493 ], [ -6.3788089, 58.0472963 ], [ -6.3817647, 58.0480137 ], [ -6.3832268, 58.0473309 ], [ -6.3845896, 58.0479942 ], [ -6.3901988, 58.0478471 ], [ -6.3993357, 58.0464563 ], [ -6.4228105, 58.0478111 ], [ -6.4246116, 58.0484697 ], [ -6.4382311, 58.0487406 ], [ -6.4318784, 58.0474454 ], [ -6.4254424, 58.0472162 ], [ -6.4210104, 58.0452079 ], [ -6.4122044, 58.0456729 ], [ -6.410511, 58.0450613 ], [ -6.4097489, 58.0431945 ], [ -6.4057535, 58.0430183 ], [ -6.4009958, 58.0410889 ], [ -6.3937011, 58.0426748 ], [ -6.3905243, 58.0420031 ], [ -6.3919532, 58.0412249 ], [ -6.3915762, 58.0407719 ], [ -6.3770531, 58.0425708 ], [ -6.3684162, 58.0405317 ], [ -6.3603792, 58.0405364 ], [ -6.3600601, 58.0398259 ], [ -6.35813, 58.0394518 ], [ -6.3572442, 58.0358535 ], [ -6.3573123, 58.0351949 ], [ -6.3583881, 58.0351613 ], [ -6.3579382, 58.0346087 ], [ -6.3588682, 58.032797 ], [ -6.3590347, 58.0294044 ], [ -6.3620695, 58.0294124 ], [ -6.3654544, 58.0257824 ], [ -6.3652011, 58.0243628 ], [ -6.366377, 58.0225956 ], [ -6.3655284, 58.0212389 ], [ -6.3661192, 58.0190196 ], [ -6.3670355, 58.0187434 ], [ -6.3659251, 58.018154 ], [ -6.3799715, 58.0151033 ], [ -6.3811091, 58.0141948 ], [ -6.3809162, 58.0123744 ], [ -6.3829376, 58.0093586 ], [ -6.3885006, 58.0085651 ], [ -6.3902068, 58.0060704 ], [ -6.3893354, 58.0054671 ], [ -6.3902083, 58.0039923 ], [ -6.3882286, 58.00332 ], [ -6.3885981, 58.0022062 ], [ -6.3874406, 58.0024319 ], [ -6.3869039, 58.0004541 ], [ -6.3886844, 57.9997403 ], [ -6.3894484, 58.0007188 ], [ -6.3910833, 58.0009223 ], [ -6.3913812, 58.0000678 ], [ -6.3938012, 57.9998242 ], [ -6.3992933, 58.0010151 ], [ -6.4012956, 58.0019882 ], [ -6.40122, 58.00297 ], [ -6.4037498, 58.0035553 ], [ -6.4040682, 58.0059229 ], [ -6.4068904, 58.007308 ], [ -6.408609, 58.0096653 ], [ -6.4111479, 58.0102248 ], [ -6.4140868, 58.0096654 ], [ -6.4186454, 58.0128774 ], [ -6.4221538, 58.0116198 ], [ -6.4225303, 58.0103463 ], [ -6.4241595, 58.0103418 ], [ -6.4247329, 58.0095311 ], [ -6.429825, 58.0116021 ], [ -6.4307402, 58.0110291 ], [ -6.4317058, 58.0115512 ], [ -6.4314489, 58.0129268 ], [ -6.433999, 58.0154774 ], [ -6.4383695, 58.0170082 ], [ -6.4389331, 58.0166764 ], [ -6.4382247, 58.015848 ], [ -6.4396425, 58.0147774 ], [ -6.437766, 58.0143373 ], [ -6.438507, 58.0126962 ], [ -6.4367395, 58.0107657 ], [ -6.4382128, 58.0101518 ], [ -6.4401306, 58.0114068 ], [ -6.4444863, 58.0104377 ], [ -6.4445483, 58.0078132 ], [ -6.4463458, 58.0077876 ], [ -6.4463394, 58.0071258 ], [ -6.4496833, 58.0058928 ], [ -6.45173, 58.0076729 ], [ -6.4534248, 58.0113312 ], [ -6.4560918, 58.0124964 ], [ -6.4580234, 58.0164007 ], [ -6.4595914, 58.0172035 ], [ -6.4596758, 58.0197032 ], [ -6.4620565, 58.017633 ], [ -6.461132, 58.0174181 ], [ -6.4574725, 58.0118063 ], [ -6.46224, 58.0139725 ], [ -6.4639789, 58.0164993 ], [ -6.4632082, 58.0172415 ], [ -6.4642693, 58.0180952 ], [ -6.4651983, 58.0173562 ], [ -6.466392, 58.0185277 ], [ -6.4689752, 58.0186651 ], [ -6.4685921, 58.0164972 ], [ -6.4656387, 58.0152442 ], [ -6.4665435, 58.0148111 ], [ -6.4656081, 58.0124426 ], [ -6.4705091, 58.0094586 ], [ -6.4744421, 58.0095359 ], [ -6.4779029, 58.0108699 ], [ -6.4787926, 58.0101868 ], [ -6.4801119, 58.0107127 ], [ -6.4830484, 58.0101667 ], [ -6.4897045, 58.0125428 ], [ -6.4936384, 58.0133431 ], [ -6.4940321, 58.0127882 ], [ -6.4960689, 58.0142755 ], [ -6.4952832, 58.0148021 ], [ -6.4974246, 58.0154142 ], [ -6.4980008, 58.0163913 ], [ -6.5001702, 58.0166589 ], [ -6.499054, 58.0143612 ], [ -6.4976645, 58.014581 ], [ -6.4933777, 58.0117972 ], [ -6.4901576, 58.0107875 ], [ -6.489555, 58.0098545 ], [ -6.4906673, 58.009936 ], [ -6.4907581, 58.0089089 ], [ -6.492563, 58.008326 ], [ -6.4967655, 58.0078633 ], [ -6.497089, 58.0068887 ], [ -6.4985338, 58.0063328 ], [ -6.5022884, 58.0072999 ], [ -6.5110806, 58.0075387 ], [ -6.5203806, 58.0105507 ], [ -6.5228909, 58.0131531 ], [ -6.5281962, 58.0164408 ], [ -6.5268864, 58.0138299 ], [ -6.5254181, 58.0130581 ], [ -6.5263526, 58.0120139 ], [ -6.52518, 58.01017 ], [ -6.5264917, 58.0089056 ], [ -6.5288641, 58.0085933 ], [ -6.524845, 58.0071527 ], [ -6.5250429, 58.0060427 ], [ -6.53462, 58.00613 ], [ -6.53901, 58.00543 ], [ -6.548524, 58.0073333 ], [ -6.5651, 58.0046642 ], [ -6.5797367, 58.0035935 ], [ -6.5724424, 58.0033507 ], [ -6.5694213, 58.0019651 ], [ -6.56672, 58.00239 ], [ -6.5660442, 58.0015214 ], [ -6.55019, 58.00425 ], [ -6.55023, 58.00374 ], [ -6.54498, 58.00287 ], [ -6.54462, 58.00108 ], [ -6.53738, 58.00106 ], [ -6.5278, 58.0001 ], [ -6.5280416, 57.9994773 ], [ -6.5250473, 58.0001924 ], [ -6.5224302, 57.9991025 ], [ -6.5176462, 57.9985614 ], [ -6.5109059, 58.0003042 ], [ -6.5074167, 57.9982168 ], [ -6.5016822, 58.0015803 ], [ -6.4876935, 58.0009578 ], [ -6.484981, 58.0021402 ], [ -6.4836115, 58.0010634 ], [ -6.4717263, 58.0006485 ], [ -6.4644954, 57.9968873 ], [ -6.4615325, 57.9962389 ], [ -6.4604898, 57.9949684 ], [ -6.4562269, 57.9940491 ], [ -6.45479, 57.99239 ], [ -6.4555012, 57.9917076 ], [ -6.4544766, 57.9910273 ], [ -6.4557515, 57.9903539 ], [ -6.4521811, 57.9899046 ], [ -6.4509933, 57.9887807 ], [ -6.4544276, 57.9890896 ], [ -6.45423, 57.98674 ], [ -6.4566782, 57.9861961 ], [ -6.4574152, 57.9849856 ], [ -6.4483729, 57.9783407 ], [ -6.4496206, 57.9778063 ], [ -6.4493609, 57.9761684 ], [ -6.4509811, 57.9747214 ], [ -6.4500764, 57.9730778 ], [ -6.4521593, 57.9726339 ], [ -6.4546356, 57.9705654 ], [ -6.4530236, 57.9691643 ], [ -6.4504915, 57.9689527 ], [ -6.448968, 57.9656386 ], [ -6.4515451, 57.9642342 ], [ -6.4573296, 57.9630347 ], [ -6.4573578, 57.9623281 ], [ -6.4604937, 57.960435 ], [ -6.46657, 57.9620191 ], [ -6.4683843, 57.9612099 ], [ -6.4663708, 57.9596906 ], [ -6.4666266, 57.9571643 ], [ -6.4674638, 57.9564232 ], [ -6.4666587, 57.9561053 ], [ -6.4679079, 57.9553828 ], [ -6.4662969, 57.9541597 ], [ -6.4676358, 57.9523154 ], [ -6.4669189, 57.9504549 ], [ -6.4686416, 57.9497903 ], [ -6.4676543, 57.9486772 ], [ -6.4686217, 57.9481401 ], [ -6.4678349, 57.9480094 ], [ -6.4673564, 57.9441501 ], [ -6.4676008, 57.9423688 ], [ -6.4685788, 57.9417427 ], [ -6.4671952, 57.941868 ], [ -6.469806, 57.9403526 ], [ -6.4691591, 57.9395589 ], [ -6.4706491, 57.9392408 ], [ -6.4715297, 57.9377012 ], [ -6.4782845, 57.9379741 ], [ -6.4797489, 57.9394268 ], [ -6.4818178, 57.9399992 ], [ -6.4827512, 57.9397138 ], [ -6.4818827, 57.938169 ], [ -6.4829793, 57.9372342 ], [ -6.4841527, 57.9378279 ], [ -6.4920621, 57.9378709 ], [ -6.4947778, 57.938982 ], [ -6.4943497, 57.9401583 ], [ -6.5012419, 57.9405931 ], [ -6.5026768, 57.9401867 ], [ -6.5029879, 57.9386496 ], [ -6.5037219, 57.9384942 ], [ -6.5030208, 57.9361836 ], [ -6.5055424, 57.9360131 ], [ -6.504414, 57.9352579 ], [ -6.5057727, 57.9356431 ], [ -6.5061554, 57.9346403 ], [ -6.5070088, 57.9347144 ], [ -6.5084092, 57.9331606 ], [ -6.5079819, 57.9321838 ], [ -6.5098473, 57.9306128 ], [ -6.5116088, 57.9303026 ], [ -6.5129754, 57.9287006 ], [ -6.5161901, 57.9283863 ], [ -6.5166908, 57.9275817 ], [ -6.5192778, 57.9269698 ], [ -6.5234356, 57.9305937 ], [ -6.5237043, 57.9332136 ], [ -6.5249764, 57.9349803 ], [ -6.5266498, 57.9353339 ], [ -6.5276649, 57.9337842 ], [ -6.5285127, 57.9340863 ], [ -6.5281067, 57.9351507 ], [ -6.5294952, 57.9357516 ], [ -6.5294452, 57.9365316 ], [ -6.5274852, 57.9369916 ], [ -6.5265146, 57.9358924 ], [ -6.5251983, 57.9360772 ], [ -6.5269107, 57.9390464 ], [ -6.528259, 57.9399717 ], [ -6.5279733, 57.9389436 ], [ -6.5292551, 57.9385463 ], [ -6.535804, 57.9424224 ], [ -6.5367289, 57.9415099 ], [ -6.5359421, 57.9410264 ], [ -6.5377686, 57.9400686 ], [ -6.5383138, 57.9417452 ], [ -6.5407379, 57.9424501 ], [ -6.5402494, 57.9463839 ], [ -6.5423625, 57.9465036 ], [ -6.5436566, 57.9479294 ], [ -6.5465294, 57.9569931 ], [ -6.5476836, 57.9584614 ], [ -6.5492015, 57.9581512 ], [ -6.5487512, 57.9570383 ], [ -6.5503011, 57.95536 ], [ -6.5502187, 57.9539394 ], [ -6.5459834, 57.9452253 ], [ -6.5449837, 57.9449724 ], [ -6.5462922, 57.9438824 ], [ -6.5476923, 57.9439464 ], [ -6.5473336, 57.9423615 ], [ -6.549259, 57.9418902 ], [ -6.5497932, 57.9401834 ], [ -6.54781, 57.9380232 ], [ -6.5456089, 57.9370375 ], [ -6.5456881, 57.9360791 ], [ -6.544469, 57.9353559 ], [ -6.5449308, 57.9345943 ], [ -6.542996, 57.9332611 ], [ -6.5430391, 57.9324752 ], [ -6.5399083, 57.9313006 ], [ -6.5391618, 57.9297556 ], [ -6.5400422, 57.9286239 ], [ -6.5383928, 57.9266543 ], [ -6.5389355, 57.9250047 ], [ -6.5370102, 57.9223978 ], [ -6.5383322, 57.9218665 ], [ -6.5375134, 57.9217671 ], [ -6.537997, 57.921484 ], [ -6.5374115, 57.9208369 ], [ -6.5390544, 57.9194562 ], [ -6.537765, 57.9189743 ], [ -6.5403303, 57.9174241 ], [ -6.5393179, 57.9173139 ], [ -6.5401165, 57.9166054 ], [ -6.5437674, 57.9161944 ], [ -6.5451914, 57.9171175 ], [ -6.5469481, 57.9163213 ], [ -6.5496265, 57.917914 ], [ -6.5520314, 57.9182763 ], [ -6.552204, 57.915667 ], [ -6.557181, 57.9170481 ], [ -6.5576964, 57.9152278 ], [ -6.5612669, 57.9167438 ], [ -6.5640316, 57.9199498 ], [ -6.5661581, 57.9197118 ], [ -6.5644989, 57.9191068 ], [ -6.5625097, 57.9160445 ], [ -6.5633268, 57.915714 ], [ -6.562134, 57.9147937 ], [ -6.5640437, 57.9147334 ], [ -6.5656785, 57.9153188 ], [ -6.566863, 57.9178833 ], [ -6.5687749, 57.9182608 ], [ -6.5691076, 57.9198571 ], [ -6.5703315, 57.9200433 ], [ -6.5702045, 57.9214723 ], [ -6.5673698, 57.9207005 ], [ -6.5667518, 57.9197677 ], [ -6.5654382, 57.9212882 ], [ -6.567087, 57.9217765 ], [ -6.5661857, 57.9221699 ], [ -6.5666257, 57.9230557 ], [ -6.5682325, 57.9240032 ], [ -6.5688448, 57.9229349 ], [ -6.5729106, 57.9247686 ], [ -6.5741036, 57.9235138 ], [ -6.5736051, 57.9215462 ], [ -6.5749791, 57.9201112 ], [ -6.5723391, 57.9184363 ], [ -6.5731294, 57.9174532 ], [ -6.571052, 57.9164317 ], [ -6.5695879, 57.9146096 ], [ -6.5710499, 57.9137627 ], [ -6.5691094, 57.9132956 ], [ -6.5719693, 57.9120969 ], [ -6.5717599, 57.9107879 ], [ -6.5706067, 57.910447 ], [ -6.572157, 57.9096729 ], [ -6.5723375, 57.9105293 ], [ -6.5733937, 57.9104103 ], [ -6.5744597, 57.9117458 ], [ -6.57675, 57.91103 ], [ -6.57778, 57.91361 ], [ -6.5769241, 57.915625 ], [ -6.5757907, 57.9159247 ], [ -6.5762108, 57.9165239 ], [ -6.5845877, 57.9147023 ], [ -6.584238, 57.9153775 ], [ -6.5873001, 57.916226 ], [ -6.5893443, 57.9181962 ], [ -6.5892863, 57.9203043 ], [ -6.5899364, 57.9204216 ], [ -6.5893926, 57.9212899 ], [ -6.5928771, 57.921312 ], [ -6.5922748, 57.9215216 ], [ -6.5929598, 57.9221159 ], [ -6.5970817, 57.9234022 ], [ -6.5947137, 57.9232499 ], [ -6.5934805, 57.9257306 ], [ -6.5965177, 57.9265985 ], [ -6.6015838, 57.9300531 ], [ -6.602771, 57.9312639 ], [ -6.602767, 57.9335632 ], [ -6.6037839, 57.93566 ], [ -6.6098153, 57.9390347 ], [ -6.6094431, 57.939615 ], [ -6.610629, 57.9397559 ], [ -6.6103445, 57.940414 ], [ -6.6111861, 57.9408541 ], [ -6.610117, 57.9410915 ], [ -6.6107254, 57.9418032 ], [ -6.6102789, 57.9423761 ], [ -6.6137549, 57.9441375 ], [ -6.61265, 57.94654 ], [ -6.61113, 57.94753 ], [ -6.61131, 57.94856 ], [ -6.61034, 57.94854 ], [ -6.6092204, 57.9498578 ], [ -6.6131647, 57.9509579 ], [ -6.6141393, 57.9491404 ], [ -6.6189772, 57.9481762 ], [ -6.6249436, 57.9521795 ], [ -6.6303751, 57.9539336 ], [ -6.6331676, 57.9568413 ], [ -6.6397163, 57.9603086 ], [ -6.6417357, 57.9622811 ], [ -6.6460253, 57.963383 ], [ -6.6425265, 57.955892 ], [ -6.6384713, 57.9523454 ], [ -6.6316286, 57.9481422 ], [ -6.6298468, 57.9457824 ], [ -6.6285537, 57.945254 ], [ -6.6292014, 57.9447979 ], [ -6.6249893, 57.940048 ], [ -6.6248348, 57.9383448 ], [ -6.622931, 57.9362033 ], [ -6.6239625, 57.9348588 ], [ -6.6265412, 57.9356048 ], [ -6.6260914, 57.933614 ], [ -6.6225229, 57.9311898 ], [ -6.6202486, 57.9312042 ], [ -6.614548, 57.9279399 ], [ -6.6125301, 57.926068 ], [ -6.6131226, 57.9241821 ], [ -6.6120929, 57.923517 ], [ -6.6132347, 57.922544 ], [ -6.6126648, 57.9216202 ], [ -6.6132811, 57.9209855 ], [ -6.60904, 57.9183662 ], [ -6.607316, 57.9187224 ], [ -6.6065229, 57.9173032 ], [ -6.6074661, 57.9174597 ], [ -6.6082182, 57.9165894 ], [ -6.6090631, 57.9173326 ], [ -6.6096531, 57.917051 ], [ -6.6091476, 57.9164028 ], [ -6.6105524, 57.9156862 ], [ -6.610011, 57.9166518 ], [ -6.6109644, 57.9168446 ], [ -6.6132375, 57.9154399 ], [ -6.6165357, 57.9173455 ], [ -6.6174979, 57.9165296 ], [ -6.616029, 57.9159522 ], [ -6.6175984, 57.9156371 ], [ -6.6196877, 57.9167096 ], [ -6.6240593, 57.9170022 ], [ -6.6256512, 57.9198394 ], [ -6.6269792, 57.919435 ], [ -6.6278863, 57.920284 ], [ -6.6272126, 57.9206458 ], [ -6.6278832, 57.9221915 ], [ -6.6271692, 57.92274 ], [ -6.6272715, 57.9241012 ], [ -6.6299299, 57.9242774 ], [ -6.6337617, 57.927874 ], [ -6.6342739, 57.9278374 ], [ -6.6329351, 57.9259684 ], [ -6.6326088, 57.9243344 ], [ -6.6332567, 57.9236399 ], [ -6.6321645, 57.9229711 ], [ -6.6323869, 57.9219895 ], [ -6.6348955, 57.921365 ], [ -6.6397761, 57.9220746 ], [ -6.6446807, 57.924601 ], [ -6.6470811, 57.9238204 ], [ -6.6465668, 57.9212521 ], [ -6.6442861, 57.9205163 ], [ -6.6439773, 57.9195832 ], [ -6.6456508, 57.9192602 ], [ -6.6465619, 57.9199167 ], [ -6.6478004, 57.919144 ], [ -6.6467533, 57.9171586 ], [ -6.6478855, 57.9179327 ], [ -6.6496639, 57.917467 ], [ -6.6521006, 57.9181836 ], [ -6.6557413, 57.919915 ], [ -6.6632076, 57.9252805 ], [ -6.6660632, 57.9294191 ], [ -6.6742428, 57.9351234 ], [ -6.6744596, 57.9368488 ], [ -6.6775748, 57.9415332 ], [ -6.6771692, 57.9420463 ], [ -6.6839359, 57.9470515 ], [ -6.6902875, 57.9536674 ], [ -6.6901347, 57.9561994 ], [ -6.6919615, 57.957113 ], [ -6.6922535, 57.9594005 ], [ -6.6976256, 57.9618152 ], [ -6.6984415, 57.9616451 ], [ -6.699157, 57.958993 ], [ -6.6997659, 57.9590331 ], [ -6.7023165, 57.9607906 ], [ -6.7036223, 57.9631726 ], [ -6.7034959, 57.9641084 ], [ -6.7012075, 57.9638106 ], [ -6.7018893, 57.9647017 ], [ -6.70149, 57.96559 ], [ -6.7066932, 57.9677586 ], [ -6.7087561, 57.9676318 ], [ -6.7086759, 57.9689877 ], [ -6.7079189, 57.9688622 ], [ -6.7087628, 57.9702463 ], [ -6.7083961, 57.9720851 ], [ -6.7094757, 57.9724065 ], [ -6.7086384, 57.9734156 ], [ -6.7093963, 57.975319 ], [ -6.708284, 57.9762257 ], [ -6.7104514, 57.9778866 ], [ -6.7107763, 57.9787659 ], [ -6.70974, 57.97982 ], [ -6.7101735, 57.9815004 ], [ -6.7123781, 57.9833035 ], [ -6.7127001, 57.9852574 ], [ -6.711992, 57.9865712 ], [ -6.70887, 57.9876519 ], [ -6.7091827, 57.9899596 ], [ -6.7048002, 57.9919132 ], [ -6.704388, 57.9935662 ], [ -6.7088163, 58.0023962 ], [ -6.7116924, 58.0033601 ], [ -6.7136396, 58.0054843 ], [ -6.7134777, 58.0078455 ], [ -6.711233, 58.0090215 ], [ -6.7127209, 58.0098584 ], [ -6.7119687, 58.0110554 ], [ -6.712625, 58.0125425 ], [ -6.7100059, 58.01643 ], [ -6.7042312, 58.0181448 ], [ -6.7012471, 58.0218692 ], [ -6.695298, 58.0263946 ], [ -6.691162, 58.0276061 ], [ -6.6905987, 58.0302519 ], [ -6.688107, 58.0341032 ], [ -6.6804037, 58.0375834 ], [ -6.6749668, 58.0360684 ], [ -6.6724241, 58.036581 ], [ -6.6664937, 58.041901 ], [ -6.6642568, 58.0425228 ], [ -6.664997, 58.0430864 ], [ -6.6643962, 58.0434001 ], [ -6.6655496, 58.0434314 ], [ -6.6669175, 58.0464522 ], [ -6.6671348, 58.0495097 ], [ -6.6652814, 58.0505671 ], [ -6.6650185, 58.0531134 ], [ -6.6606975, 58.054006 ], [ -6.6604722, 58.0546901 ], [ -6.6509128, 58.0546177 ], [ -6.6467875, 58.0555104 ], [ -6.6438076, 58.0550946 ], [ -6.6447893, 58.0546049 ], [ -6.6439095, 58.0540855 ], [ -6.6414392, 58.0548987 ], [ -6.6405594, 58.0537903 ], [ -6.6403422, 58.0545326 ], [ -6.640023, 58.0546262 ], [ -6.6329017, 58.0547398 ], [ -6.6287899, 58.0534781 ], [ -6.6277438, 58.0527373 ], [ -6.6296563, 58.0534639 ], [ -6.6286048, 58.0522334 ], [ -6.626789, 58.0519723 ], [ -6.6277787, 58.0514301 ], [ -6.6244206, 58.0501981 ], [ -6.6284868, 58.0473096 ], [ -6.6247505, 58.0485204 ], [ -6.621497, 58.0469008 ], [ -6.6172537, 58.0480917 ], [ -6.613555, 58.0510298 ], [ -6.6120851, 58.0501541 ], [ -6.5996551, 58.0518511 ], [ -6.5953749, 58.0512626 ], [ -6.5869301, 58.0532986 ], [ -6.596885, 58.0535959 ], [ -6.6050845, 58.0528593 ], [ -6.611039, 58.0551854 ], [ -6.6210839, 58.0543992 ], [ -6.6244689, 58.0557034 ], [ -6.6364771, 58.0576731 ], [ -6.6623443, 58.057446 ], [ -6.6668558, 58.058245 ], [ -6.6734299, 58.0580577 ], [ -6.6803017, 58.0568216 ], [ -6.6935518, 58.0586026 ], [ -6.6953704, 58.0574716 ], [ -6.691048, 58.0575489 ], [ -6.6915482, 58.0569792 ], [ -6.6899148, 58.0569423 ], [ -6.6893622, 58.054842 ], [ -6.6860712, 58.0552563 ], [ -6.6845128, 58.0544446 ], [ -6.6789445, 58.0553486 ], [ -6.6746879, 58.0547994 ], [ -6.6739824, 58.0535547 ], [ -6.6713271, 58.0540273 ], [ -6.6699189, 58.0525087 ], [ -6.6694951, 58.0497283 ], [ -6.6706646, 58.0498475 ], [ -6.6704768, 58.0491407 ], [ -6.671378, 58.0486623 ], [ -6.6699645, 58.0463812 ], [ -6.6712976, 58.0458716 ], [ -6.6721103, 58.0440773 ], [ -6.6752189, 58.0434186 ], [ -6.6786441, 58.0409327 ], [ -6.6898558, 58.0377723 ], [ -6.6920042, 58.0367485 ], [ -6.6944397, 58.0340904 ], [ -6.6985649, 58.0322188 ], [ -6.7005095, 58.0323281 ], [ -6.7000669, 58.0313703 ], [ -6.7007455, 58.0309819 ], [ -6.7016199, 58.03201 ], [ -6.7025453, 58.0305061 ], [ -6.7021671, 58.0291627 ], [ -6.7029449, 58.0291115 ], [ -6.7029879, 58.0280563 ], [ -6.7062736, 58.0248109 ], [ -6.7132607, 58.0208365 ], [ -6.7167878, 58.01768 ], [ -6.7234236, 58.0145842 ], [ -6.7241532, 58.0132828 ], [ -6.7388973, 58.0088651 ], [ -6.7514936, 58.0062519 ], [ -6.7535555, 58.0045209 ], [ -6.7568104, 58.0047277 ], [ -6.7607526, 58.003515 ], [ -6.7567447, 58.0030656 ], [ -6.7527401, 58.0007247 ], [ -6.7516243, 57.9990234 ], [ -6.7524907, 57.9972238 ], [ -6.7568976, 57.9959516 ], [ -6.7573965, 57.9950759 ], [ -6.756565, 57.9940723 ], [ -6.7572463, 57.9935833 ], [ -6.7563397, 57.9926251 ], [ -6.7447445, 57.9937468 ], [ -6.7393827, 57.9917181 ], [ -6.7360654, 57.9878235 ], [ -6.7342337, 57.983826 ], [ -6.7310411, 57.9815203 ], [ -6.7303008, 57.9795165 ], [ -6.7282757, 57.9778156 ], [ -6.7284796, 57.9766963 ], [ -6.7251349, 57.9716824 ], [ -6.7249766, 57.9709583 ], [ -6.7261849, 57.9702079 ], [ -6.7255613, 57.9686908 ], [ -6.7240298, 57.9673748 ], [ -6.7213288, 57.9615742 ], [ -6.7216668, 57.9600489 ], [ -6.7273852, 57.9581777 ], [ -6.7262909, 57.9566977 ], [ -6.7293379, 57.9554568 ], [ -6.7262024, 57.9555791 ], [ -6.7270446, 57.9544321 ], [ -6.7250866, 57.9543339 ], [ -6.7238581, 57.9530431 ], [ -6.7308292, 57.9526944 ], [ -6.7334309, 57.9548178 ], [ -6.74074, 57.95451 ], [ -6.7420806, 57.9539347 ], [ -6.7415913, 57.9536012 ], [ -6.7450638, 57.9528442 ], [ -6.7439287, 57.9527591 ], [ -6.7430346, 57.9516382 ], [ -6.7392383, 57.9521256 ], [ -6.7279111, 57.9501868 ], [ -6.7269706, 57.9508046 ], [ -6.7178076, 57.950938 ], [ -6.7142889, 57.9535517 ], [ -6.7109502, 57.9543739 ], [ -6.7076415, 57.9540382 ], [ -6.7060915, 57.95311 ], [ -6.7038889, 57.9508661 ], [ -6.7047626, 57.948949 ], [ -6.7021561, 57.9456741 ], [ -6.6989679, 57.943515 ], [ -6.697212, 57.9433269 ], [ -6.6964381, 57.9410883 ], [ -6.6938086, 57.9410464 ], [ -6.6922587, 57.9401291 ], [ -6.6923592, 57.9384268 ], [ -6.6895188, 57.9370619 ], [ -6.6900453, 57.9350946 ], [ -6.681381, 57.9310785 ], [ -6.6817607, 57.9301978 ], [ -6.6834877, 57.9302388 ], [ -6.6804049, 57.9268611 ], [ -6.6803968, 57.9256957 ], [ -6.6738695, 57.9222139 ], [ -6.6737207, 57.9209114 ], [ -6.6769184, 57.9217331 ], [ -6.6764733, 57.9198734 ], [ -6.6736725, 57.9172432 ], [ -6.6768801, 57.9186523 ], [ -6.676609, 57.9175399 ], [ -6.6787821, 57.9175398 ], [ -6.677964, 57.9167254 ], [ -6.6815307, 57.9183205 ], [ -6.6825715, 57.9166424 ], [ -6.6814446, 57.9163482 ], [ -6.6834935, 57.9160693 ], [ -6.6898018, 57.9169424 ], [ -6.6919748, 57.9182655 ], [ -6.695776, 57.9178493 ], [ -6.6986805, 57.918599 ], [ -6.7002449, 57.917421 ], [ -6.6992392, 57.9162049 ], [ -6.6996272, 57.9155262 ], [ -6.7014402, 57.9150255 ], [ -6.7137182, 57.9156441 ], [ -6.7113272, 57.9140728 ], [ -6.7057029, 57.9125073 ], [ -6.6987721, 57.9119237 ], [ -6.6927386, 57.9101513 ], [ -6.6950431, 57.9093019 ], [ -6.68213, 57.9054591 ], [ -6.6812007, 57.9050866 ], [ -6.6822233, 57.9048112 ], [ -6.6795876, 57.9033974 ], [ -6.6757277, 57.9026037 ], [ -6.670073, 57.8999158 ], [ -6.6709915, 57.8997695 ], [ -6.6696037, 57.8981251 ], [ -6.6706619, 57.8971686 ], [ -6.6708628, 57.8959199 ], [ -6.6701539, 57.8955997 ], [ -6.6723731, 57.895518 ], [ -6.6733249, 57.8945879 ], [ -6.6707651, 57.8928292 ], [ -6.6701361, 57.8906531 ], [ -6.6652574, 57.887941 ], [ -6.6640806, 57.885965 ], [ -6.6650452, 57.8845487 ], [ -6.6665876, 57.8843975 ], [ -6.6664402, 57.8829368 ], [ -6.6655163, 57.8823231 ], [ -6.6670436, 57.8821859 ], [ -6.6684133, 57.8805748 ], [ -6.6679805, 57.880168 ], [ -6.6688561, 57.8800189 ], [ -6.679849, 57.8806585 ], [ -6.6835948, 57.8818122 ], [ -6.6854087, 57.8813255 ], [ -6.690851, 57.8818816 ], [ -6.6902091, 57.8809482 ], [ -6.6917341, 57.8814405 ], [ -6.6913114, 57.8810226 ], [ -6.6924065, 57.880382 ], [ -6.6987081, 57.8810013 ], [ -6.6977847, 57.8815977 ], [ -6.7054963, 57.8845489 ], [ -6.7133101, 57.8831943 ], [ -6.7177113, 57.8859879 ], [ -6.7202563, 57.8863394 ], [ -6.7249974, 57.8841029 ], [ -6.7315975, 57.8845025 ], [ -6.7333658, 57.8855143 ], [ -6.7342471, 57.887782 ], [ -6.7361378, 57.8881341 ], [ -6.7377303, 57.8867313 ], [ -6.7412082, 57.8866465 ], [ -6.7416934, 57.8855923 ], [ -6.7463632, 57.8866452 ], [ -6.7472386, 57.8874409 ], [ -6.7466981, 57.8882088 ], [ -6.747406, 57.8892924 ], [ -6.7514915, 57.8888811 ], [ -6.7554633, 57.8899717 ], [ -6.7584086, 57.8934938 ], [ -6.7577713, 57.8960771 ], [ -6.7636795, 57.8943743 ], [ -6.7626142, 57.8927469 ], [ -6.7702376, 57.8950099 ], [ -6.7721569, 57.8964029 ], [ -6.7721653, 57.8978935 ], [ -6.7735558, 57.8989403 ], [ -6.7784934, 57.8986592 ], [ -6.7801773, 57.8965017 ], [ -6.7809596, 57.8973056 ], [ -6.7847122, 57.8978879 ], [ -6.7885428, 57.8956932 ], [ -6.7913478, 57.8960691 ], [ -6.7926422, 57.8970374 ], [ -6.7984553, 57.8968963 ], [ -6.7975262, 57.8965147 ], [ -6.8025768, 57.8976912 ], [ -6.8034595, 57.8972832 ], [ -6.7956607, 57.8942828 ], [ -6.793665, 57.8924516 ], [ -6.7930547, 57.8895066 ], [ -6.7898236, 57.8887143 ], [ -6.7909804, 57.8885794 ], [ -6.7903726, 57.887717 ], [ -6.7916485, 57.8879721 ], [ -6.793932, 57.886356 ], [ -6.7900628, 57.8852835 ], [ -6.7885722, 57.8856116 ], [ -6.7884282, 57.8848756 ], [ -6.7894712, 57.8848116 ], [ -6.787674, 57.8831213 ], [ -6.7876435, 57.8822605 ], [ -6.788697, 57.8817065 ], [ -6.7872282, 57.8809038 ], [ -6.7878818, 57.8801976 ], [ -6.7891584, 57.8803521 ], [ -6.789954, 57.8793993 ], [ -6.7910036, 57.8800281 ], [ -6.7937572, 57.8794861 ], [ -6.7946763, 57.8809813 ], [ -6.8011956, 57.8828681 ], [ -6.8014114, 57.8856851 ], [ -6.806065, 57.8840372 ], [ -6.8044938, 57.8832481 ], [ -6.8043267, 57.8820746 ], [ -6.8085186, 57.8830962 ], [ -6.8086265, 57.8817969 ], [ -6.8117943, 57.8824173 ], [ -6.8130273, 57.8820026 ], [ -6.8125107, 57.8811223 ], [ -6.8143427, 57.8806566 ], [ -6.8107716, 57.8794187 ], [ -6.8105317, 57.8778218 ], [ -6.809194, 57.8772691 ], [ -6.8096369, 57.8766096 ], [ -6.8083225, 57.8761103 ], [ -6.8102318, 57.8757054 ], [ -6.8083067, 57.874736 ], [ -6.8094143, 57.8748181 ], [ -6.805985, 57.8717978 ], [ -6.8043453, 57.8678223 ], [ -6.8024073, 57.8670618 ], [ -6.8025597, 57.8664924 ], [ -6.8003465, 57.8680085 ], [ -6.7985357, 57.8676637 ], [ -6.7989391, 57.8690911 ], [ -6.7983577, 57.8678644 ], [ -6.7962928, 57.8676113 ], [ -6.7952832, 57.8660773 ], [ -6.7957781, 57.8659085 ], [ -6.7932864, 57.8666518 ], [ -6.7924707, 57.8652406 ], [ -6.7890356, 57.8636958 ], [ -6.7903016, 57.8658355 ], [ -6.793849, 57.8675604 ], [ -6.7929215, 57.8690894 ], [ -6.7893706, 57.8688564 ], [ -6.7905825, 57.8706179 ], [ -6.7884374, 57.8697342 ], [ -6.7872223, 57.8705246 ], [ -6.7862729, 57.8698122 ], [ -6.7850897, 57.8705653 ], [ -6.7808149, 57.8700294 ], [ -6.7740428, 57.8675125 ], [ -6.772891, 57.8665231 ], [ -6.7735094, 57.8651019 ], [ -6.7703734, 57.8649597 ], [ -6.7693957, 57.8637632 ], [ -6.7699133, 57.8614382 ], [ -6.7676003, 57.8607681 ], [ -6.7653133, 57.861817 ], [ -6.7642806, 57.8614644 ], [ -6.7666519, 57.8591666 ], [ -6.7629411, 57.8573122 ], [ -6.7635933, 57.855022 ], [ -6.7654621, 57.8562973 ], [ -6.7679068, 57.8537992 ], [ -6.7692176, 57.8538176 ], [ -6.7676846, 57.8527021 ], [ -6.765935, 57.8527569 ], [ -6.7660943, 57.8519354 ], [ -6.762226, 57.8522002 ], [ -6.7616211, 57.8488098 ], [ -6.7603589, 57.8493688 ], [ -6.7574277, 57.8478709 ], [ -6.7581837, 57.8462353 ], [ -6.756269, 57.8463169 ], [ -6.7546628, 57.8433899 ], [ -6.7552712, 57.8427228 ], [ -6.756716, 57.8429919 ], [ -6.7565758, 57.8423206 ], [ -6.752847, 57.8418723 ], [ -6.7524314, 57.8405966 ], [ -6.7478395, 57.8438322 ], [ -6.7452331, 57.8446955 ], [ -6.7409399, 57.8418576 ], [ -6.7411523, 57.8400409 ], [ -6.7440218, 57.8408899 ], [ -6.745475, 57.8401869 ], [ -6.7447658, 57.8390268 ], [ -6.7402474, 57.8365922 ], [ -6.7402864, 57.8355522 ], [ -6.7383215, 57.8339861 ], [ -6.7411479, 57.8303882 ], [ -6.7387689, 57.8303526 ], [ -6.7392038, 57.8299287 ], [ -6.7363785, 57.827113 ], [ -6.7412048, 57.8263423 ], [ -6.7405669, 57.8246664 ], [ -6.7435704, 57.8235398 ], [ -6.7453954, 57.8239129 ], [ -6.7444477, 57.8228155 ], [ -6.7466022, 57.8234224 ], [ -6.7466911, 57.8240586 ], [ -6.7477518, 57.8228617 ], [ -6.7499548, 57.8230043 ], [ -6.7490166, 57.822469 ], [ -6.7494258, 57.8221178 ], [ -6.751073, 57.8221703 ], [ -6.7526798, 57.8237861 ], [ -6.751656, 57.8269852 ], [ -6.7529225, 57.8280929 ], [ -6.7530084, 57.8295801 ], [ -6.7551787, 57.8300098 ], [ -6.7563279, 57.8287003 ], [ -6.7602225, 57.8287494 ], [ -6.7582199, 57.8271843 ], [ -6.7587928, 57.8266681 ], [ -6.7576316, 57.8251804 ], [ -6.7585391, 57.8251518 ], [ -6.7578273, 57.8228585 ], [ -6.7591333, 57.8222301 ], [ -6.7613062, 57.8231755 ], [ -6.7603623, 57.8214364 ], [ -6.7632388, 57.8218653 ], [ -6.7642241, 57.8228986 ], [ -6.766146, 57.8226 ], [ -6.7674527, 57.8243247 ], [ -6.7685492, 57.8243674 ], [ -6.767913, 57.8250355 ], [ -6.7688957, 57.825054 ], [ -6.7673044, 57.826899 ], [ -6.7674556, 57.8279661 ], [ -6.7662709, 57.8280313 ], [ -6.7667564, 57.8288465 ], [ -6.7661587, 57.8296379 ], [ -6.7671525, 57.8305882 ], [ -6.7645748, 57.8314417 ], [ -6.7644498, 57.8323724 ], [ -6.765594, 57.8328058 ], [ -6.7654149, 57.8338719 ], [ -6.7662924, 57.8327243 ], [ -6.7692777, 57.8316821 ], [ -6.7679017, 57.8294816 ], [ -6.7693429, 57.8286486 ], [ -6.7702523, 57.8259595 ], [ -6.7716104, 57.8253379 ], [ -6.7727254, 57.8255045 ], [ -6.7744051, 57.8273451 ], [ -6.7750378, 57.8271915 ], [ -6.7748149, 57.826424 ], [ -6.7735748, 57.8254988 ], [ -6.777371, 57.8270492 ], [ -6.7866632, 57.8288617 ], [ -6.7878677, 57.832155 ], [ -6.7894386, 57.8317461 ], [ -6.78904, 57.83091 ], [ -6.7905844, 57.8308664 ], [ -6.7928705, 57.8331119 ], [ -6.7919897, 57.8336503 ], [ -6.7921775, 57.834252 ], [ -6.7947013, 57.8339583 ], [ -6.7956674, 57.8346388 ], [ -6.7954071, 57.8333951 ], [ -6.7976454, 57.8345539 ], [ -6.7987143, 57.8321671 ], [ -6.7997094, 57.8321922 ], [ -6.7995794, 57.8313348 ], [ -6.7949719, 57.8287832 ], [ -6.7947965, 57.8279322 ], [ -6.7911837, 57.8264784 ], [ -6.7916867, 57.8261828 ], [ -6.7892442, 57.8233428 ], [ -6.7894687, 57.8219012 ], [ -6.7907311, 57.8210944 ], [ -6.7924094, 57.8214423 ], [ -6.7942869, 57.8203796 ], [ -6.7973911, 57.8213205 ], [ -6.7931393, 57.8184739 ], [ -6.7899378, 57.8175608 ], [ -6.7886273, 57.8161185 ], [ -6.7890878, 57.8158684 ], [ -6.7858376, 57.8143031 ], [ -6.786186, 57.8130732 ], [ -6.7870617, 57.8131451 ], [ -6.7865928, 57.8111261 ], [ -6.7885845, 57.8099519 ], [ -6.7902189, 57.8099921 ], [ -6.7894152, 57.8089484 ], [ -6.7883229, 57.8089208 ], [ -6.7880505, 57.808241 ], [ -6.7889865, 57.8083922 ], [ -6.7880533, 57.8075106 ], [ -6.7885947, 57.8063486 ], [ -6.7875577, 57.8057033 ], [ -6.7913577, 57.8046637 ], [ -6.7977201, 57.8067836 ], [ -6.7967278, 57.8080167 ], [ -6.7972528, 57.8087337 ], [ -6.7989981, 57.8095798 ], [ -6.7997508, 57.8088456 ], [ -6.8005673, 57.8092579 ], [ -6.7991018, 57.8096501 ], [ -6.8024701, 57.8124709 ], [ -6.8027767, 57.8116421 ], [ -6.8034803, 57.8118743 ], [ -6.8040898, 57.8129467 ], [ -6.8024672, 57.8133493 ], [ -6.8032095, 57.8143567 ], [ -6.8056496, 57.8143025 ], [ -6.8049152, 57.8146547 ], [ -6.8068386, 57.8155806 ], [ -6.8100109, 57.8155551 ], [ -6.8078708, 57.8142495 ], [ -6.8080056, 57.8137267 ], [ -6.8108937, 57.814103 ], [ -6.8105101, 57.8130323 ], [ -6.8082309, 57.8116914 ], [ -6.8089059, 57.8110317 ], [ -6.8083674, 57.8108338 ], [ -6.8107945, 57.8106167 ], [ -6.8127939, 57.8094457 ], [ -6.8159591, 57.81172 ], [ -6.8172475, 57.8116218 ], [ -6.8189143, 57.8134604 ], [ -6.8200574, 57.8133662 ], [ -6.819753, 57.8122953 ], [ -6.8230647, 57.8127782 ], [ -6.8256655, 57.8145062 ], [ -6.8259417, 57.8155209 ], [ -6.8302412, 57.8169058 ], [ -6.8317011, 57.8188061 ], [ -6.8341695, 57.8191698 ], [ -6.833509, 57.8201725 ], [ -6.835539, 57.8213815 ], [ -6.8354748, 57.8225005 ], [ -6.836742, 57.8232283 ], [ -6.8378423, 57.8263269 ], [ -6.8416464, 57.8288991 ], [ -6.8435268, 57.8329777 ], [ -6.8444756, 57.8329015 ], [ -6.8439842, 57.8320085 ], [ -6.845443, 57.8322875 ], [ -6.8455406, 57.8314355 ], [ -6.8484469, 57.8307196 ], [ -6.8471856, 57.8288235 ], [ -6.8475405, 57.8281146 ], [ -6.8465969, 57.8276773 ], [ -6.8473507, 57.8271286 ], [ -6.8491684, 57.8279494 ], [ -6.8497467, 57.8287149 ], [ -6.8492643, 57.8286775 ], [ -6.8492132, 57.8289394 ], [ -6.8582786, 57.8329487 ], [ -6.8594082, 57.8343151 ], [ -6.8603007, 57.8340769 ], [ -6.8597156, 57.8328622 ], [ -6.8604467, 57.832235 ], [ -6.8627606, 57.8336822 ], [ -6.8630497, 57.8331637 ], [ -6.8620832, 57.8328767 ], [ -6.8632804, 57.8324662 ], [ -6.8613712, 57.8324476 ], [ -6.861801, 57.8309149 ], [ -6.8606415, 57.8298984 ], [ -6.8585224, 57.8303721 ], [ -6.8594536, 57.8330341 ], [ -6.8572702, 57.8322483 ], [ -6.8479932, 57.825684 ], [ -6.8484171, 57.8249286 ], [ -6.8472997, 57.8235448 ], [ -6.8452913, 57.8221682 ], [ -6.844124, 57.8222401 ], [ -6.8432844, 57.8207042 ], [ -6.8418394, 57.8204927 ], [ -6.8395896, 57.8184884 ], [ -6.8371948, 57.8179521 ], [ -6.8362461, 57.8165802 ], [ -6.8349824, 57.8165915 ], [ -6.8336427, 57.8148145 ], [ -6.8348244, 57.8146597 ], [ -6.8360278, 57.8163187 ], [ -6.8367137, 57.8148064 ], [ -6.8405098, 57.8162814 ], [ -6.8387247, 57.8151304 ], [ -6.8387924, 57.8141714 ], [ -6.84052, 57.8149149 ], [ -6.8417638, 57.8130292 ], [ -6.8410524, 57.8103491 ], [ -6.839726, 57.809562 ], [ -6.841088, 57.8097373 ], [ -6.8431102, 57.8068953 ], [ -6.8464578, 57.8073958 ], [ -6.8440277, 57.8049942 ], [ -6.8463929, 57.8036585 ], [ -6.8462211, 57.8027627 ], [ -6.8503312, 57.8050376 ], [ -6.8499685, 57.8082809 ], [ -6.8519978, 57.8096381 ], [ -6.8514685, 57.8106842 ], [ -6.8519932, 57.8110107 ], [ -6.8511508, 57.8113303 ], [ -6.8531155, 57.8121643 ], [ -6.8524857, 57.8128108 ], [ -6.8528504, 57.8136923 ], [ -6.8540907, 57.8140498 ], [ -6.8556937, 57.812963 ], [ -6.8588335, 57.8129012 ], [ -6.8608467, 57.8140303 ], [ -6.8606738, 57.8129796 ], [ -6.8558071, 57.8103053 ], [ -6.8577992, 57.8104019 ], [ -6.8558893, 57.808342 ], [ -6.8576724, 57.8072925 ], [ -6.8589291, 57.8077878 ], [ -6.8590352, 57.8087287 ], [ -6.8580269, 57.8087922 ], [ -6.8595596, 57.8114381 ], [ -6.8616422, 57.8121996 ], [ -6.8613715, 57.812783 ], [ -6.863166, 57.8128995 ], [ -6.8631599, 57.8112026 ], [ -6.8639444, 57.8098071 ], [ -6.8648078, 57.809964 ], [ -6.8631646, 57.8089512 ], [ -6.8632217, 57.8080064 ], [ -6.8611969, 57.8077335 ], [ -6.8593853, 57.8062557 ], [ -6.8596224, 57.804321 ], [ -6.8614586, 57.8053253 ], [ -6.8629584, 57.8049075 ], [ -6.8610676, 57.8028348 ], [ -6.8563958, 57.8000745 ], [ -6.8559617, 57.7989754 ], [ -6.8567055, 57.79792 ], [ -6.8588181, 57.7987735 ], [ -6.8579048, 57.7978849 ], [ -6.8605629, 57.7975582 ], [ -6.8639669, 57.7992199 ], [ -6.866616, 57.7989621 ], [ -6.8680521, 57.7997604 ], [ -6.8707729, 57.7988583 ], [ -6.8704246, 57.7981817 ], [ -6.871294, 57.7976001 ], [ -6.8697771, 57.7968621 ], [ -6.8662943, 57.7973403 ], [ -6.865738, 57.7984369 ], [ -6.8634518, 57.7984256 ], [ -6.8627039, 57.7979963 ], [ -6.8637302, 57.7973609 ], [ -6.8576865, 57.7958741 ], [ -6.8599738, 57.7949562 ], [ -6.8580346, 57.7935398 ], [ -6.8604839, 57.793545 ], [ -6.8625024, 57.7946548 ], [ -6.8614641, 57.7949594 ], [ -6.8627794, 57.7950786 ], [ -6.8630879, 57.7944542 ], [ -6.8683858, 57.7935219 ], [ -6.8639237, 57.7930611 ], [ -6.8650976, 57.793021 ], [ -6.865807, 57.7919806 ], [ -6.8603725, 57.7933246 ], [ -6.8578091, 57.7909201 ], [ -6.8552723, 57.7906785 ], [ -6.8556151, 57.7903014 ], [ -6.8578137, 57.7889806 ], [ -6.8583648, 57.7895414 ], [ -6.8576333, 57.7905156 ], [ -6.8594657, 57.7892545 ], [ -6.8646964, 57.7898767 ], [ -6.8678894, 57.7914943 ], [ -6.8690608, 57.7929053 ], [ -6.8682939, 57.7933829 ], [ -6.8702515, 57.7935247 ], [ -6.8693713, 57.7949628 ], [ -6.8707562, 57.7953257 ], [ -6.8699894, 57.7960733 ], [ -6.8708392, 57.7963241 ], [ -6.8703765, 57.7965564 ], [ -6.874, 57.7956069 ], [ -6.8773086, 57.7966437 ], [ -6.8789912, 57.7980508 ], [ -6.8803117, 57.7977332 ], [ -6.882077, 57.7998021 ], [ -6.8836355, 57.8005269 ], [ -6.8831032, 57.7999325 ], [ -6.8839996, 57.7998082 ], [ -6.8823159, 57.7992202 ], [ -6.8820678, 57.7979394 ], [ -6.8777216, 57.7962731 ], [ -6.8815181, 57.7965436 ], [ -6.8832817, 57.7955665 ], [ -6.8800212, 57.7947523 ], [ -6.8782854, 57.7920856 ], [ -6.8823285, 57.7922222 ], [ -6.8846171, 57.7942693 ], [ -6.8853682, 57.7937789 ], [ -6.8840687, 57.7915062 ], [ -6.8847248, 57.7909097 ], [ -6.8842016, 57.7894726 ], [ -6.8825953, 57.7891529 ], [ -6.882591, 57.7878935 ], [ -6.8810434, 57.7860543 ], [ -6.8842095, 57.7857717 ], [ -6.8830332, 57.7851826 ], [ -6.8831272, 57.785753 ], [ -6.8823656, 57.7856816 ], [ -6.882538, 57.7846584 ], [ -6.8805597, 57.7843686 ], [ -6.8779372, 57.7823363 ], [ -6.8797072, 57.7813765 ], [ -6.8758317, 57.7804023 ], [ -6.8749365, 57.7790739 ], [ -6.8755629, 57.778537 ], [ -6.8732135, 57.7779123 ], [ -6.872429, 57.774533 ], [ -6.8748644, 57.773553 ], [ -6.8788162, 57.773956 ], [ -6.8834005, 57.7727294 ], [ -6.8878177, 57.7734353 ], [ -6.8911926, 57.7750054 ], [ -6.8914414, 57.7758725 ], [ -6.8929046, 57.7751425 ], [ -6.8917237, 57.7742684 ], [ -6.8936649, 57.7733645 ], [ -6.8969279, 57.7737099 ], [ -6.8974422, 57.7750167 ], [ -6.8988, 57.7755758 ], [ -6.8984452, 57.7759786 ], [ -6.9005555, 57.7771196 ], [ -6.8982834, 57.7770353 ], [ -6.8970155, 57.7780061 ], [ -6.8934354, 57.7778918 ], [ -6.890822, 57.7768172 ], [ -6.8878738, 57.7773893 ], [ -6.8896904, 57.7786495 ], [ -6.8918593, 57.7780441 ], [ -6.9026095, 57.7788814 ], [ -6.9025169, 57.779946 ], [ -6.9012064, 57.7801709 ], [ -6.9016682, 57.7806494 ], [ -6.9052803, 57.7801154 ], [ -6.9082926, 57.7815391 ], [ -6.9099172, 57.781196 ], [ -6.9112058, 57.781728 ], [ -6.9102999, 57.7825096 ], [ -6.9117283, 57.7836906 ], [ -6.9136116, 57.7808802 ], [ -6.9156545, 57.7807723 ], [ -6.9159566, 57.7814695 ], [ -6.9153249, 57.7814746 ], [ -6.9167064, 57.7822913 ], [ -6.9211898, 57.781428 ], [ -6.9222675, 57.7824833 ], [ -6.9219343, 57.7813844 ], [ -6.9238721, 57.7816665 ], [ -6.9211416, 57.7808216 ], [ -6.9193164, 57.7813011 ], [ -6.9189212, 57.780308 ], [ -6.9182197, 57.7806863 ], [ -6.916743, 57.7798548 ], [ -6.9159238, 57.7800453 ], [ -6.9162928, 57.7805804 ], [ -6.9147269, 57.7805759 ], [ -6.9152415, 57.7802565 ], [ -6.9129922, 57.7791061 ], [ -6.9112651, 57.7794245 ], [ -6.9064154, 57.7773979 ], [ -6.9070769, 57.7774173 ], [ -6.9064183, 57.777136 ], [ -6.9071668, 57.77688 ], [ -6.9069066, 57.7748733 ], [ -6.9078695, 57.7745967 ], [ -6.9137163, 57.7758037 ], [ -6.9177375, 57.7756146 ], [ -6.9181903, 57.7769965 ], [ -6.9201867, 57.7781701 ], [ -6.9208309, 57.7770063 ], [ -6.9204055, 57.7762103 ], [ -6.921497, 57.7760813 ], [ -6.9189447, 57.7738813 ], [ -6.9060733, 57.7716616 ], [ -6.9063131, 57.7706117 ], [ -6.9080332, 57.7709418 ], [ -6.9096397, 57.7700647 ], [ -6.9055449, 57.7686998 ], [ -6.9057875, 57.7677443 ], [ -6.908558, 57.7682231 ], [ -6.9077963, 57.7676431 ], [ -6.9097982, 57.7675714 ], [ -6.9080127, 57.7665187 ], [ -6.9081784, 57.7674027 ], [ -6.9053325, 57.7664248 ], [ -6.9007523, 57.7676685 ], [ -6.8993115, 57.7668495 ], [ -6.9002063, 57.7653329 ], [ -6.8995239, 57.7643016 ], [ -6.90054, 57.7636494 ], [ -6.9030815, 57.7644857 ], [ -6.9043162, 57.7639926 ], [ -6.903762, 57.7632641 ], [ -6.9054332, 57.7625923 ], [ -6.9071067, 57.7631485 ], [ -6.907259, 57.7620719 ], [ -6.9100507, 57.7615267 ], [ -6.9099265, 57.7607766 ], [ -6.9139002, 57.7613279 ], [ -6.9143003, 57.7605131 ], [ -6.9150744, 57.7608975 ], [ -6.9164368, 57.7599322 ], [ -6.9238785, 57.7599763 ], [ -6.9225576, 57.7588365 ], [ -6.9248513, 57.7592554 ], [ -6.9249574, 57.7579966 ], [ -6.9269343, 57.758841 ], [ -6.9287945, 57.7578449 ], [ -6.9307952, 57.7591784 ], [ -6.9299113, 57.7623925 ], [ -6.930789, 57.7634068 ], [ -6.9306561, 57.7618862 ], [ -6.9323403, 57.7605427 ], [ -6.932459, 57.7592151 ], [ -6.9313021, 57.7588313 ], [ -6.9314493, 57.7577605 ], [ -6.9327339, 57.7577078 ], [ -6.9334719, 57.7588141 ], [ -6.9375476, 57.7584941 ], [ -6.9350127, 57.7564496 ], [ -6.9351434, 57.7556923 ], [ -6.9387464, 57.7561707 ], [ -6.9414915, 57.7546784 ], [ -6.9400867, 57.7540635 ], [ -6.9414868, 57.7529237 ], [ -6.9378655, 57.750924 ], [ -6.9399302, 57.7507566 ], [ -6.9376144, 57.7496803 ], [ -6.938789, 57.7496551 ], [ -6.9382279, 57.749185 ], [ -6.9386658, 57.7483338 ], [ -6.9402514, 57.7487321 ], [ -6.9418642, 57.7474589 ], [ -6.9401574, 57.7462817 ], [ -6.9400003, 57.7444678 ], [ -6.9435512, 57.7421934 ], [ -6.9415274, 57.7401263 ], [ -6.9446106, 57.738781 ], [ -6.9469733, 57.7403543 ], [ -6.9497391, 57.7395848 ], [ -6.9508159, 57.7403734 ], [ -6.9533486, 57.7395393 ], [ -6.9528211, 57.7387831 ], [ -6.9541964, 57.7387615 ], [ -6.9525211, 57.737586 ], [ -6.9545506, 57.7373996 ], [ -6.9548775, 57.7367384 ], [ -6.9557261, 57.7380498 ], [ -6.9582042, 57.7388247 ], [ -6.9597642, 57.7387191 ], [ -6.9596341, 57.7378235 ], [ -6.9612082, 57.7375387 ], [ -6.9607148, 57.7379228 ], [ -6.962135, 57.7382106 ], [ -6.9615094, 57.7376096 ], [ -6.9637845, 57.7374784 ], [ -6.9662798, 57.7399915 ], [ -6.9666048, 57.7408237 ], [ -6.965858, 57.7409704 ], [ -6.9665382, 57.7415263 ], [ -6.9725295, 57.7428895 ], [ -6.9727697, 57.7415172 ], [ -6.9718365, 57.7399654 ], [ -6.9754506, 57.7429379 ], [ -6.978891, 57.7436561 ], [ -6.9740993, 57.740155 ], [ -6.9716568, 57.7362181 ], [ -6.9724338, 57.7360452 ], [ -6.9683866, 57.7335166 ], [ -6.9690264, 57.7333744 ], [ -6.9675335, 57.7325924 ], [ -6.9668462, 57.7313365 ], [ -6.9673401, 57.730799 ], [ -6.9655725, 57.7303729 ], [ -6.9657762, 57.7295741 ], [ -6.9679208, 57.7294997 ], [ -6.9655367, 57.7277536 ], [ -6.9671419, 57.727686 ], [ -6.9734041, 57.7295725 ], [ -6.9747473, 57.7290868 ], [ -6.9764757, 57.7321266 ], [ -6.9754861, 57.7329301 ], [ -6.9777398, 57.7339031 ], [ -6.975164, 57.734096 ], [ -6.9762955, 57.7347929 ], [ -6.975576, 57.7355397 ], [ -6.9800818, 57.7355683 ], [ -6.9829376, 57.7388405 ], [ -6.9864839, 57.7412835 ], [ -6.9838313, 57.7416727 ], [ -6.9901355, 57.7436214 ], [ -6.9892866, 57.7441138 ], [ -6.99322, 57.744742 ], [ -6.9948104, 57.7470314 ], [ -7.0003071, 57.7506868 ], [ -7.0019878, 57.7531305 ], [ -7.0043043, 57.7534896 ], [ -7.0079694, 57.755698 ], [ -7.0091556, 57.7551821 ], [ -7.0070057, 57.7534098 ], [ -7.0096665, 57.7524769 ], [ -7.0139439, 57.7549166 ], [ -7.0119101, 57.7556933 ], [ -7.0127106, 57.7561797 ], [ -7.0124904, 57.7568966 ], [ -7.0115938, 57.7557302 ], [ -7.0095919, 57.7555286 ], [ -7.0120914, 57.7586459 ], [ -7.0121975, 57.7592038 ], [ -7.011219, 57.7591701 ], [ -7.0159166, 57.7624423 ], [ -7.0182787, 57.7625288 ], [ -7.0197403, 57.7634659 ], [ -7.0188035, 57.7638741 ], [ -7.0229678, 57.7659299 ], [ -7.0240971, 57.7647103 ], [ -7.0244836, 57.7650719 ], [ -7.0229893, 57.7669653 ], [ -7.0239043, 57.7662095 ], [ -7.0251816, 57.767104 ], [ -7.0269787, 57.7666099 ], [ -7.0245019, 57.7679684 ], [ -7.0259711, 57.7691155 ], [ -7.0275108, 57.7679827 ], [ -7.030815, 57.7683174 ], [ -7.0407929, 57.773802 ], [ -7.0450693, 57.7746232 ], [ -7.0448436, 57.775568 ], [ -7.0492565, 57.7785497 ], [ -7.0513754, 57.7792095 ], [ -7.0544168, 57.778061 ], [ -7.0553491, 57.7798093 ], [ -7.0593023, 57.7824874 ], [ -7.0591319, 57.7830794 ], [ -7.0629468, 57.7844953 ], [ -7.0669635, 57.7872053 ], [ -7.0671522, 57.7888264 ], [ -7.0723286, 57.7908362 ], [ -7.0728707, 57.7924407 ], [ -7.0754675, 57.7941818 ], [ -7.0764076, 57.796053 ], [ -7.0749669, 57.7999409 ], [ -7.0775724, 57.8016387 ], [ -7.0823826, 57.8015578 ], [ -7.0837361, 57.8034472 ], [ -7.0829909, 57.8038653 ], [ -7.083752, 57.8044653 ], [ -7.0836589, 57.8068861 ], [ -7.087556, 57.8083779 ], [ -7.0924267, 57.808254 ], [ -7.0934274, 57.8075966 ], [ -7.0961873, 57.8087541 ], [ -7.0972933, 57.8083497 ], [ -7.0993095, 57.8097247 ], [ -7.1013939, 57.8097223 ], [ -7.1008703, 57.809616 ], [ -7.1022544, 57.808787 ], [ -7.102118, 57.8079416 ], [ -7.1032811, 57.8081218 ], [ -7.1049781, 57.8092 ], [ -7.1042822, 57.809735 ], [ -7.1063363, 57.8103164 ], [ -7.1065945, 57.8111703 ], [ -7.1145478, 57.8133028 ], [ -7.1145809, 57.8140046 ], [ -7.117384, 57.8148612 ], [ -7.1177028, 57.8155573 ], [ -7.1171016, 57.8156713 ], [ -7.1203236, 57.8167478 ], [ -7.1210596, 57.8174267 ], [ -7.120378, 57.817919 ], [ -7.1232136, 57.8192664 ], [ -7.1257149, 57.8221871 ], [ -7.1251556, 57.8224776 ], [ -7.1264166, 57.8249561 ], [ -7.1282356, 57.8246238 ], [ -7.1281097, 57.8252675 ], [ -7.1268498, 57.8250538 ], [ -7.127395, 57.8254769 ], [ -7.126794, 57.8269274 ], [ -7.1256651, 57.8273528 ], [ -7.1261672, 57.8294076 ], [ -7.1249786, 57.8296982 ], [ -7.1246442, 57.8309049 ], [ -7.1257196, 57.831218 ], [ -7.1270474, 57.8336648 ], [ -7.1294071, 57.8333861 ], [ -7.1328458, 57.8357175 ], [ -7.1335484, 57.8363817 ], [ -7.1313745, 57.836027 ], [ -7.1335499, 57.8372346 ] ] ], [ [ [ -6.4446546, 58.0955017 ], [ -6.4441301, 58.0957899 ], [ -6.4439883, 58.0956059 ], [ -6.4446546, 58.0955017 ] ] ], [ [ [ -6.8185345, 58.2015216 ], [ -6.818382, 58.2030845 ], [ -6.8174816, 58.2023386 ], [ -6.8185345, 58.2015216 ] ] ], [ [ [ -6.9091477, 58.2103019 ], [ -6.9078225, 58.2106408 ], [ -6.907113, 58.209701 ], [ -6.907437, 58.2091479 ], [ -6.9091477, 58.2103019 ] ] ], [ [ [ -6.2333012, 58.5035296 ], [ -6.2315821, 58.5038794 ], [ -6.2307417, 58.5036294 ], [ -6.2316706, 58.5030419 ], [ -6.2333012, 58.5035296 ] ] ] ] } }
]
}
