{
"type": "FeatureCollection",
"name": "shetland",
"crs": { "type": "name", "properties": { "name": "urn:ogc:def:crs:OGC:1.3:CRS84" } },
"features": [
{ "type": "Feature", "properties": { }, "geometry": { "type": "Polygon", "coordinates": [ [ [ -1.7041359, 60.2542015 ], [ -1.697211, 60.2549739 ], [ -1.6954595, 60.2536262 ], [ -1.6879914, 60.2547004 ], [ -1.6864264, 60.2538998 ], [ -1.6870913, 60.25256 ], [ -1.6858994, 60.2514173 ], [ -1.6864508, 60.2509023 ], [ -1.6900591, 60.2498803 ], [ -1.693554, 60.2504638 ], [ -1.6939432, 60.2496711 ], [ -1.6921025, 60.2491037 ], [ -1.6955001, 60.2487054 ], [ -1.6967148, 60.2476932 ], [ -1.6951611, 60.2473725 ], [ -1.697062, 60.2474244 ], [ -1.6980948, 60.2466247 ], [ -1.6905524, 60.2473658 ], [ -1.6926091, 60.2451679 ], [ -1.6901201, 60.2436232 ], [ -1.6923087, 60.2413004 ], [ -1.6890165, 60.2407502 ], [ -1.6908827, 60.2400792 ], [ -1.6899001, 60.238954 ], [ -1.6916011, 60.2358093 ], [ -1.6898143, 60.233775 ], [ -1.6845536, 60.2362116 ], [ -1.678769, 60.2356253 ], [ -1.6793857, 60.2346687 ], [ -1.6773259, 60.2331731 ], [ -1.6758448, 60.2337357 ], [ -1.6745525, 60.2325171 ], [ -1.6716884, 60.2324004 ], [ -1.655997, 60.2265323 ], [ -1.6519576, 60.2279984 ], [ -1.6476982, 60.2280203 ], [ -1.6440866, 60.2296995 ], [ -1.6371667, 60.2293463 ], [ -1.6378777, 60.2286623 ], [ -1.6372267, 60.227739 ], [ -1.6393941, 60.2272036 ], [ -1.6399693, 60.2267059 ], [ -1.6392033, 60.2263889 ], [ -1.6395611, 60.2259279 ], [ -1.6409101, 60.2258919 ], [ -1.6398201, 60.225264 ], [ -1.6401162, 60.2248032 ], [ -1.6469211, 60.2247535 ], [ -1.6509759, 60.2223925 ], [ -1.6516246, 60.2204866 ], [ -1.6509738, 60.2193221 ], [ -1.6501018, 60.2192692 ], [ -1.6488641, 60.216953 ], [ -1.6358631, 60.212746 ], [ -1.6303647, 60.2134569 ], [ -1.6260099, 60.2124127 ], [ -1.6239544, 60.2109611 ], [ -1.6251257, 60.2098107 ], [ -1.6233896, 60.2092573 ], [ -1.6262552, 60.2081246 ], [ -1.6234293, 60.2062108 ], [ -1.6171958, 60.2068531 ], [ -1.6170263, 60.2074907 ], [ -1.6117985, 60.2088332 ], [ -1.6136717, 60.2091457 ], [ -1.6134223, 60.2098217 ], [ -1.6083036, 60.2092857 ], [ -1.6065151, 60.2108314 ], [ -1.6041867, 60.2108912 ], [ -1.6045099, 60.2113083 ], [ -1.603128, 60.2115083 ], [ -1.5992535, 60.2099238 ], [ -1.5979114, 60.2102953 ], [ -1.5985363, 60.211469 ], [ -1.5974995, 60.2120644 ], [ -1.5992601, 60.2133983 ], [ -1.5963687, 60.2141275 ], [ -1.5991032, 60.214336 ], [ -1.6079863, 60.2186223 ], [ -1.6106392, 60.2182105 ], [ -1.6121275, 60.220098 ], [ -1.6044873, 60.2184845 ], [ -1.6037942, 60.2186817 ], [ -1.6046255, 60.2197241 ], [ -1.602602, 60.2207791 ], [ -1.5937135, 60.2191897 ], [ -1.5881334, 60.2189936 ], [ -1.5874296, 60.2196021 ], [ -1.5887279, 60.2202669 ], [ -1.5878409, 60.2214081 ], [ -1.5900448, 60.2213642 ], [ -1.5938576, 60.2230427 ], [ -1.593492, 60.2234858 ], [ -1.5875605, 60.2217101 ], [ -1.5850998, 60.2218236 ], [ -1.5795697, 60.2195616 ], [ -1.5751173, 60.2191434 ], [ -1.5732697, 60.2195094 ], [ -1.5745024, 60.2201925 ], [ -1.5719657, 60.2217665 ], [ -1.5719445, 60.2227941 ], [ -1.5701863, 60.2235579 ], [ -1.5694897, 60.2232556 ], [ -1.5681977, 60.2233096 ], [ -1.5696814, 60.2243543 ], [ -1.5692859, 60.2260988 ], [ -1.5669472, 60.2267996 ], [ -1.566528, 60.2282582 ], [ -1.563793, 60.2289004 ], [ -1.5647901, 60.2275784 ], [ -1.5617265, 60.227184 ], [ -1.5624686, 60.2262711 ], [ -1.5632719, 60.2264455 ], [ -1.5617679, 60.2253452 ], [ -1.5616755, 60.2236866 ], [ -1.5641342, 60.2233469 ], [ -1.5628894, 60.2218994 ], [ -1.5571648, 60.2207059 ], [ -1.5522255, 60.2225225 ], [ -1.5509258, 60.2207944 ], [ -1.5524324, 60.220115 ], [ -1.5536032, 60.2208128 ], [ -1.5579872, 60.2202257 ], [ -1.5580736, 60.2184907 ], [ -1.5548128, 60.2178579 ], [ -1.554502, 60.2160869 ], [ -1.5585583, 60.2150138 ], [ -1.5573013, 60.2130258 ], [ -1.5586249, 60.2119456 ], [ -1.558366, 60.2113232 ], [ -1.5595947, 60.2109844 ], [ -1.5591784, 60.2100755 ], [ -1.5598454, 60.2087471 ], [ -1.558856, 60.2071152 ], [ -1.5598021, 60.2061477 ], [ -1.562601, 60.2058105 ], [ -1.5616385, 60.2045589 ], [ -1.5642897, 60.2036791 ], [ -1.5614444, 60.2023921 ], [ -1.5606376, 60.2003437 ], [ -1.5571915, 60.1989125 ], [ -1.5561723, 60.1994394 ], [ -1.5553032, 60.2025425 ], [ -1.5525496, 60.2021563 ], [ -1.5510052, 60.2002999 ], [ -1.5497349, 60.2011093 ], [ -1.5531081, 60.203082 ], [ -1.5505935, 60.2072696 ], [ -1.5478953, 60.2093688 ], [ -1.5461622, 60.2096646 ], [ -1.546419, 60.2107217 ], [ -1.5442598, 60.2098861 ], [ -1.5404245, 60.210251 ], [ -1.5412977, 60.2117847 ], [ -1.5408653, 60.2126039 ], [ -1.5375234, 60.2156386 ], [ -1.5328134, 60.2172851 ], [ -1.5273868, 60.2165582 ], [ -1.5218325, 60.2186563 ], [ -1.5208701, 60.2199645 ], [ -1.522418, 60.2239785 ], [ -1.5211547, 60.2244067 ], [ -1.520971, 60.2253119 ], [ -1.5175399, 60.2262123 ], [ -1.5181492, 60.2272565 ], [ -1.5199777, 60.2276626 ], [ -1.5171574, 60.2276461 ], [ -1.5148686, 60.2291312 ], [ -1.5162534, 60.2301721 ], [ -1.5204458, 60.2289666 ], [ -1.5216004, 60.2304348 ], [ -1.5301499, 60.2337723 ], [ -1.5310635, 60.2356724 ], [ -1.5292459, 60.2381883 ], [ -1.5278803, 60.2387134 ], [ -1.5291511, 60.240971 ], [ -1.5277333, 60.2414896 ], [ -1.5307296, 60.2442352 ], [ -1.5327636, 60.2448628 ], [ -1.5341052, 60.2466669 ], [ -1.5304988, 60.2468077 ], [ -1.5313499, 60.2458317 ], [ -1.5300901, 60.2456861 ], [ -1.5305469, 60.2451921 ], [ -1.5251417, 60.2428794 ], [ -1.5140501, 60.2414403 ], [ -1.511408, 60.2419162 ], [ -1.5212783, 60.2385673 ], [ -1.5219519, 60.2367214 ], [ -1.5188688, 60.2362415 ], [ -1.5157365, 60.232542 ], [ -1.5108335, 60.2317792 ], [ -1.4974221, 60.2321607 ], [ -1.4938287, 60.2315349 ], [ -1.492865, 60.2306974 ], [ -1.4944951, 60.2310014 ], [ -1.5005676, 60.2291376 ], [ -1.5055493, 60.2286695 ], [ -1.5057375, 60.2258314 ], [ -1.5072149, 60.2240125 ], [ -1.5063636, 60.2233622 ], [ -1.5069533, 60.2216205 ], [ -1.5052608, 60.2187165 ], [ -1.5067225, 60.2152198 ], [ -1.5034912, 60.2149045 ], [ -1.4985674, 60.2162708 ], [ -1.491243, 60.2165892 ], [ -1.477025, 60.2190874 ], [ -1.4732002, 60.2210622 ], [ -1.4704365, 60.2205757 ], [ -1.4721853, 60.218141 ], [ -1.4748664, 60.2168311 ], [ -1.4984006, 60.2130517 ], [ -1.5042969, 60.2086303 ], [ -1.502472, 60.207038 ], [ -1.4992476, 60.2063981 ], [ -1.4914038, 60.2075889 ], [ -1.4886974, 60.2071635 ], [ -1.4845867, 60.2086156 ], [ -1.481273, 60.207606 ], [ -1.4840341, 60.2063767 ], [ -1.4842487, 60.2041963 ], [ -1.4946342, 60.2045269 ], [ -1.5076556, 60.2072921 ], [ -1.5063628, 60.2081903 ], [ -1.5067989, 60.2084411 ], [ -1.5085954, 60.2076292 ], [ -1.5157712, 60.2088906 ], [ -1.5305472, 60.2075754 ], [ -1.5299678, 60.205878 ], [ -1.5322708, 60.2058402 ], [ -1.5321153, 60.2049374 ], [ -1.5341306, 60.2039911 ], [ -1.5414903, 60.2047795 ], [ -1.5420761, 60.2040331 ], [ -1.5436219, 60.2041782 ], [ -1.5421338, 60.2036312 ], [ -1.5393126, 60.2006882 ], [ -1.5405205, 60.1983253 ], [ -1.5414799, 60.1990864 ], [ -1.5458105, 60.1984223 ], [ -1.5480049, 60.1972553 ], [ -1.5473019, 60.1959846 ], [ -1.5457928, 60.1956188 ], [ -1.5470765, 60.1954569 ], [ -1.5439724, 60.1935139 ], [ -1.5454565, 60.1926036 ], [ -1.5446406, 60.1919532 ], [ -1.5451706, 60.191582 ], [ -1.5488559, 60.1912605 ], [ -1.5476194, 60.1912349 ], [ -1.5482283, 60.1906985 ], [ -1.5473512, 60.1904986 ], [ -1.5459001, 60.1908245 ], [ -1.5458411, 60.1897889 ], [ -1.5477026, 60.1895231 ], [ -1.5438295, 60.18726 ], [ -1.5458803, 60.1880283 ], [ -1.547091, 60.1865093 ], [ -1.5455783, 60.185064 ], [ -1.542998, 60.1844811 ], [ -1.542718, 60.1832273 ], [ -1.5403523, 60.1828192 ], [ -1.5403523, 60.1815805 ], [ -1.5415727, 60.1814394 ], [ -1.5405786, 60.1808699 ], [ -1.5372382, 60.1802627 ], [ -1.5368654, 60.1807986 ], [ -1.5322852, 60.1783151 ], [ -1.5318775, 60.178915 ], [ -1.533379, 60.1798242 ], [ -1.5316201, 60.1794187 ], [ -1.5337202, 60.1815205 ], [ -1.5305606, 60.1812215 ], [ -1.5294695, 60.1825697 ], [ -1.5277925, 60.1821077 ], [ -1.5285382, 60.1811983 ], [ -1.5274492, 60.179582 ], [ -1.5260537, 60.1796155 ], [ -1.5258726, 60.1811864 ], [ -1.5247169, 60.180826 ], [ -1.5240608, 60.1815111 ], [ -1.5224694, 60.1808634 ], [ -1.5236359, 60.1802538 ], [ -1.5217938, 60.1799074 ], [ -1.5230045, 60.1794532 ], [ -1.5218965, 60.1793761 ], [ -1.5180044, 60.179714 ], [ -1.5181484, 60.1812779 ], [ -1.5143979, 60.1815876 ], [ -1.5118315, 60.1828575 ], [ -1.5121791, 60.1815183 ], [ -1.5135245, 60.1808743 ], [ -1.5112004, 60.1800146 ], [ -1.5104536, 60.1786147 ], [ -1.513801, 60.1776703 ], [ -1.5138786, 60.1759774 ], [ -1.5131959, 60.1742724 ], [ -1.5118351, 60.1738196 ], [ -1.5100369, 60.174801 ], [ -1.5097169, 60.1742906 ], [ -1.5103983, 60.1738468 ], [ -1.5096318, 60.1729149 ], [ -1.5099386, 60.1711314 ], [ -1.5087181, 60.1709545 ], [ -1.5093847, 60.1702871 ], [ -1.5085024, 60.1697927 ], [ -1.5097177, 60.1696222 ], [ -1.509973, 60.1682442 ], [ -1.510932, 60.167895 ], [ -1.5100335, 60.1673897 ], [ -1.5124234, 60.1666408 ], [ -1.5097379, 60.1656862 ], [ -1.5103292, 60.1646702 ], [ -1.5067246, 60.1626927 ], [ -1.5037237, 60.1652805 ], [ -1.5035778, 60.1641431 ], [ -1.5044994, 60.1630771 ], [ -1.5040305, 60.1627712 ], [ -1.4996278, 60.1623556 ], [ -1.4995432, 60.1633421 ], [ -1.4977263, 60.1627632 ], [ -1.497115, 60.1633919 ], [ -1.496456, 60.1628615 ], [ -1.4962226, 60.1651337 ], [ -1.495101, 60.1647686 ], [ -1.4966567, 60.1655687 ], [ -1.4961989, 60.1665798 ], [ -1.4947684, 60.1672937 ], [ -1.4933978, 60.166917 ], [ -1.4934509, 60.1660504 ], [ -1.4925475, 60.166846 ], [ -1.493148, 60.1674898 ], [ -1.4915969, 60.1662717 ], [ -1.4920202, 60.1656912 ], [ -1.4907891, 60.166023 ], [ -1.4912461, 60.1667042 ], [ -1.4891749, 60.1666901 ], [ -1.4896654, 60.1657911 ], [ -1.4875076, 60.1646659 ], [ -1.4880173, 60.1626522 ], [ -1.4899143, 60.1630422 ], [ -1.4911351, 60.1611914 ], [ -1.4906627, 60.1599378 ], [ -1.4896001, 60.1606074 ], [ -1.4895367, 60.1599524 ], [ -1.4881325, 60.1600603 ], [ -1.4893053, 60.1592186 ], [ -1.4860605, 60.1589168 ], [ -1.4877066, 60.1621783 ], [ -1.4869379, 60.1623468 ], [ -1.4815952, 60.1606539 ], [ -1.478669, 60.1619158 ], [ -1.4788427, 60.1609928 ], [ -1.4778533, 60.1603236 ], [ -1.4764728, 60.1604152 ], [ -1.47563, 60.1623589 ], [ -1.4743189, 60.159709 ], [ -1.4712247, 60.1607019 ], [ -1.4694204, 60.1599948 ], [ -1.4704719, 60.1592111 ], [ -1.471096, 60.1561715 ], [ -1.4683022, 60.156761 ], [ -1.4649569, 60.1545185 ], [ -1.4653453, 60.1527928 ], [ -1.4620408, 60.1517889 ], [ -1.463927, 60.1508042 ], [ -1.4638365, 60.1478146 ], [ -1.4610408, 60.148742 ], [ -1.4636153, 60.1474224 ], [ -1.4628991, 60.1461528 ], [ -1.4587958, 60.1475101 ], [ -1.4588516, 60.148118 ], [ -1.4581309, 60.1482217 ], [ -1.457455, 60.1470626 ], [ -1.4551382, 60.1482129 ], [ -1.4547941, 60.1501727 ], [ -1.4538187, 60.1504681 ], [ -1.4536471, 60.1514541 ], [ -1.4543579, 60.1518476 ], [ -1.4521274, 60.1528835 ], [ -1.4528333, 60.1531185 ], [ -1.4526565, 60.1548365 ], [ -1.451224, 60.1572094 ], [ -1.4519539, 60.1603749 ], [ -1.4500141, 60.1603973 ], [ -1.4492153, 60.1615856 ], [ -1.4512752, 60.1677347 ], [ -1.4505905, 60.1711317 ], [ -1.453254, 60.1763219 ], [ -1.4500418, 60.1770529 ], [ -1.4482329, 60.1764596 ], [ -1.4471553, 60.1750778 ], [ -1.4454387, 60.1750778 ], [ -1.4441634, 60.1781372 ], [ -1.441714, 60.1785026 ], [ -1.4413106, 60.1798845 ], [ -1.4393751, 60.1804756 ], [ -1.4398493, 60.1829499 ], [ -1.4387071, 60.1848039 ], [ -1.4369985, 60.1847644 ], [ -1.4363986, 60.1852585 ], [ -1.4381539, 60.1849663 ], [ -1.4385042, 60.185575 ], [ -1.4368647, 60.1860181 ], [ -1.4387446, 60.1865163 ], [ -1.4392194, 60.1879424 ], [ -1.4381867, 60.1885696 ], [ -1.4355394, 60.188232 ], [ -1.4333948, 60.1854092 ], [ -1.4308242, 60.1839977 ], [ -1.4324007, 60.1832549 ], [ -1.4327237, 60.1819228 ], [ -1.4385404, 60.1793182 ], [ -1.4358453, 60.178079 ], [ -1.4370335, 60.1762051 ], [ -1.4385726, 60.1754303 ], [ -1.4377153, 60.1740409 ], [ -1.4394518, 60.1737028 ], [ -1.4389234, 60.1721433 ], [ -1.4338492, 60.1727482 ], [ -1.433625, 60.1708756 ], [ -1.4350637, 60.1695523 ], [ -1.4336212, 60.1687635 ], [ -1.4303983, 60.1688815 ], [ -1.4305259, 60.1679902 ], [ -1.4287643, 60.1679627 ], [ -1.4279076, 60.1668944 ], [ -1.4256518, 60.1675549 ], [ -1.4248659, 60.1687168 ], [ -1.4231928, 60.1685997 ], [ -1.4230844, 60.1668853 ], [ -1.4216977, 60.1658867 ], [ -1.4220995, 60.1646022 ], [ -1.4208378, 60.16454 ], [ -1.4192859, 60.1658931 ], [ -1.4179603, 60.1654559 ], [ -1.4138447, 60.1699744 ], [ -1.4142739, 60.1711688 ], [ -1.4129864, 60.1715306 ], [ -1.4111411, 60.1752862 ], [ -1.4085232, 60.1754794 ], [ -1.4078795, 60.1773341 ], [ -1.4048229, 60.1789503 ], [ -1.4013752, 60.1790567 ], [ -1.4024507, 60.1798412 ], [ -1.4012239, 60.1803065 ], [ -1.402801, 60.1812297 ], [ -1.4024679, 60.181951 ], [ -1.4005968, 60.1819518 ], [ -1.4021095, 60.1822631 ], [ -1.4016584, 60.1828942 ], [ -1.4023815, 60.1831788 ], [ -1.4013086, 60.1849317 ], [ -1.4049033, 60.1840422 ], [ -1.4064118, 60.1844034 ], [ -1.4078902, 60.1861904 ], [ -1.405414, 60.1873721 ], [ -1.4061887, 60.1894102 ], [ -1.404898, 60.190767 ], [ -1.4053915, 60.191694 ], [ -1.404148, 60.1924204 ], [ -1.4062412, 60.1932513 ], [ -1.4064488, 60.1942318 ], [ -1.4014218, 60.2001947 ], [ -1.4025022, 60.2010222 ], [ -1.4017019, 60.2021579 ], [ -1.4026111, 60.2050854 ], [ -1.4024947, 60.2115513 ], [ -1.400306, 60.2121082 ], [ -1.3984837, 60.2173209 ], [ -1.3946906, 60.2171253 ], [ -1.395168, 60.2173515 ], [ -1.3944116, 60.2170297 ], [ -1.3942442, 60.2164702 ], [ -1.3945964, 60.2147784 ], [ -1.3947753, 60.2164572 ], [ -1.3955971, 60.2143728 ], [ -1.3945865, 60.2137654 ], [ -1.3943633, 60.2104949 ], [ -1.395382, 60.2099351 ], [ -1.3948436, 60.2087427 ], [ -1.3964321, 60.2056643 ], [ -1.3962637, 60.2046754 ], [ -1.3940498, 60.2033458 ], [ -1.3940042, 60.2026623 ], [ -1.3950492, 60.2023957 ], [ -1.3943829, 60.2018876 ], [ -1.394928, 60.2015261 ], [ -1.3944258, 60.1998652 ], [ -1.3929496, 60.2000476 ], [ -1.3933905, 60.2008292 ], [ -1.3923992, 60.2014227 ], [ -1.3903403, 60.2018774 ], [ -1.3836959, 60.202335 ], [ -1.3820149, 60.2034952 ], [ -1.3790534, 60.2031267 ], [ -1.376233, 60.2067246 ], [ -1.3758711, 60.2088603 ], [ -1.3682342, 60.2095717 ], [ -1.3673065, 60.2054905 ], [ -1.3684271, 60.2017781 ], [ -1.3674732, 60.2008257 ], [ -1.3676952, 60.1989448 ], [ -1.3670976, 60.1989668 ], [ -1.3688322, 60.1962166 ], [ -1.3684961, 60.1941138 ], [ -1.3710984, 60.1928211 ], [ -1.3707535, 60.1919375 ], [ -1.3733056, 60.1909888 ], [ -1.3735113, 60.1899481 ], [ -1.372097, 60.1897855 ], [ -1.3720761, 60.1903896 ], [ -1.369491, 60.1913095 ], [ -1.3672822, 60.1898366 ], [ -1.3673972, 60.1906714 ], [ -1.3641588, 60.1911575 ], [ -1.3647786, 60.1914987 ], [ -1.3646308, 60.1929371 ], [ -1.3615294, 60.1928109 ], [ -1.3605635, 60.1935728 ], [ -1.3602366, 60.1949885 ], [ -1.360824, 60.1953614 ], [ -1.3601974, 60.1959419 ], [ -1.3629754, 60.1966836 ], [ -1.363489, 60.1981456 ], [ -1.3609913, 60.2020725 ], [ -1.361668, 60.2047125 ], [ -1.3601963, 60.2067451 ], [ -1.3605926, 60.2087379 ], [ -1.3600568, 60.2092124 ], [ -1.3607567, 60.2138516 ], [ -1.3667989, 60.2157214 ], [ -1.3703318, 60.2192638 ], [ -1.3732077, 60.2209415 ], [ -1.3764735, 60.2278298 ], [ -1.3762299, 60.2316337 ], [ -1.3769563, 60.2322894 ], [ -1.3758337, 60.234322 ], [ -1.3762332, 60.2364972 ], [ -1.3778055, 60.2369749 ], [ -1.3878899, 60.2348122 ], [ -1.3992996, 60.2416538 ], [ -1.4061677, 60.2425775 ], [ -1.4086171, 60.2460987 ], [ -1.40944, 60.2490949 ], [ -1.4106336, 60.2491309 ], [ -1.4152378, 60.2521449 ], [ -1.4247221, 60.2523408 ], [ -1.4292413, 60.2540439 ], [ -1.4328827, 60.2537302 ], [ -1.435108, 60.2550099 ], [ -1.4223715, 60.2552274 ], [ -1.4177658, 60.2566757 ], [ -1.4145373, 60.2550006 ], [ -1.4110692, 60.255164 ], [ -1.4080574, 60.2528596 ], [ -1.4035123, 60.2511523 ], [ -1.4036207, 60.2491458 ], [ -1.4014953, 60.2457918 ], [ -1.3940029, 60.2441266 ], [ -1.3903411, 60.2441112 ], [ -1.3856821, 60.2452674 ], [ -1.3834269, 60.2472668 ], [ -1.3834371, 60.2489133 ], [ -1.3784621, 60.2494446 ], [ -1.3749393, 60.248589 ], [ -1.3696441, 60.2458112 ], [ -1.3598841, 60.2461803 ], [ -1.3560888, 60.2450404 ], [ -1.3549619, 60.2424184 ], [ -1.3518021, 60.2388224 ], [ -1.3523117, 60.237614 ], [ -1.3559993, 60.2364093 ], [ -1.3601741, 60.2387745 ], [ -1.3672685, 60.2398286 ], [ -1.3686579, 60.2385061 ], [ -1.3690471, 60.2346756 ], [ -1.3641862, 60.2332748 ], [ -1.363725, 60.2327003 ], [ -1.3644803, 60.2324345 ], [ -1.3633238, 60.2309705 ], [ -1.360081, 60.2285082 ], [ -1.3636478, 60.2235495 ], [ -1.3619988, 60.2174893 ], [ -1.3592028, 60.216356 ], [ -1.3519195, 60.2169838 ], [ -1.348137, 60.216288 ], [ -1.3497589, 60.2087216 ], [ -1.3486924, 60.2022095 ], [ -1.3475549, 60.2006195 ], [ -1.3416774, 60.2038582 ], [ -1.3378546, 60.2083777 ], [ -1.3344122, 60.2098509 ], [ -1.3278096, 60.2152623 ], [ -1.3220692, 60.2182068 ], [ -1.3162866, 60.2234565 ], [ -1.3132904, 60.2264012 ], [ -1.315318, 60.2282385 ], [ -1.3138296, 60.231379 ], [ -1.3086042, 60.2329313 ], [ -1.3088072, 60.2336274 ], [ -1.3048833, 60.2355381 ], [ -1.3020101, 60.240983 ], [ -1.2987393, 60.2444167 ], [ -1.2954591, 60.2463459 ], [ -1.2960544, 60.2483735 ], [ -1.2948595, 60.2522624 ], [ -1.2927632, 60.2538367 ], [ -1.2923044, 60.2537719 ], [ -1.2917854, 60.2528072 ], [ -1.2932578, 60.2501399 ], [ -1.2932371, 60.2465765 ], [ -1.2942961, 60.2444888 ], [ -1.2942607, 60.2401485 ], [ -1.2952874, 60.2389096 ], [ -1.2978861, 60.2378714 ], [ -1.2991677, 60.2358196 ], [ -1.3016572, 60.2351022 ], [ -1.3018924, 60.2342612 ], [ -1.3012125, 60.2340112 ], [ -1.3041161, 60.2335819 ], [ -1.3040984, 60.2320945 ], [ -1.3068266, 60.2295459 ], [ -1.3062832, 60.2271679 ], [ -1.3031973, 60.2275847 ], [ -1.3026274, 60.2270245 ], [ -1.3027276, 60.2250603 ], [ -1.3018723, 60.2244042 ], [ -1.3032533, 60.2217533 ], [ -1.3022519, 60.2218278 ], [ -1.3025724, 60.2202655 ], [ -1.3010147, 60.2178652 ], [ -1.302714, 60.2170123 ], [ -1.3051038, 60.2175047 ], [ -1.3064845, 60.2165024 ], [ -1.307051, 60.2122991 ], [ -1.3097417, 60.209177 ], [ -1.3109277, 60.2057028 ], [ -1.3108569, 60.2012167 ], [ -1.3132713, 60.1976947 ], [ -1.3167248, 60.1965084 ], [ -1.3163713, 60.194693 ], [ -1.3152499, 60.1936443 ], [ -1.3153552, 60.1915156 ], [ -1.3172829, 60.1893572 ], [ -1.317553, 60.187879 ], [ -1.3196345, 60.1869158 ], [ -1.320602, 60.1826017 ], [ -1.3216241, 60.18245 ], [ -1.3237954, 60.1797703 ], [ -1.3235592, 60.1788574 ], [ -1.3257852, 60.1748031 ], [ -1.3248259, 60.1723181 ], [ -1.3256194, 60.1725084 ], [ -1.3260859, 60.171395 ], [ -1.3253524, 60.1686738 ], [ -1.3263385, 60.1668411 ], [ -1.3296217, 60.1656945 ], [ -1.3283729, 60.1641718 ], [ -1.3228298, 60.1687405 ], [ -1.3194002, 60.1703527 ], [ -1.3193276, 60.1719299 ], [ -1.3211339, 60.1732029 ], [ -1.3206149, 60.1746697 ], [ -1.3179171, 60.1776091 ], [ -1.3180019, 60.1789032 ], [ -1.3162502, 60.1820262 ], [ -1.3136549, 60.1850763 ], [ -1.3083431, 60.1941484 ], [ -1.308699, 60.1963753 ], [ -1.3068588, 60.2005027 ], [ -1.3001107, 60.2060265 ], [ -1.2982499, 60.2110874 ], [ -1.2967908, 60.2112105 ], [ -1.2961587, 60.2104922 ], [ -1.2962773, 60.2065148 ], [ -1.294739, 60.2061725 ], [ -1.2891998, 60.2104662 ], [ -1.2902182, 60.212854 ], [ -1.2882317, 60.2150356 ], [ -1.2875167, 60.2175062 ], [ -1.2845198, 60.2176046 ], [ -1.2830166, 60.216105 ], [ -1.2811832, 60.2162321 ], [ -1.2751884, 60.2290079 ], [ -1.2718187, 60.2328898 ], [ -1.2707092, 60.2357659 ], [ -1.2671583, 60.2377443 ], [ -1.2664829, 60.2366309 ], [ -1.2681803, 60.2353877 ], [ -1.2674183, 60.2341301 ], [ -1.2654172, 60.2333541 ], [ -1.2679774, 60.2316725 ], [ -1.2693106, 60.2296765 ], [ -1.2692121, 60.2256596 ], [ -1.2709475, 60.2243388 ], [ -1.2704371, 60.2235809 ], [ -1.2711905, 60.2223512 ], [ -1.2734797, 60.2213323 ], [ -1.2795021, 60.2140937 ], [ -1.2815825, 60.2137191 ], [ -1.2815308, 60.2107203 ], [ -1.2860245, 60.2085026 ], [ -1.2869628, 60.2069231 ], [ -1.2901545, 60.2058205 ], [ -1.291675, 60.2034991 ], [ -1.2944306, 60.2034222 ], [ -1.2950451, 60.2059937 ], [ -1.2964658, 60.2057885 ], [ -1.3028242, 60.2007014 ], [ -1.3045515, 60.1948975 ], [ -1.3058312, 60.1941279 ], [ -1.3048726, 60.1929227 ], [ -1.3083828, 60.1890508 ], [ -1.3112799, 60.1838654 ], [ -1.3125309, 60.1779193 ], [ -1.3134088, 60.1778975 ], [ -1.3144199, 60.1764503 ], [ -1.3157009, 60.1724933 ], [ -1.317385, 60.1729007 ], [ -1.3182239, 60.1717558 ], [ -1.3171917, 60.1701894 ], [ -1.3180056, 60.1675605 ], [ -1.3161477, 60.1665335 ], [ -1.3168623, 60.1631959 ], [ -1.3180891, 60.162251 ], [ -1.3187417, 60.1601555 ], [ -1.3163436, 60.1588252 ], [ -1.3156322, 60.1597421 ], [ -1.3165995, 60.1608896 ], [ -1.3149611, 60.1634665 ], [ -1.3121814, 60.1639375 ], [ -1.3127743, 60.1640089 ], [ -1.3110449, 60.1655224 ], [ -1.3074891, 60.1735416 ], [ -1.3064722, 60.1738023 ], [ -1.3059893, 60.175675 ], [ -1.3037023, 60.1766178 ], [ -1.3021016, 60.1821295 ], [ -1.2977975, 60.1845058 ], [ -1.2957938, 60.1846168 ], [ -1.2951166, 60.1863963 ], [ -1.2970555, 60.1867249 ], [ -1.2968956, 60.1881488 ], [ -1.2978837, 60.1896515 ], [ -1.2970603, 60.1934669 ], [ -1.295191, 60.1935486 ], [ -1.2948777, 60.1920806 ], [ -1.2936188, 60.1922075 ], [ -1.2944204, 60.1944718 ], [ -1.292157, 60.1961451 ], [ -1.2925251, 60.1940443 ], [ -1.2915987, 60.1952188 ], [ -1.2881208, 60.1966751 ], [ -1.2834241, 60.1955194 ], [ -1.283666, 60.1944133 ], [ -1.2856879, 60.1928028 ], [ -1.2866355, 60.1902269 ], [ -1.2883409, 60.1896426 ], [ -1.2882991, 60.1874725 ], [ -1.2904182, 60.1866982 ], [ -1.2864124, 60.1861253 ], [ -1.2861571, 60.1835834 ], [ -1.2870053, 60.1815103 ], [ -1.2894724, 60.1788993 ], [ -1.2912784, 60.1746433 ], [ -1.2957422, 60.1694592 ], [ -1.2951972, 60.1688085 ], [ -1.297109, 60.1636433 ], [ -1.2966237, 60.1633933 ], [ -1.2979282, 60.1617701 ], [ -1.2974907, 60.1587699 ], [ -1.2967968, 60.1587192 ], [ -1.3000389, 60.1561911 ], [ -1.298893, 60.154851 ], [ -1.3023914, 60.1490195 ], [ -1.3013433, 60.1480853 ], [ -1.2978214, 60.1489208 ], [ -1.2950856, 60.1484164 ], [ -1.2910745, 60.1495798 ], [ -1.2902308, 60.149125 ], [ -1.2906497, 60.1470247 ], [ -1.2927871, 60.1445775 ], [ -1.2992308, 60.1413371 ], [ -1.2990724, 60.1400711 ], [ -1.2999452, 60.1393034 ], [ -1.3027745, 60.1384647 ], [ -1.3041319, 60.1364207 ], [ -1.3037294, 60.1351883 ], [ -1.3055593, 60.1337832 ], [ -1.3056457, 60.1326604 ], [ -1.3020653, 60.1345661 ], [ -1.297587, 60.1315874 ], [ -1.2910502, 60.132674 ], [ -1.2873478, 60.1321276 ], [ -1.2860054, 60.1326245 ], [ -1.2854488, 60.1342301 ], [ -1.284521, 60.1342145 ], [ -1.2835881, 60.1351933 ], [ -1.2854721, 60.1344351 ], [ -1.2845048, 60.1361852 ], [ -1.2788336, 60.1374292 ], [ -1.275255, 60.13646 ], [ -1.276256, 60.1356599 ], [ -1.2752991, 60.1345643 ], [ -1.2768012, 60.1350479 ], [ -1.2761153, 60.1345383 ], [ -1.2765702, 60.1334922 ], [ -1.2707392, 60.1339688 ], [ -1.2724565, 60.1342731 ], [ -1.2709157, 60.1355394 ], [ -1.272274, 60.1360798 ], [ -1.2701596, 60.1374044 ], [ -1.2674923, 60.1421239 ], [ -1.2668653, 60.137363 ], [ -1.2673397, 60.1361133 ], [ -1.2692097, 60.1363371 ], [ -1.2671159, 60.1353912 ], [ -1.2684118, 60.1339367 ], [ -1.2694384, 60.1305808 ], [ -1.2715198, 60.1291766 ], [ -1.2714515, 60.126941 ], [ -1.2703586, 60.1255418 ], [ -1.2716864, 60.1241304 ], [ -1.2711331, 60.1235287 ], [ -1.2718444, 60.1206651 ], [ -1.2756021, 60.1121892 ], [ -1.2748, 60.1102935 ], [ -1.2766566, 60.1078063 ], [ -1.2761614, 60.1055278 ], [ -1.2771518, 60.1045504 ], [ -1.2780127, 60.101362 ], [ -1.277034, 60.1006287 ], [ -1.2769704, 60.0993645 ], [ -1.2754068, 60.0995462 ], [ -1.2723884, 60.0978763 ], [ -1.2744419, 60.0972347 ], [ -1.2797387, 60.0977226 ], [ -1.2817435, 60.0966874 ], [ -1.2804171, 60.0947578 ], [ -1.2807918, 60.0932832 ], [ -1.2883438, 60.0849164 ], [ -1.2916745, 60.0762348 ], [ -1.2941946, 60.0728007 ], [ -1.2946897, 60.069397 ], [ -1.2980322, 60.066671 ], [ -1.3001339, 60.0618595 ], [ -1.3030322, 60.060592 ], [ -1.3062802, 60.0505817 ], [ -1.3066687, 60.0481807 ], [ -1.305677, 60.0476438 ], [ -1.3067854, 60.047459 ], [ -1.3070193, 60.0445605 ], [ -1.3084587, 60.0417827 ], [ -1.3078363, 60.0397623 ], [ -1.306175, 60.0392074 ], [ -1.30716, 60.0380542 ], [ -1.3064781, 60.0374248 ], [ -1.310415, 60.0328602 ], [ -1.3086187, 60.0321308 ], [ -1.309787, 60.0322643 ], [ -1.3116342, 60.0295409 ], [ -1.3148744, 60.0281958 ], [ -1.314252, 60.027263 ], [ -1.3182589, 60.0248918 ], [ -1.3184534, 60.0230647 ], [ -1.3169008, 60.0216792 ], [ -1.3213321, 60.0190215 ], [ -1.3199316, 60.0180495 ], [ -1.3211256, 60.0173605 ], [ -1.3198927, 60.0161443 ], [ -1.3220324, 60.0162026 ], [ -1.3224737, 60.0147548 ], [ -1.3204763, 60.013364 ], [ -1.3185312, 60.0132863 ], [ -1.3177751, 60.0121683 ], [ -1.3216684, 60.0106331 ], [ -1.3206319, 60.0095141 ], [ -1.3209431, 60.0084251 ], [ -1.3239386, 60.0076667 ], [ -1.3234717, 60.0065582 ], [ -1.3253001, 60.0057998 ], [ -1.3303033, 60.0055611 ], [ -1.3313299, 60.0061693 ], [ -1.330902, 60.0083668 ], [ -1.3320744, 60.0085634 ], [ -1.331452, 60.0088466 ], [ -1.3319913, 60.0093585 ], [ -1.333426, 60.0084833 ], [ -1.3330027, 60.0076473 ], [ -1.3338588, 60.0066674 ], [ -1.3359982, 60.0058581 ], [ -1.3362316, 60.0043217 ], [ -1.3352979, 60.0037383 ], [ -1.337197, 60.0020415 ], [ -1.3388922, 60.0029449 ], [ -1.3400051, 60.0016766 ], [ -1.3418028, 60.0027695 ], [ -1.3442268, 59.9999899 ], [ -1.3439185, 59.9994216 ], [ -1.3470015, 59.9991597 ], [ -1.3464314, 59.9948996 ], [ -1.3438928, 59.9937095 ], [ -1.3452444, 59.9931336 ], [ -1.3432257, 59.9912567 ], [ -1.3439709, 59.9909825 ], [ -1.3436887, 59.9903688 ], [ -1.3408977, 59.9901774 ], [ -1.3450814, 59.9899804 ], [ -1.3458874, 59.9892435 ], [ -1.3425036, 59.9888163 ], [ -1.3407761, 59.9901509 ], [ -1.3397037, 59.9898609 ], [ -1.3406102, 59.9888667 ], [ -1.3394797, 59.9886627 ], [ -1.3404143, 59.988462 ], [ -1.3394784, 59.9873995 ], [ -1.337887, 59.9871459 ], [ -1.3381439, 59.9845549 ], [ -1.3369894, 59.9829879 ], [ -1.3347675, 59.9827497 ], [ -1.3380651, 59.98228 ], [ -1.3372812, 59.981893 ], [ -1.3377269, 59.9813628 ], [ -1.3356814, 59.98081 ], [ -1.3361443, 59.9800998 ], [ -1.3349338, 59.9799818 ], [ -1.3345003, 59.9786743 ], [ -1.3288574, 59.9773892 ], [ -1.3288157, 59.9764963 ], [ -1.3313553, 59.9744234 ], [ -1.3304735, 59.9717601 ], [ -1.3353054, 59.9703968 ], [ -1.3404617, 59.9710806 ], [ -1.340446, 59.9732692 ], [ -1.3396691, 59.9739728 ], [ -1.3448546, 59.9748328 ], [ -1.3502823, 59.9792383 ], [ -1.3554731, 59.980987 ], [ -1.3572438, 59.9806033 ], [ -1.3545089, 59.9789626 ], [ -1.3558748, 59.9789309 ], [ -1.3551882, 59.9783321 ], [ -1.3559618, 59.9775554 ], [ -1.353027, 59.9768709 ], [ -1.3537136, 59.9761358 ], [ -1.3528771, 59.9755744 ], [ -1.3554102, 59.9749964 ], [ -1.3505311, 59.9741025 ], [ -1.3534051, 59.9739133 ], [ -1.3528258, 59.9732932 ], [ -1.3548561, 59.9736552 ], [ -1.3539356, 59.9731755 ], [ -1.3547593, 59.9729571 ], [ -1.3536127, 59.9721554 ], [ -1.3540392, 59.9715331 ], [ -1.3574899, 59.9731175 ], [ -1.3570968, 59.9725609 ], [ -1.3577468, 59.9721395 ], [ -1.3588974, 59.9731647 ], [ -1.3588372, 59.9720976 ], [ -1.3579165, 59.9720718 ], [ -1.3589838, 59.9711822 ], [ -1.3568634, 59.9707433 ], [ -1.3581063, 59.9704912 ], [ -1.3571763, 59.9696717 ], [ -1.3597934, 59.9702892 ], [ -1.3613287, 59.9694194 ], [ -1.3603645, 59.9686106 ], [ -1.3560384, 59.9680732 ], [ -1.3526926, 59.9690267 ], [ -1.3520522, 59.968798 ], [ -1.3527161, 59.9680974 ], [ -1.3494619, 59.9687011 ], [ -1.3478215, 59.9677166 ], [ -1.3459439, 59.9681762 ], [ -1.3459847, 59.9674101 ], [ -1.3426807, 59.9668631 ], [ -1.3437631, 59.9682289 ], [ -1.3434264, 59.9689731 ], [ -1.3411413, 59.969635 ], [ -1.3351574, 59.96979 ], [ -1.33148, 59.9688539 ], [ -1.3315178, 59.9660874 ], [ -1.3297213, 59.9653878 ], [ -1.3325426, 59.9647905 ], [ -1.3343744, 59.961386 ], [ -1.3345991, 59.9583956 ], [ -1.3383741, 59.953955 ], [ -1.3360883, 59.952555 ], [ -1.333396, 59.9540522 ], [ -1.3308546, 59.9535097 ], [ -1.3296678, 59.9525702 ], [ -1.3304902, 59.9514991 ], [ -1.3298841, 59.9502417 ], [ -1.3286427, 59.9492019 ], [ -1.3297666, 59.9491489 ], [ -1.3288722, 59.948978 ], [ -1.330285, 59.9479959 ], [ -1.3297358, 59.9475521 ], [ -1.3307052, 59.9476042 ], [ -1.3301424, 59.9463901 ], [ -1.3309852, 59.9458864 ], [ -1.3365646, 59.9454384 ], [ -1.340875, 59.9461927 ], [ -1.340305, 59.9485606 ], [ -1.3415035, 59.9500149 ], [ -1.3427745, 59.9500297 ], [ -1.343097, 59.9496023 ], [ -1.3414009, 59.9491617 ], [ -1.3437592, 59.9490969 ], [ -1.3432581, 59.9487358 ], [ -1.3446057, 59.9478552 ], [ -1.3425115, 59.9475597 ], [ -1.3443185, 59.9468198 ], [ -1.3426012, 59.9466318 ], [ -1.3470678, 59.9443681 ], [ -1.3442513, 59.9433664 ], [ -1.345231, 59.9427428 ], [ -1.3471698, 59.9427735 ], [ -1.3483331, 59.9439593 ], [ -1.3525365, 59.9441059 ], [ -1.3535555, 59.9434173 ], [ -1.3548405, 59.9442334 ], [ -1.3631412, 59.9447603 ], [ -1.364831, 59.9418578 ], [ -1.3630398, 59.9406991 ], [ -1.3645909, 59.9403924 ], [ -1.3636317, 59.939687 ], [ -1.3654716, 59.9384554 ], [ -1.3657879, 59.9348097 ], [ -1.3677987, 59.9334555 ], [ -1.3727767, 59.9337419 ], [ -1.3718364, 59.9319961 ], [ -1.3681859, 59.9328551 ], [ -1.3635398, 59.930943 ], [ -1.3649595, 59.929585 ], [ -1.3673378, 59.9291416 ], [ -1.3688496, 59.9257972 ], [ -1.3749424, 59.9260572 ], [ -1.3663238, 59.9231547 ], [ -1.3654505, 59.921601 ], [ -1.3636136, 59.9209094 ], [ -1.3640929, 59.9200962 ], [ -1.3686837, 59.918553 ], [ -1.3685546, 59.9171853 ], [ -1.3722856, 59.9176467 ], [ -1.3745097, 59.9160208 ], [ -1.3788239, 59.9156234 ], [ -1.3804088, 59.9171999 ], [ -1.382411, 59.9137838 ], [ -1.3843363, 59.914536 ], [ -1.3863056, 59.9142195 ], [ -1.3899358, 59.915669 ], [ -1.3920133, 59.9153005 ], [ -1.3914018, 59.9139667 ], [ -1.3918309, 59.9128103 ], [ -1.3895993, 59.9103415 ], [ -1.3901465, 59.9101532 ], [ -1.3896101, 59.9091473 ], [ -1.390801, 59.9091258 ], [ -1.3888483, 59.907738 ], [ -1.3899105, 59.9065708 ], [ -1.3898676, 59.905145 ], [ -1.3877388, 59.9048791 ], [ -1.3856404, 59.9025142 ], [ -1.3852005, 59.8988124 ], [ -1.3837414, 59.8964017 ], [ -1.3789778, 59.8945344 ], [ -1.3789778, 59.8937271 ], [ -1.3808553, 59.8932105 ], [ -1.3799804, 59.8928868 ], [ -1.3824754, 59.8928661 ], [ -1.3824266, 59.8920257 ], [ -1.3847441, 59.8922321 ], [ -1.3842882, 59.8894402 ], [ -1.3836552, 59.8898492 ], [ -1.3841539, 59.8907569 ], [ -1.3834754, 59.8897349 ], [ -1.3826332, 59.8907279 ], [ -1.3822282, 59.8906539 ], [ -1.3829901, 59.8896555 ], [ -1.3811177, 59.8896495 ], [ -1.3816651, 59.8887055 ], [ -1.3804203, 59.888861 ], [ -1.3805225, 59.8881538 ], [ -1.3789722, 59.8874676 ], [ -1.3797768, 59.8887486 ], [ -1.3777112, 59.8878464 ], [ -1.3775452, 59.8888993 ], [ -1.3754102, 59.888571 ], [ -1.3742997, 59.8905221 ], [ -1.3724733, 59.8916498 ], [ -1.371451, 59.8917943 ], [ -1.3703354, 59.8903848 ], [ -1.3699918, 59.8910623 ], [ -1.3689619, 59.8906021 ], [ -1.3671597, 59.8913617 ], [ -1.366575, 59.8904144 ], [ -1.3621708, 59.8926937 ], [ -1.3585874, 59.8928955 ], [ -1.3579756, 59.8923997 ], [ -1.3595047, 59.8915339 ], [ -1.3586088, 59.8902476 ], [ -1.3575038, 59.8903606 ], [ -1.3582923, 59.8899408 ], [ -1.3570261, 59.8894826 ], [ -1.3577932, 59.8893857 ], [ -1.3569134, 59.8891247 ], [ -1.3575842, 59.8883772 ], [ -1.3567849, 59.8871796 ], [ -1.354478, 59.8870686 ], [ -1.3546982, 59.8853709 ], [ -1.3525075, 59.8862693 ], [ -1.3520696, 59.8845097 ], [ -1.3501357, 59.8834199 ], [ -1.348926, 59.884219 ], [ -1.3489046, 59.8853144 ], [ -1.347703, 59.8848972 ], [ -1.3482394, 59.8861488 ], [ -1.3469198, 59.8856966 ], [ -1.345852, 59.8884842 ], [ -1.3464209, 59.8894618 ], [ -1.344656, 59.8899731 ], [ -1.3456001, 59.8902826 ], [ -1.3448062, 59.890366 ], [ -1.3460775, 59.8917034 ], [ -1.3469144, 59.8946795 ], [ -1.3447096, 59.8958285 ], [ -1.3443287, 59.8970419 ], [ -1.3417809, 59.898129 ], [ -1.3348715, 59.8989846 ], [ -1.3254731, 59.8985434 ], [ -1.3187676, 59.8971013 ], [ -1.3192123, 59.8943614 ], [ -1.3181447, 59.8932554 ], [ -1.318204, 59.8913563 ], [ -1.3172489, 59.8911484 ], [ -1.3176944, 59.8902503 ], [ -1.3130166, 59.8900431 ], [ -1.3142555, 59.8887748 ], [ -1.3142022, 59.8859765 ], [ -1.3124856, 59.8841705 ], [ -1.3082686, 59.8834464 ], [ -1.3063108, 59.881645 ], [ -1.3079473, 59.8811558 ], [ -1.3077756, 59.8802056 ], [ -1.3071209, 59.8802237 ], [ -1.3077649, 59.8786469 ], [ -1.310254, 59.8777478 ], [ -1.3106238, 59.8763337 ], [ -1.312389, 59.875489 ], [ -1.3117667, 59.8740486 ], [ -1.3131776, 59.8741509 ], [ -1.311933, 59.8734266 ], [ -1.3166859, 59.8695385 ], [ -1.3148566, 59.8679147 ], [ -1.3154735, 59.8676508 ], [ -1.3148083, 59.8676939 ], [ -1.3146635, 59.8661858 ], [ -1.3141056, 59.866921 ], [ -1.3140573, 59.8660942 ], [ -1.3131776, 59.8664336 ], [ -1.3127699, 59.8643518 ], [ -1.3109564, 59.8643727 ], [ -1.3109996, 59.863595 ], [ -1.309857, 59.8632045 ], [ -1.3115468, 59.8618982 ], [ -1.3103234, 59.862113 ], [ -1.309669, 59.8613023 ], [ -1.3119759, 59.8597542 ], [ -1.3121905, 59.8563224 ], [ -1.3132902, 59.8555169 ], [ -1.312743, 59.8551586 ], [ -1.3105222, 59.8569393 ], [ -1.3106509, 59.8582053 ], [ -1.3097604, 59.8584154 ], [ -1.3103398, 59.8589946 ], [ -1.3069358, 59.858359 ], [ -1.3092186, 59.8592639 ], [ -1.3084569, 59.8599023 ], [ -1.3092991, 59.8610632 ], [ -1.3079899, 59.8609063 ], [ -1.3090577, 59.8622375 ], [ -1.3082098, 59.8617925 ], [ -1.308532, 59.8625958 ], [ -1.3055512, 59.8622567 ], [ -1.3069709, 59.8658492 ], [ -1.3061126, 59.8669641 ], [ -1.306711, 59.8679985 ], [ -1.3038059, 59.8682217 ], [ -1.3030066, 59.8688006 ], [ -1.3036986, 59.8690699 ], [ -1.3017514, 59.8693392 ], [ -1.301231, 59.8707394 ], [ -1.3024595, 59.8730955 ], [ -1.301305, 59.875088 ], [ -1.2971111, 59.8755725 ], [ -1.2921327, 59.8743279 ], [ -1.2897723, 59.8726505 ], [ -1.2892106, 59.8709815 ], [ -1.2908506, 59.8708842 ], [ -1.2929269, 59.8693446 ], [ -1.2882274, 59.8673377 ], [ -1.287482, 59.8649712 ], [ -1.2833136, 59.8636078 ], [ -1.2837966, 59.8629378 ], [ -1.2824285, 59.862051 ], [ -1.2825626, 59.860777 ], [ -1.2813183, 59.859967 ], [ -1.2802561, 59.8602848 ], [ -1.2807658, 59.8597865 ], [ -1.277016, 59.8575373 ], [ -1.2781586, 59.8577501 ], [ -1.2766781, 59.8568665 ], [ -1.2774395, 59.8570787 ], [ -1.2768065, 59.8563783 ], [ -1.2774664, 59.8559203 ], [ -1.2754064, 59.855034 ], [ -1.2775739, 59.8539652 ], [ -1.2784805, 59.8531165 ], [ -1.2771338, 59.852798 ], [ -1.2784805, 59.8522867 ], [ -1.2740066, 59.8525858 ], [ -1.2732395, 59.8540029 ], [ -1.2722043, 59.8536675 ], [ -1.2716841, 59.854477 ], [ -1.2730643, 59.8555365 ], [ -1.2713958, 59.8556901 ], [ -1.2710538, 59.8567474 ], [ -1.2724567, 59.8570448 ], [ -1.27114, 59.8570017 ], [ -1.2698616, 59.8584832 ], [ -1.2709991, 59.8588117 ], [ -1.2708681, 59.8600082 ], [ -1.2717198, 59.8603651 ], [ -1.2727053, 59.8657307 ], [ -1.274221, 59.8661644 ], [ -1.271686, 59.8667836 ], [ -1.2712094, 59.8675854 ], [ -1.2721276, 59.8684613 ], [ -1.2704001, 59.8680767 ], [ -1.2705238, 59.8689533 ], [ -1.2716382, 59.8690625 ], [ -1.2721312, 59.871869 ], [ -1.2745649, 59.87314 ], [ -1.2724678, 59.8748292 ], [ -1.2701769, 59.8744497 ], [ -1.2687634, 59.8757173 ], [ -1.2709757, 59.8766975 ], [ -1.2732559, 59.8765649 ], [ -1.2785027, 59.8744186 ], [ -1.2782672, 59.8738351 ], [ -1.2803734, 59.8724304 ], [ -1.2839359, 59.8727371 ], [ -1.2863392, 59.8751603 ], [ -1.2837642, 59.8764956 ], [ -1.2814254, 59.8765172 ], [ -1.2797342, 59.8778938 ], [ -1.2840217, 59.8805337 ], [ -1.2834424, 59.8806306 ], [ -1.283893, 59.8811474 ], [ -1.2798574, 59.8818135 ], [ -1.280003, 59.8826841 ], [ -1.2900302, 59.8830303 ], [ -1.2977589, 59.8822612 ], [ -1.2994612, 59.8827914 ], [ -1.300088, 59.8839665 ], [ -1.2937186, 59.8867633 ], [ -1.2889546, 59.8862189 ], [ -1.2877274, 59.8850902 ], [ -1.285182, 59.8853328 ], [ -1.2864332, 59.8843535 ], [ -1.2864639, 59.883949 ], [ -1.2855313, 59.8847968 ], [ -1.284948, 59.8843926 ], [ -1.2859577, 59.8838685 ], [ -1.2845992, 59.8841527 ], [ -1.2850363, 59.8836337 ], [ -1.2806314, 59.8855833 ], [ -1.2758118, 59.8844002 ], [ -1.2743014, 59.8854433 ], [ -1.2718858, 59.8856517 ], [ -1.2729067, 59.8864661 ], [ -1.2719411, 59.88624 ], [ -1.2726921, 59.8878225 ], [ -1.2718123, 59.8879194 ], [ -1.2726706, 59.8880917 ], [ -1.2695807, 59.8888129 ], [ -1.2711719, 59.8887879 ], [ -1.2711808, 59.8898029 ], [ -1.2731908, 59.8901684 ], [ -1.2724313, 59.8912532 ], [ -1.2757683, 59.8922336 ], [ -1.2750124, 59.892881 ], [ -1.2760498, 59.892539 ], [ -1.2766964, 59.8930942 ], [ -1.27572, 59.8934423 ], [ -1.2776989, 59.8941838 ], [ -1.2763365, 59.8945271 ], [ -1.2759585, 59.8952693 ], [ -1.2768347, 59.8954637 ], [ -1.2756874, 59.8966037 ], [ -1.2706438, 59.8987857 ], [ -1.2710245, 59.8992499 ], [ -1.2702265, 59.8996617 ], [ -1.2721374, 59.8991305 ], [ -1.2739073, 59.9018303 ], [ -1.2694387, 59.9050301 ], [ -1.2709574, 59.9075437 ], [ -1.2692612, 59.9079874 ], [ -1.2694739, 59.9088502 ], [ -1.2723566, 59.9090287 ], [ -1.2717702, 59.9098899 ], [ -1.2729313, 59.9102726 ], [ -1.2780493, 59.9109874 ], [ -1.2763905, 59.9125746 ], [ -1.2834732, 59.9142656 ], [ -1.2863862, 59.9164986 ], [ -1.285333, 59.9170846 ], [ -1.2876511, 59.9179635 ], [ -1.292028, 59.9220817 ], [ -1.2903574, 59.9235494 ], [ -1.2874947, 59.9216358 ], [ -1.2793434, 59.9205012 ], [ -1.2761119, 59.9193052 ], [ -1.2715262, 59.9205012 ], [ -1.2716553, 59.921282 ], [ -1.2705405, 59.9215957 ], [ -1.2718014, 59.9220946 ], [ -1.2700052, 59.9224786 ], [ -1.2711996, 59.9240493 ], [ -1.2700801, 59.9241831 ], [ -1.2716831, 59.9247817 ], [ -1.2677428, 59.926443 ], [ -1.2677626, 59.9274079 ], [ -1.2695798, 59.9277587 ], [ -1.2674707, 59.9282109 ], [ -1.2682321, 59.9283353 ], [ -1.2675803, 59.9289101 ], [ -1.2682712, 59.9290016 ], [ -1.2684839, 59.9302721 ], [ -1.2693543, 59.9302678 ], [ -1.2695759, 59.9325343 ], [ -1.2703842, 59.932985 ], [ -1.2649189, 59.9326511 ], [ -1.2617236, 59.9340841 ], [ -1.2631943, 59.9355796 ], [ -1.2591752, 59.9344915 ], [ -1.2573284, 59.9360078 ], [ -1.2605835, 59.9378083 ], [ -1.2581245, 59.937361 ], [ -1.2568179, 59.9390209 ], [ -1.2613611, 59.9402043 ], [ -1.2579735, 59.9419088 ], [ -1.2598645, 59.942685 ], [ -1.2582333, 59.9437612 ], [ -1.2596763, 59.9444199 ], [ -1.2590629, 59.9449726 ], [ -1.2634767, 59.9455556 ], [ -1.2618914, 59.9461613 ], [ -1.2617546, 59.947025 ], [ -1.2645004, 59.9477869 ], [ -1.2641042, 59.9507925 ], [ -1.2621146, 59.950618 ], [ -1.261688, 59.9510069 ], [ -1.2630215, 59.9516927 ], [ -1.2608826, 59.952044 ], [ -1.2615697, 59.9529126 ], [ -1.2527124, 59.9546268 ], [ -1.2541181, 59.9575838 ], [ -1.2571553, 59.9603838 ], [ -1.2538725, 59.9611362 ], [ -1.2629136, 59.9651981 ], [ -1.259829, 59.9654398 ], [ -1.2595533, 59.9660713 ], [ -1.2612377, 59.9668053 ], [ -1.2590534, 59.9667076 ], [ -1.2578784, 59.9675174 ], [ -1.259835, 59.968522 ], [ -1.2593372, 59.9694724 ], [ -1.2615863, 59.9699748 ], [ -1.260954, 59.9700107 ], [ -1.2606821, 59.9713388 ], [ -1.2564972, 59.9712843 ], [ -1.2562851, 59.972539 ], [ -1.2548827, 59.9728067 ], [ -1.2557343, 59.9742809 ], [ -1.2544657, 59.9748789 ], [ -1.2560132, 59.976064 ], [ -1.2543735, 59.9753955 ], [ -1.2539856, 59.9764015 ], [ -1.2584792, 59.9772718 ], [ -1.2593274, 59.975181 ], [ -1.2627654, 59.9749933 ], [ -1.2671457, 59.9766763 ], [ -1.2679969, 59.9781317 ], [ -1.2698052, 59.9781896 ], [ -1.2691584, 59.9791648 ], [ -1.2701909, 59.9788512 ], [ -1.2707578, 59.9797575 ], [ -1.2682378, 59.981529 ], [ -1.2681335, 59.9826769 ], [ -1.2696327, 59.9828008 ], [ -1.2687462, 59.9844508 ], [ -1.2714364, 59.9856899 ], [ -1.2709571, 59.9861603 ], [ -1.2720775, 59.9875979 ], [ -1.2769491, 59.9889637 ], [ -1.2775206, 59.9901164 ], [ -1.2758428, 59.9916563 ], [ -1.2737042, 59.9920528 ], [ -1.2701827, 59.991103 ], [ -1.2700537, 59.9904852 ], [ -1.260314, 59.9886738 ], [ -1.259585, 59.990213 ], [ -1.2601847, 59.9909172 ], [ -1.258151, 59.9916996 ], [ -1.2566459, 59.9912665 ], [ -1.2576295, 59.9931861 ], [ -1.2573166, 59.9955462 ], [ -1.2552047, 59.9966153 ], [ -1.2523366, 59.9964589 ], [ -1.2523366, 59.9941119 ], [ -1.2515571, 59.9929269 ], [ -1.2423866, 59.9920975 ], [ -1.2428335, 59.991176 ], [ -1.2419585, 59.9904723 ], [ -1.2426755, 59.9893189 ], [ -1.2441335, 59.9890226 ], [ -1.2420677, 59.9885297 ], [ -1.2428292, 59.9883237 ], [ -1.2425068, 59.9879047 ], [ -1.2412814, 59.9880482 ], [ -1.2418628, 59.9876354 ], [ -1.2407118, 59.9875269 ], [ -1.2397409, 59.9861195 ], [ -1.2424738, 59.9842441 ], [ -1.2415658, 59.9842504 ], [ -1.2425757, 59.9834334 ], [ -1.2399329, 59.9832839 ], [ -1.2410018, 59.9826184 ], [ -1.2340641, 59.9811041 ], [ -1.2323126, 59.982008 ], [ -1.2336032, 59.9837789 ], [ -1.2313344, 59.9831985 ], [ -1.2332897, 59.9858355 ], [ -1.2303952, 59.9874494 ], [ -1.23086, 59.9896842 ], [ -1.2296946, 59.9908521 ], [ -1.228533, 59.9947431 ], [ -1.225915, 59.9956743 ], [ -1.2211436, 59.9950703 ], [ -1.2188352, 59.9924437 ], [ -1.2179172, 59.9897132 ], [ -1.2162579, 59.988957 ], [ -1.2178228, 59.9860297 ], [ -1.2161819, 59.9848031 ], [ -1.2120152, 59.9840468 ], [ -1.2118677, 59.9827925 ], [ -1.2135086, 59.9809847 ], [ -1.2128703, 59.9807171 ], [ -1.2137102, 59.979792 ], [ -1.2130323, 59.9794919 ], [ -1.2136841, 59.9794006 ], [ -1.2132148, 59.9781874 ], [ -1.2139188, 59.9778091 ], [ -1.212589, 59.9771829 ], [ -1.2147531, 59.9771177 ], [ -1.2138927, 59.9752651 ], [ -1.2127716, 59.9745998 ], [ -1.2116766, 59.9757208 ], [ -1.2109725, 59.9743127 ], [ -1.2094341, 59.9734908 ], [ -1.2100338, 59.9734777 ], [ -1.2069311, 59.9720164 ], [ -1.2045845, 59.9721599 ], [ -1.2042471, 59.9733175 ], [ -1.2029712, 59.9726559 ], [ -1.2016622, 59.9744641 ], [ -1.2021415, 59.9750453 ], [ -1.2063525, 59.9766946 ], [ -1.2029598, 59.9784799 ], [ -1.2058801, 59.9797844 ], [ -1.2046285, 59.9803323 ], [ -1.2071577, 59.9815585 ], [ -1.2060626, 59.9828628 ], [ -1.20844, 59.9836296 ], [ -1.2073058, 59.984673 ], [ -1.2098019, 59.9849755 ], [ -1.2071754, 59.9851947 ], [ -1.2069407, 59.9861338 ], [ -1.2084562, 59.9865695 ], [ -1.2060313, 59.9883236 ], [ -1.2090096, 59.989004 ], [ -1.2053562, 59.9902451 ], [ -1.203259, 59.9895383 ], [ -1.2026322, 59.9904235 ], [ -1.2011787, 59.9899545 ], [ -1.2011271, 59.9906778 ], [ -1.2006364, 59.9896365 ], [ -1.1989034, 59.9894706 ], [ -1.1982028, 59.991241 ], [ -1.2011527, 59.9923659 ], [ -1.2015175, 59.9936969 ], [ -1.2045253, 59.9951889 ], [ -1.2096308, 59.996378 ], [ -1.2105197, 59.9982188 ], [ -1.2128044, 59.9996253 ], [ -1.2146725, 60.0039589 ], [ -1.2157381, 60.0040688 ], [ -1.2152071, 60.004429 ], [ -1.216039, 60.0066352 ], [ -1.2168741, 60.0059736 ], [ -1.2183595, 60.0069545 ], [ -1.2209106, 60.0066127 ], [ -1.223199, 60.0075005 ], [ -1.2235901, 60.0103026 ], [ -1.2220518, 60.0126875 ], [ -1.2222865, 60.0146553 ], [ -1.2237987, 60.0160756 ], [ -1.2265104, 60.0164144 ], [ -1.2269797, 60.0174438 ], [ -1.2279859, 60.01719 ], [ -1.228153, 60.0180823 ], [ -1.2270058, 60.0183689 ], [ -1.2268378, 60.0192508 ], [ -1.2303998, 60.0212666 ], [ -1.2310006, 60.0249548 ], [ -1.2338974, 60.027474 ], [ -1.2331893, 60.0286639 ], [ -1.2339188, 60.0305505 ], [ -1.2332751, 60.0332087 ], [ -1.2286188, 60.034034 ], [ -1.2253358, 60.0330372 ], [ -1.2227394, 60.0339482 ], [ -1.2207438, 60.0337232 ], [ -1.2188341, 60.0324263 ], [ -1.2176539, 60.0339268 ], [ -1.2145855, 60.0338625 ], [ -1.2128474, 60.0350736 ], [ -1.2149288, 60.0366919 ], [ -1.2153642, 60.0376057 ], [ -1.2146828, 60.0379933 ], [ -1.2163879, 60.0385887 ], [ -1.2166454, 60.0396496 ], [ -1.2143709, 60.0412677 ], [ -1.2154867, 60.0427785 ], [ -1.212783, 60.0436143 ], [ -1.2100364, 60.0434214 ], [ -1.2085129, 60.0450179 ], [ -1.2094571, 60.0461214 ], [ -1.2090279, 60.0464964 ], [ -1.2074615, 60.0455322 ], [ -1.2075995, 60.0419278 ], [ -1.2108253, 60.0418068 ], [ -1.2089139, 60.0413198 ], [ -1.2093579, 60.0408371 ], [ -1.2109778, 60.0415698 ], [ -1.2129303, 60.040764 ], [ -1.2116359, 60.0392581 ], [ -1.2111807, 60.036584 ], [ -1.2084262, 60.0370969 ], [ -1.2072361, 60.03645 ], [ -1.2078445, 60.0351934 ], [ -1.2057223, 60.0354742 ], [ -1.2028533, 60.0378792 ], [ -1.2005092, 60.038368 ], [ -1.1961161, 60.0374316 ], [ -1.1955697, 60.0380974 ], [ -1.1908326, 60.0368309 ], [ -1.1900631, 60.0373811 ], [ -1.1860739, 60.0366958 ], [ -1.1790661, 60.0373753 ], [ -1.1751642, 60.0352925 ], [ -1.1746835, 60.0342625 ], [ -1.1713598, 60.0335223 ], [ -1.1734576, 60.0348155 ], [ -1.1740839, 60.0371615 ], [ -1.175168, 60.0380393 ], [ -1.1713731, 60.0406277 ], [ -1.1749811, 60.0421701 ], [ -1.1807932, 60.0406905 ], [ -1.1849008, 60.0410624 ], [ -1.1888875, 60.0442754 ], [ -1.195886, 60.044064 ], [ -1.2036896, 60.0478214 ], [ -1.2034606, 60.0500368 ], [ -1.2040436, 60.0504246 ], [ -1.2005568, 60.0518708 ], [ -1.2017691, 60.0519029 ], [ -1.20031, 60.0521814 ], [ -1.2010932, 60.0523367 ], [ -1.1972914, 60.0548839 ], [ -1.1991513, 60.0545701 ], [ -1.1985146, 60.0556657 ], [ -1.1992586, 60.0561928 ], [ -1.2004495, 60.0554912 ], [ -1.2011683, 60.0565355 ], [ -1.1996985, 60.0571728 ], [ -1.2008572, 60.0575048 ], [ -1.200074, 60.0581581 ], [ -1.2012863, 60.0581474 ], [ -1.2003315, 60.0588007 ], [ -1.2005959, 60.0594733 ], [ -1.2040651, 60.0591059 ], [ -1.2061036, 60.0604071 ], [ -1.2077236, 60.0601769 ], [ -1.2068975, 60.0615477 ], [ -1.2081421, 60.0615369 ], [ -1.207391, 60.0623508 ], [ -1.2087214, 60.0632503 ], [ -1.2083888, 60.0641552 ], [ -1.2121332, 60.064471 ], [ -1.2129486, 60.0652527 ], [ -1.2118113, 60.0666661 ], [ -1.2098694, 60.0666393 ], [ -1.2124406, 60.0685537 ], [ -1.2106204, 60.0689199 ], [ -1.2105131, 60.0705847 ], [ -1.2074731, 60.0730876 ], [ -1.208539, 60.0722655 ], [ -1.2089859, 60.0729591 ], [ -1.2120114, 60.0734141 ], [ -1.2148368, 60.0719657 ], [ -1.2172079, 60.0737482 ], [ -1.2164961, 60.0752393 ], [ -1.2123011, 60.0761385 ], [ -1.2115002, 60.0770772 ], [ -1.2119578, 60.0788464 ], [ -1.2102894, 60.0804783 ], [ -1.2116933, 60.0807912 ], [ -1.2111455, 60.0814885 ], [ -1.2134841, 60.0826594 ], [ -1.2111113, 60.082905 ], [ -1.2073937, 60.0852168 ], [ -1.2071805, 60.0869142 ], [ -1.2081675, 60.0873297 ], [ -1.2071603, 60.0898711 ], [ -1.21193, 60.0933952 ], [ -1.2180959, 60.0946325 ], [ -1.2185083, 60.0959753 ], [ -1.2204482, 60.0973965 ], [ -1.2237311, 60.0980687 ], [ -1.2242142, 60.0995011 ], [ -1.2254487, 60.1001595 ], [ -1.2228411, 60.1009461 ], [ -1.2170255, 60.1008261 ], [ -1.2096771, 60.1025527 ], [ -1.2077385, 60.1051504 ], [ -1.204421, 60.105836 ], [ -1.2047357, 60.1075252 ], [ -1.2013104, 60.1072564 ], [ -1.1996938, 60.1061083 ], [ -1.198892, 60.1069293 ], [ -1.1999528, 60.1084706 ], [ -1.1973911, 60.110026 ], [ -1.1981098, 60.1107241 ], [ -1.1966084, 60.1120323 ], [ -1.1967614, 60.114402 ], [ -1.193869, 60.1173237 ], [ -1.1948131, 60.1188523 ], [ -1.198933, 60.12176 ], [ -1.2051128, 60.1231282 ], [ -1.2063287, 60.1250878 ], [ -1.2036662, 60.1304228 ], [ -1.2007546, 60.1307094 ], [ -1.1937832, 60.1277454 ], [ -1.190202, 60.128298 ], [ -1.1752431, 60.1194447 ], [ -1.1740285, 60.120801 ], [ -1.1723567, 60.1210723 ], [ -1.1712076, 60.1246881 ], [ -1.1755027, 60.1294881 ], [ -1.1754651, 60.131433 ], [ -1.1740585, 60.1340232 ], [ -1.1730264, 60.1341237 ], [ -1.1733166, 60.1349503 ], [ -1.1748022, 60.1350607 ], [ -1.1754661, 60.1364886 ], [ -1.174935, 60.1380487 ], [ -1.1722638, 60.1397968 ], [ -1.1724092, 60.141177 ], [ -1.1646362, 60.1407444 ], [ -1.1630054, 60.1385222 ], [ -1.1621901, 60.133447 ], [ -1.160055, 60.1295145 ], [ -1.1587997, 60.128729 ], [ -1.1575874, 60.1293381 ], [ -1.1554094, 60.128574 ], [ -1.15527, 60.1298511 ], [ -1.1538645, 60.1305511 ], [ -1.1539718, 60.1320204 ], [ -1.1529418, 60.1318762 ], [ -1.1535963, 60.1328699 ], [ -1.1526843, 60.132544 ], [ -1.151869, 60.1330517 ], [ -1.1523303, 60.1341843 ], [ -1.1542185, 60.1349162 ], [ -1.154004, 60.136161 ], [ -1.1553034, 60.1360884 ], [ -1.1561188, 60.1381826 ], [ -1.1577067, 60.1390693 ], [ -1.156784, 60.1409603 ], [ -1.15908, 60.1405116 ], [ -1.1600455, 60.1413128 ], [ -1.1599383, 60.1428618 ], [ -1.15908, 60.1434921 ], [ -1.1605176, 60.145511 ], [ -1.1583202, 60.1466211 ], [ -1.1599467, 60.1486054 ], [ -1.1544995, 60.1488356 ], [ -1.1538799, 60.1496313 ], [ -1.149287, 60.1507215 ], [ -1.1478478, 60.1495148 ], [ -1.1446798, 60.1493806 ], [ -1.1430341, 60.1478 ], [ -1.1434513, 60.1474235 ], [ -1.1388798, 60.1460896 ], [ -1.1394075, 60.1459638 ], [ -1.1380435, 60.1453666 ], [ -1.1374096, 60.1439801 ], [ -1.136849, 60.1459165 ], [ -1.1326033, 60.147576 ], [ -1.1317838, 60.1487568 ], [ -1.1337826, 60.149937 ], [ -1.1337635, 60.1513859 ], [ -1.134676, 60.1519243 ], [ -1.1396405, 60.1528739 ], [ -1.1401993, 60.153321 ], [ -1.1398653, 60.1538661 ], [ -1.1402142, 60.1541526 ], [ -1.1402959, 60.1534542 ], [ -1.1421668, 60.153552 ], [ -1.1406414, 60.1543001 ], [ -1.1413529, 60.1550472 ], [ -1.1410194, 60.154535 ], [ -1.1425608, 60.1539442 ], [ -1.1431057, 60.1556403 ], [ -1.1423831, 60.1557427 ], [ -1.1439482, 60.1568835 ], [ -1.1445218, 60.1577239 ], [ -1.1440024, 60.1578957 ], [ -1.1446998, 60.1578215 ], [ -1.1451285, 60.1592907 ], [ -1.1470713, 60.1593875 ], [ -1.1503283, 60.1579434 ], [ -1.1509166, 60.1580679 ], [ -1.1491707, 60.1585515 ], [ -1.15223, 60.1587844 ], [ -1.15209, 60.1597827 ], [ -1.1543798, 60.1592815 ], [ -1.1544179, 60.1584893 ], [ -1.1554538, 60.1588155 ], [ -1.1545276, 60.1598957 ], [ -1.1562378, 60.1608983 ], [ -1.1536651, 60.1606544 ], [ -1.1562639, 60.1614558 ], [ -1.1575838, 60.1626583 ], [ -1.1561089, 60.1631615 ], [ -1.1576262, 60.162831 ], [ -1.1592141, 60.1644738 ], [ -1.1568032, 60.1649937 ], [ -1.1574095, 60.1674487 ], [ -1.1574399, 60.1654444 ], [ -1.1596365, 60.164965 ], [ -1.1610101, 60.166517 ], [ -1.1632682, 60.1658286 ], [ -1.1627622, 60.1671264 ], [ -1.1634624, 60.1683596 ], [ -1.1605914, 60.1691195 ], [ -1.1600502, 60.1698839 ], [ -1.1636871, 60.1684503 ], [ -1.1641494, 60.1689509 ], [ -1.1633856, 60.1692061 ], [ -1.1644716, 60.1696321 ], [ -1.164061, 60.1708207 ], [ -1.1607019, 60.1701728 ], [ -1.1586631, 60.1712064 ], [ -1.1593505, 60.1717651 ], [ -1.1587942, 60.1720008 ], [ -1.1567967, 60.1721163 ], [ -1.1575395, 60.171487 ], [ -1.1571104, 60.1710357 ], [ -1.155804, 60.1713265 ], [ -1.1567229, 60.172635 ], [ -1.1537564, 60.1735346 ], [ -1.1533603, 60.1753773 ], [ -1.1551801, 60.1755793 ], [ -1.1548795, 60.1797838 ], [ -1.151387, 60.1805974 ], [ -1.1510346, 60.184135 ], [ -1.1501535, 60.1849631 ], [ -1.1512476, 60.1852305 ], [ -1.1505803, 60.1860549 ], [ -1.1521322, 60.1867727 ], [ -1.1495465, 60.1873968 ], [ -1.1501903, 60.1877435 ], [ -1.1488384, 60.188709 ], [ -1.1449895, 60.1888712 ], [ -1.1461269, 60.1894356 ], [ -1.1455435, 60.1898079 ], [ -1.146166, 60.190297 ], [ -1.1430343, 60.1909562 ], [ -1.1450434, 60.1912816 ], [ -1.1482868, 60.1902365 ], [ -1.1479209, 60.1909883 ], [ -1.1489168, 60.1905798 ], [ -1.1493313, 60.191365 ], [ -1.150684, 60.1913703 ], [ -1.1559184, 60.1885392 ], [ -1.1588123, 60.1890707 ], [ -1.1582084, 60.1899073 ], [ -1.1593278, 60.1903028 ], [ -1.1591565, 60.1924648 ], [ -1.1598435, 60.1929776 ], [ -1.1579143, 60.1951321 ], [ -1.1587251, 60.196022 ], [ -1.1566845, 60.1970281 ], [ -1.1585673, 60.1967982 ], [ -1.1578226, 60.1982607 ], [ -1.1589381, 60.1981458 ], [ -1.151683, 60.2016431 ], [ -1.1516133, 60.2023562 ], [ -1.1533097, 60.2023414 ], [ -1.1529708, 60.2027113 ], [ -1.152858, 60.2033007 ], [ -1.1540733, 60.2028683 ], [ -1.1536049, 60.2041177 ], [ -1.1592964, 60.2003052 ], [ -1.1626482, 60.1989197 ], [ -1.1625824, 60.1996572 ], [ -1.1649116, 60.197784 ], [ -1.1658888, 60.1979732 ], [ -1.1655752, 60.1975302 ], [ -1.1701142, 60.1943432 ], [ -1.1743346, 60.1931749 ], [ -1.1772068, 60.1933775 ], [ -1.1816976, 60.1887313 ], [ -1.1890365, 60.1864872 ], [ -1.1941045, 60.1829932 ], [ -1.1988444, 60.1830854 ], [ -1.1994663, 60.1825363 ], [ -1.1962866, 60.1814399 ], [ -1.2028564, 60.1780307 ], [ -1.2064927, 60.1772023 ], [ -1.2110009, 60.1739784 ], [ -1.2128673, 60.1740588 ], [ -1.2149432, 60.1733089 ], [ -1.2117288, 60.173556 ], [ -1.2131846, 60.172361 ], [ -1.2180365, 60.1712891 ], [ -1.2191239, 60.1722968 ], [ -1.2163366, 60.1761044 ], [ -1.2139479, 60.1772437 ], [ -1.2114988, 60.1767058 ], [ -1.2099605, 60.1774955 ], [ -1.2061308, 60.182292 ], [ -1.1963059, 60.1883037 ], [ -1.1954667, 60.1906142 ], [ -1.1912407, 60.1925282 ], [ -1.1901839, 60.1955278 ], [ -1.1871694, 60.1960908 ], [ -1.1867316, 60.1967883 ], [ -1.187812, 60.1978519 ], [ -1.1874976, 60.1993654 ], [ -1.1859073, 60.2002396 ], [ -1.1868209, 60.2006212 ], [ -1.1854314, 60.2021749 ], [ -1.1855399, 60.2029456 ], [ -1.1875922, 60.2040215 ], [ -1.1860877, 60.2050031 ], [ -1.1819545, 60.2051353 ], [ -1.1761224, 60.2074047 ], [ -1.1701541, 60.2084486 ], [ -1.1696736, 60.2092929 ], [ -1.1710365, 60.2094957 ], [ -1.1699813, 60.2109207 ], [ -1.1791297, 60.2095976 ], [ -1.1800728, 60.2098534 ], [ -1.1796094, 60.2105708 ], [ -1.1809615, 60.2120154 ], [ -1.1760792, 60.2147756 ], [ -1.1764196, 60.2162149 ], [ -1.1710648, 60.2159478 ], [ -1.1715661, 60.2166502 ], [ -1.1700172, 60.2168895 ], [ -1.1703914, 60.217518 ], [ -1.169682, 60.2175165 ], [ -1.1685473, 60.2182911 ], [ -1.1700586, 60.2176748 ], [ -1.1722965, 60.2188166 ], [ -1.1671039, 60.2232299 ], [ -1.1709549, 60.2228118 ], [ -1.1731525, 60.2241888 ], [ -1.1764744, 60.2230883 ], [ -1.1781695, 60.2216107 ], [ -1.18006, 60.2213157 ], [ -1.181414, 60.2190417 ], [ -1.1840931, 60.2179747 ], [ -1.183958, 60.2173429 ], [ -1.1853533, 60.2171984 ], [ -1.1896222, 60.2141835 ], [ -1.195253, 60.2121781 ], [ -1.1957677, 60.210964 ], [ -1.1973606, 60.2104331 ], [ -1.1966052, 60.2092867 ], [ -1.1976595, 60.2079215 ], [ -1.2023089, 60.2055207 ], [ -1.2055075, 60.2063378 ], [ -1.2066472, 60.2051184 ], [ -1.2052247, 60.205694 ], [ -1.2033417, 60.2052766 ], [ -1.2060118, 60.203324 ], [ -1.2142298, 60.2017068 ], [ -1.216705, 60.1998322 ], [ -1.2194297, 60.2004517 ], [ -1.2206627, 60.1992061 ], [ -1.2232194, 60.1984102 ], [ -1.2215468, 60.1990441 ], [ -1.2197516, 60.2010676 ], [ -1.2180118, 60.2010969 ], [ -1.2147372, 60.2055719 ], [ -1.2062842, 60.2085071 ], [ -1.2071236, 60.209078 ], [ -1.2066345, 60.2100809 ], [ -1.2040827, 60.2122484 ], [ -1.2027204, 60.2123441 ], [ -1.2032751, 60.2134318 ], [ -1.2022845, 60.2152128 ], [ -1.1968476, 60.2186758 ], [ -1.195249, 60.2209991 ], [ -1.1938023, 60.2214375 ], [ -1.1931454, 60.2226695 ], [ -1.1950936, 60.2224298 ], [ -1.1954994, 60.2232352 ], [ -1.197384, 60.2234552 ], [ -1.1953829, 60.2252924 ], [ -1.1972821, 60.227349 ], [ -1.190863, 60.2290826 ], [ -1.1895015, 60.2308311 ], [ -1.1868208, 60.2308627 ], [ -1.1850234, 60.2321777 ], [ -1.1868711, 60.2321423 ], [ -1.1866303, 60.232958 ], [ -1.1877882, 60.2323522 ], [ -1.1905167, 60.2327151 ], [ -1.1895402, 60.2340735 ], [ -1.1900382, 60.2338323 ], [ -1.1901746, 60.2346489 ], [ -1.1913096, 60.2343608 ], [ -1.1920012, 60.2352649 ], [ -1.1944544, 60.2348445 ], [ -1.1943979, 60.235788 ], [ -1.2098615, 60.2283327 ], [ -1.2168669, 60.2290034 ], [ -1.2188854, 60.2283153 ], [ -1.2254222, 60.2285826 ], [ -1.2303412, 60.2289664 ], [ -1.2314506, 60.2300105 ], [ -1.228514, 60.2325732 ], [ -1.2291582, 60.2330391 ], [ -1.2270496, 60.2321595 ], [ -1.2243851, 60.2325823 ], [ -1.2238291, 60.2335495 ], [ -1.2248912, 60.2356116 ], [ -1.2230172, 60.2368226 ], [ -1.2096927, 60.2375432 ], [ -1.2061141, 60.2388999 ], [ -1.2040875, 60.2409319 ], [ -1.1953831, 60.2439189 ], [ -1.1931184, 60.245791 ], [ -1.1950305, 60.2462506 ], [ -1.192986, 60.2473207 ], [ -1.1945328, 60.248117 ], [ -1.1934775, 60.250477 ], [ -1.196094, 60.2534096 ], [ -1.2055046, 60.2538052 ], [ -1.203318, 60.2631961 ], [ -1.2052068, 60.2648513 ], [ -1.2102753, 60.2659828 ], [ -1.2018978, 60.268155 ], [ -1.1996996, 60.2696686 ], [ -1.1956927, 60.2688677 ], [ -1.1923707, 60.2655725 ], [ -1.1915553, 60.2619747 ], [ -1.1975079, 60.2604788 ], [ -1.1989541, 60.2592235 ], [ -1.1964798, 60.2566993 ], [ -1.1939039, 60.2554771 ], [ -1.1918187, 60.2555532 ], [ -1.1896597, 60.2570359 ], [ -1.1900929, 60.2584187 ], [ -1.193536, 60.2606444 ], [ -1.1918596, 60.2615773 ], [ -1.1877709, 60.2590066 ], [ -1.1820264, 60.2593209 ], [ -1.1811519, 60.2584775 ], [ -1.177374, 60.2591065 ], [ -1.1718851, 60.2582233 ], [ -1.1712065, 60.2584405 ], [ -1.1716731, 60.2590935 ], [ -1.1691605, 60.2607079 ], [ -1.1649276, 60.2601049 ], [ -1.1691145, 60.255411 ], [ -1.1716365, 60.2548548 ], [ -1.1761695, 60.2522377 ], [ -1.1780322, 60.2525239 ], [ -1.1758058, 60.2510378 ], [ -1.1781641, 60.249653 ], [ -1.1781146, 60.2471991 ], [ -1.1793179, 60.2456693 ], [ -1.1784773, 60.243845 ], [ -1.179285, 60.2419551 ], [ -1.1779828, 60.2399915 ], [ -1.1751475, 60.2393369 ], [ -1.1724112, 60.2397297 ], [ -1.1702024, 60.2383059 ], [ -1.167532, 60.2390751 ], [ -1.1664771, 60.2403515 ], [ -1.1684057, 60.2412188 ], [ -1.1672683, 60.2427078 ], [ -1.1633122, 60.2433378 ], [ -1.1568721, 60.2421954 ], [ -1.1521632, 60.2437169 ], [ -1.1507179, 60.2434739 ], [ -1.1493308, 60.2440871 ], [ -1.1505896, 60.2444747 ], [ -1.150508, 60.2452093 ], [ -1.1480836, 60.24691 ], [ -1.1395498, 60.2494479 ], [ -1.1386761, 60.2506503 ], [ -1.1408108, 60.2505072 ], [ -1.151484, 60.2459837 ], [ -1.1544264, 60.2467444 ], [ -1.1525817, 60.2492911 ], [ -1.1493059, 60.2492672 ], [ -1.1481577, 60.2509166 ], [ -1.1451469, 60.2521396 ], [ -1.146022, 60.252546 ], [ -1.144609, 60.2544581 ], [ -1.1462469, 60.2553903 ], [ -1.1440871, 60.2556651 ], [ -1.1437097, 60.2563781 ], [ -1.1446411, 60.256892 ], [ -1.1425592, 60.2582413 ], [ -1.1443269, 60.2589592 ], [ -1.1441, 60.2594403 ], [ -1.1367714, 60.2597623 ], [ -1.1360596, 60.2590678 ], [ -1.1334002, 60.2591074 ], [ -1.1303508, 60.2596687 ], [ -1.1253296, 60.2614486 ], [ -1.1227974, 60.2635438 ], [ -1.118886, 60.2613898 ], [ -1.1191661, 60.2606629 ], [ -1.1179377, 60.261176 ], [ -1.1163753, 60.2606575 ], [ -1.1161922, 60.2596526 ], [ -1.1145651, 60.2608072 ], [ -1.1106537, 60.2591929 ], [ -1.1070979, 60.2593212 ], [ -1.1057725, 60.2582147 ], [ -1.1018395, 60.2589364 ], [ -1.0963226, 60.263191 ], [ -1.0976372, 60.2638484 ], [ -1.097357, 60.2642813 ], [ -1.0983807, 60.2636934 ], [ -1.0994259, 60.264308 ], [ -1.0959115, 60.2664767 ], [ -1.0990711, 60.2676958 ], [ -1.0967618, 60.26818 ], [ -1.0965728, 60.2699759 ], [ -1.09757, 60.270637 ], [ -1.1081089, 60.2660559 ], [ -1.1104497, 60.265957 ], [ -1.1149214, 60.2671752 ], [ -1.1141866, 60.2683257 ], [ -1.1152048, 60.2681279 ], [ -1.1149004, 60.2693356 ], [ -1.1164224, 60.2700852 ], [ -1.1157926, 60.2704704 ], [ -1.1169368, 60.2712617 ], [ -1.1146484, 60.2726411 ], [ -1.1098724, 60.273578 ], [ -1.1074266, 60.2758368 ], [ -1.1105017, 60.2755238 ], [ -1.1101603, 60.2764512 ], [ -1.1133964, 60.2755496 ], [ -1.1160165, 60.2765322 ], [ -1.1188263, 60.2759041 ], [ -1.1203158, 60.2751583 ], [ -1.118566, 60.2745417 ], [ -1.1204459, 60.2731291 ], [ -1.1177417, 60.2731506 ], [ -1.1171632, 60.2740111 ], [ -1.1161922, 60.2727731 ], [ -1.1231935, 60.270863 ], [ -1.1264184, 60.2707626 ], [ -1.1264618, 60.2717881 ], [ -1.1246397, 60.2725411 ], [ -1.125247, 60.2730717 ], [ -1.1324819, 60.2715198 ], [ -1.1343745, 60.272157 ], [ -1.1333784, 60.2728831 ], [ -1.1337968, 60.273629 ], [ -1.1383092, 60.273792 ], [ -1.1423236, 60.2719792 ], [ -1.1451924, 60.2727893 ], [ -1.1445947, 60.2735351 ], [ -1.146079, 60.2732585 ], [ -1.1449832, 60.2725324 ], [ -1.146318, 60.2703362 ], [ -1.1450005, 60.2683284 ], [ -1.1462905, 60.2669536 ], [ -1.1456044, 60.2662321 ], [ -1.1465925, 60.2652588 ], [ -1.1486784, 60.2650546 ], [ -1.1499684, 60.265463 ], [ -1.1481844, 60.265429 ], [ -1.1465513, 60.2690431 ], [ -1.1511624, 60.2712141 ], [ -1.1540992, 60.2714182 ], [ -1.1546481, 60.2717993 ], [ -1.1533993, 60.2722893 ], [ -1.1543462, 60.2727521 ], [ -1.1507369, 60.2715475 ], [ -1.1495377, 60.2717907 ], [ -1.1519346, 60.2720963 ], [ -1.1535649, 60.2732728 ], [ -1.1503852, 60.2759281 ], [ -1.1461079, 60.2772581 ], [ -1.1463197, 60.2779156 ], [ -1.1432807, 60.2802212 ], [ -1.1460342, 60.280171 ], [ -1.1475906, 60.2792396 ], [ -1.1474064, 60.2781941 ], [ -1.1497916, 60.2774772 ], [ -1.1512282, 60.2778379 ], [ -1.1511177, 60.278573 ], [ -1.1576009, 60.2780617 ], [ -1.1592217, 60.2791392 ], [ -1.1596822, 60.2808467 ], [ -1.1562748, 60.2824674 ], [ -1.1563301, 60.2834261 ], [ -1.1552158, 60.2839054 ], [ -1.1529043, 60.2838689 ], [ -1.1465684, 60.2861376 ], [ -1.1430757, 60.2894676 ], [ -1.1321814, 60.2933501 ], [ -1.1309075, 60.2953596 ], [ -1.1281982, 60.2957063 ], [ -1.128234, 60.2977245 ], [ -1.1252197, 60.2982135 ], [ -1.1246455, 60.2991292 ], [ -1.1169123, 60.3027116 ], [ -1.1098788, 60.3036805 ], [ -1.1097353, 60.3024361 ], [ -1.1058956, 60.301076 ], [ -1.1011767, 60.3033694 ], [ -1.0986827, 60.3035294 ], [ -1.0952557, 60.3016627 ], [ -1.0913442, 60.3018316 ], [ -1.0900523, 60.3009693 ], [ -1.0905188, 60.2999026 ], [ -1.0874866, 60.2994759 ], [ -1.0839519, 60.3010582 ], [ -1.0836012, 60.3022979 ], [ -1.0843878, 60.3028636 ], [ -1.0822183, 60.3033413 ], [ -1.081584, 60.3048749 ], [ -1.0843465, 60.3049654 ], [ -1.0822354, 60.3062233 ], [ -1.0832588, 60.3064165 ], [ -1.086151, 60.305143 ], [ -1.0887589, 60.3056267 ], [ -1.0883881, 60.3071512 ], [ -1.0910701, 60.3081797 ], [ -1.0897847, 60.3092511 ], [ -1.0930353, 60.3101388 ], [ -1.0904151, 60.3134382 ], [ -1.0916263, 60.3132362 ], [ -1.0902173, 60.3138851 ], [ -1.0919724, 60.3143013 ], [ -1.0903656, 60.314283 ], [ -1.0889813, 60.3156785 ], [ -1.0892285, 60.3179554 ], [ -1.0902619, 60.318897 ], [ -1.0892052, 60.3192275 ], [ -1.0869248, 60.3182544 ], [ -1.0848746, 60.3197997 ], [ -1.0830829, 60.3199036 ], [ -1.0797357, 60.3225476 ], [ -1.0800743, 60.3233175 ], [ -1.0812956, 60.3226122 ], [ -1.0811012, 60.3231607 ], [ -1.0834674, 60.3231618 ], [ -1.0824536, 60.3245161 ], [ -1.0838957, 60.3247324 ], [ -1.0840005, 60.3254204 ], [ -1.0884752, 60.3255069 ], [ -1.0947022, 60.3237654 ], [ -1.0957772, 60.3218917 ], [ -1.0998149, 60.3214201 ], [ -1.1099004, 60.3222812 ], [ -1.111124, 60.323363 ], [ -1.1091102, 60.3265039 ], [ -1.110699, 60.3275458 ], [ -1.1186074, 60.3276483 ], [ -1.1179994, 60.3267423 ], [ -1.1199471, 60.324338 ], [ -1.1239739, 60.3235604 ], [ -1.1336706, 60.3273011 ], [ -1.1349862, 60.3261847 ], [ -1.1352959, 60.3238564 ], [ -1.1366291, 60.323332 ], [ -1.1352046, 60.3221837 ], [ -1.1328305, 60.3223283 ], [ -1.1322278, 60.3214964 ], [ -1.1338714, 60.3197693 ], [ -1.1379257, 60.3227804 ], [ -1.1365378, 60.325077 ], [ -1.1371144, 60.3264523 ], [ -1.1422734, 60.3317058 ], [ -1.1458067, 60.3319296 ], [ -1.1466475, 60.332859 ], [ -1.1476944, 60.3285481 ], [ -1.1489623, 60.3282518 ], [ -1.1502134, 60.3313298 ], [ -1.1525896, 60.3324363 ], [ -1.1524157, 60.3352915 ], [ -1.155792, 60.3377722 ], [ -1.1583894, 60.3372263 ], [ -1.1597059, 60.3353597 ], [ -1.1625345, 60.3344313 ], [ -1.1611173, 60.3343742 ], [ -1.1632426, 60.3330312 ], [ -1.1631306, 60.331635 ], [ -1.1656925, 60.3283413 ], [ -1.1658015, 60.3272656 ], [ -1.1649624, 60.3269225 ], [ -1.165691, 60.3237407 ], [ -1.1667294, 60.3233625 ], [ -1.1674866, 60.3250135 ], [ -1.1693359, 60.3252937 ], [ -1.1713657, 60.3287239 ], [ -1.1758845, 60.3305557 ], [ -1.174073, 60.3317886 ], [ -1.1722186, 60.3389353 ], [ -1.1732725, 60.3398086 ], [ -1.1731989, 60.3431558 ], [ -1.1756498, 60.3470605 ], [ -1.1823283, 60.3489352 ], [ -1.1840316, 60.3504084 ], [ -1.1865438, 60.3506448 ], [ -1.1934676, 60.3529908 ], [ -1.1869972, 60.352427 ], [ -1.1873088, 60.3511007 ], [ -1.1863458, 60.3522877 ], [ -1.180772, 60.3515359 ], [ -1.1700438, 60.3525537 ], [ -1.1706309, 60.3516596 ], [ -1.1685578, 60.3529487 ], [ -1.166134, 60.3531955 ], [ -1.1532496, 60.3498134 ], [ -1.1481131, 60.3504389 ], [ -1.1415394, 60.3489537 ], [ -1.1370214, 60.3495259 ], [ -1.1337684, 60.3490074 ], [ -1.1300021, 60.3504822 ], [ -1.1287767, 60.3500654 ], [ -1.1292143, 60.3495795 ], [ -1.1254198, 60.3491764 ], [ -1.1226796, 60.3461248 ], [ -1.1206945, 60.3464773 ], [ -1.1174426, 60.3455625 ], [ -1.1157959, 60.3460168 ], [ -1.1154586, 60.3469652 ], [ -1.1128411, 60.3461284 ], [ -1.1126604, 60.3470225 ], [ -1.1092564, 60.3471372 ], [ -1.1087865, 60.3490058 ], [ -1.1052602, 60.3501479 ], [ -1.1022625, 60.352698 ], [ -1.1033288, 60.3533953 ], [ -1.0998047, 60.3534847 ], [ -1.0989983, 60.354814 ], [ -1.0996155, 60.3550252 ], [ -1.0942771, 60.3557684 ], [ -1.0914916, 60.3545484 ], [ -1.0914012, 60.3553172 ], [ -1.0902446, 60.3553529 ], [ -1.0897206, 60.3541462 ], [ -1.0896339, 60.3554871 ], [ -1.0885203, 60.3555411 ], [ -1.0865141, 60.3541184 ], [ -1.0856579, 60.3550602 ], [ -1.0828008, 60.355075 ], [ -1.078686, 60.3576664 ], [ -1.0768714, 60.3575779 ], [ -1.076488, 60.3563897 ], [ -1.0758172, 60.3565893 ], [ -1.0738812, 60.3583742 ], [ -1.0769736, 60.3592717 ], [ -1.0768714, 60.3613824 ], [ -1.0779032, 60.3618302 ], [ -1.0756478, 60.3637701 ], [ -1.0747277, 60.3667851 ], [ -1.0751552, 60.3689181 ], [ -1.0743197, 60.3701965 ], [ -1.0757085, 60.3718526 ], [ -1.0769006, 60.3719406 ], [ -1.0758169, 60.3728711 ], [ -1.076594, 60.3729604 ], [ -1.0755896, 60.3738502 ], [ -1.0762297, 60.3739133 ], [ -1.0757613, 60.3747996 ], [ -1.0817084, 60.3750151 ], [ -1.0811163, 60.3761693 ], [ -1.081616, 60.3767731 ], [ -1.0801542, 60.3781327 ], [ -1.0797024, 60.3806427 ], [ -1.0768831, 60.3821521 ], [ -1.0764675, 60.3839294 ], [ -1.0726904, 60.3851976 ], [ -1.0749494, 60.3884214 ], [ -1.0778048, 60.3880106 ], [ -1.0776783, 60.3872516 ], [ -1.0825577, 60.3880195 ], [ -1.0859497, 60.3862078 ], [ -1.0910272, 60.3876529 ], [ -1.0926323, 60.3900249 ], [ -1.0969998, 60.391452 ], [ -1.0980093, 60.392493 ], [ -1.1058751, 60.3918279 ], [ -1.1066658, 60.3929841 ], [ -1.1061778, 60.3934395 ], [ -1.1081477, 60.393743 ], [ -1.1145723, 60.3867961 ], [ -1.1154597, 60.3840998 ], [ -1.1169635, 60.3825916 ], [ -1.119557, 60.3815892 ], [ -1.1221089, 60.3788463 ], [ -1.1230156, 60.3773415 ], [ -1.1228608, 60.3757492 ], [ -1.1240181, 60.3751443 ], [ -1.1230524, 60.3744155 ], [ -1.1244456, 60.3717991 ], [ -1.1285599, 60.3695204 ], [ -1.1322648, 60.3699686 ], [ -1.1308732, 60.3712042 ], [ -1.1314366, 60.3715244 ], [ -1.1310249, 60.371222 ], [ -1.1319716, 60.3704942 ], [ -1.1335456, 60.3704474 ], [ -1.1323756, 60.3722392 ], [ -1.1291762, 60.3728965 ], [ -1.131225, 60.3734998 ], [ -1.1321961, 60.3761805 ], [ -1.1306116, 60.3794474 ], [ -1.1275466, 60.381158 ], [ -1.1273205, 60.382061 ], [ -1.1309603, 60.3820364 ], [ -1.1312926, 60.3830959 ], [ -1.1346498, 60.3815518 ], [ -1.1366774, 60.3828824 ], [ -1.1397185, 60.3803641 ], [ -1.1408324, 60.3813546 ], [ -1.1411648, 60.3830631 ], [ -1.134816, 60.3887463 ], [ -1.1324525, 60.392101 ], [ -1.1326738, 60.3927655 ], [ -1.1302219, 60.3930347 ], [ -1.1273272, 60.3959621 ], [ -1.1241942, 60.3971649 ], [ -1.1211123, 60.400361 ], [ -1.1212319, 60.4015894 ], [ -1.1183592, 60.4022217 ], [ -1.1125475, 60.4013619 ], [ -1.1086653, 60.4025813 ], [ -1.1054301, 60.405533 ], [ -1.1040168, 60.4056844 ], [ -1.1030633, 60.4049108 ], [ -1.0976656, 60.4058862 ], [ -1.0981424, 60.4076352 ], [ -1.0960651, 60.4076605 ], [ -1.0932896, 60.4094598 ], [ -1.0895776, 60.4093673 ], [ -1.0839075, 60.4130331 ], [ -1.0848675, 60.4137188 ], [ -1.0836813, 60.4148065 ], [ -1.0852697, 60.4152273 ], [ -1.0808937, 60.4168749 ], [ -1.0784758, 60.4193378 ], [ -1.0711058, 60.4219245 ], [ -1.0702941, 60.4234635 ], [ -1.0716141, 60.4236913 ], [ -1.071517, 60.4242562 ], [ -1.0691374, 60.4251545 ], [ -1.0706105, 60.4254661 ], [ -1.0676562, 60.4256049 ], [ -1.0684636, 60.4266715 ], [ -1.0662843, 60.4269859 ], [ -1.0664375, 60.427549 ], [ -1.0560958, 60.4322441 ], [ -1.0529348, 60.4347499 ], [ -1.051116, 60.4381676 ], [ -1.0490015, 60.4400088 ], [ -1.0517131, 60.4394281 ], [ -1.0510789, 60.4402188 ], [ -1.0520114, 60.4408403 ], [ -1.051147, 60.4414368 ], [ -1.0544512, 60.4418871 ], [ -1.0541949, 60.4429823 ], [ -1.0519302, 60.4441666 ], [ -1.0510618, 60.4470642 ], [ -1.0497848, 60.4475849 ], [ -1.0497626, 60.4485255 ], [ -1.051794, 60.4497347 ], [ -1.0570044, 60.4469466 ], [ -1.059292, 60.4472138 ], [ -1.0593493, 60.4479687 ], [ -1.059577, 60.4471632 ], [ -1.0641081, 60.4474692 ], [ -1.0660345, 60.4467506 ], [ -1.0694057, 60.4424686 ], [ -1.0706638, 60.4427292 ], [ -1.0701642, 60.4434308 ], [ -1.0711515, 60.4439178 ], [ -1.0695743, 60.4455451 ], [ -1.0708505, 60.4457411 ], [ -1.0718017, 60.4451531 ], [ -1.0717756, 60.4434574 ], [ -1.0740232, 60.4430374 ], [ -1.0742615, 60.4418867 ], [ -1.0772584, 60.4402067 ], [ -1.0793016, 60.4378882 ], [ -1.0821217, 60.4370351 ], [ -1.0860445, 60.4383922 ], [ -1.089501, 60.4366113 ], [ -1.0906553, 60.4310705 ], [ -1.0997215, 60.4262754 ], [ -1.0989509, 60.4233516 ], [ -1.0995529, 60.4212002 ], [ -1.0973616, 60.4206118 ], [ -1.0998058, 60.4200531 ], [ -1.0989991, 60.4197679 ], [ -1.0994084, 60.4190071 ], [ -1.0968263, 60.4183282 ], [ -1.0977589, 60.4177292 ], [ -1.1076937, 60.4180076 ], [ -1.1099073, 60.4161582 ], [ -1.1098051, 60.4151915 ], [ -1.1141641, 60.4159649 ], [ -1.1147941, 60.4175032 ], [ -1.1126657, 60.4187557 ], [ -1.1136533, 60.4220842 ], [ -1.1118995, 60.4236222 ], [ -1.1089197, 60.4246475 ], [ -1.1108267, 60.4268073 ], [ -1.1157136, 60.427967 ], [ -1.1169055, 60.4293619 ], [ -1.1185061, 60.4295132 ], [ -1.1198512, 60.4270846 ], [ -1.1199364, 60.4244206 ], [ -1.1220307, 60.4233449 ], [ -1.1206004, 60.4223111 ], [ -1.1214348, 60.4197644 ], [ -1.129046, 60.4159565 ], [ -1.1316171, 60.4137203 ], [ -1.1360442, 60.412703 ], [ -1.1369296, 60.4117782 ], [ -1.1336263, 60.409937 ], [ -1.1335753, 60.4069184 ], [ -1.1264339, 60.408427 ], [ -1.1257279, 60.40657 ], [ -1.1224948, 60.4056962 ], [ -1.1217405, 60.4044232 ], [ -1.1235313, 60.4040821 ], [ -1.122969, 60.403468 ], [ -1.1237324, 60.4027862 ], [ -1.1307307, 60.4023153 ], [ -1.132161, 60.4009528 ], [ -1.1396189, 60.4001034 ], [ -1.1434671, 60.4010538 ], [ -1.1437525, 60.4039849 ], [ -1.1476729, 60.4033833 ], [ -1.150184, 60.4040363 ], [ -1.1521406, 60.4031728 ], [ -1.1559703, 60.3968398 ], [ -1.1555332, 60.3956573 ], [ -1.1541395, 60.3949788 ], [ -1.1498094, 60.394516 ], [ -1.1533061, 60.3934054 ], [ -1.1523695, 60.3930764 ], [ -1.1538681, 60.3920892 ], [ -1.1534935, 60.3912871 ], [ -1.1560989, 60.3913515 ], [ -1.1606328, 60.3894039 ], [ -1.1622926, 60.3871435 ], [ -1.1625794, 60.3830058 ], [ -1.1618895, 60.3796678 ], [ -1.1649542, 60.3786073 ], [ -1.1656169, 60.3797646 ], [ -1.1649307, 60.3799022 ], [ -1.1667925, 60.3811062 ], [ -1.1665939, 60.3825098 ], [ -1.1674828, 60.3834876 ], [ -1.1667735, 60.3851096 ], [ -1.1672167, 60.3861889 ], [ -1.1661095, 60.3869877 ], [ -1.1671673, 60.3901331 ], [ -1.1661593, 60.3975769 ], [ -1.1669378, 60.3976527 ], [ -1.1663498, 60.398049 ], [ -1.1669842, 60.3985917 ], [ -1.1692893, 60.3980804 ], [ -1.1706083, 60.3992843 ], [ -1.1661564, 60.4010445 ], [ -1.1678374, 60.4024316 ], [ -1.1709862, 60.4031322 ], [ -1.1680901, 60.4057546 ], [ -1.168518, 60.4068661 ], [ -1.1678843, 60.4072152 ], [ -1.1688784, 60.4112475 ], [ -1.168386, 60.4118808 ], [ -1.1692332, 60.4124868 ], [ -1.1680563, 60.4133887 ], [ -1.1695187, 60.414408 ], [ -1.1831679, 60.4113286 ], [ -1.2022995, 60.4048107 ], [ -1.2165741, 60.4009557 ], [ -1.2225815, 60.4019542 ], [ -1.2238862, 60.4029031 ], [ -1.221879, 60.4041777 ], [ -1.1905947, 60.413601 ], [ -1.1895051, 60.4144859 ], [ -1.1898492, 60.4158166 ], [ -1.191498, 60.4167014 ], [ -1.1915954, 60.4182974 ], [ -1.1927783, 60.418524 ], [ -1.1926007, 60.4195736 ], [ -1.194195, 60.4200109 ], [ -1.2148409, 60.4147306 ], [ -1.247903, 60.4043092 ], [ -1.2509426, 60.4020432 ], [ -1.2534086, 60.401675 ], [ -1.2573371, 60.3993097 ], [ -1.2589715, 60.4009951 ], [ -1.2588855, 60.402284 ], [ -1.2550431, 60.4050739 ], [ -1.2374941, 60.4122813 ], [ -1.2301626, 60.4142908 ], [ -1.2287769, 60.4151129 ], [ -1.2284328, 60.4170382 ], [ -1.2108838, 60.4235494 ], [ -1.2056076, 60.4272291 ], [ -1.1978367, 60.4305192 ], [ -1.1924602, 60.4317362 ], [ -1.1864634, 60.4344072 ], [ -1.183777, 60.4331986 ], [ -1.1845474, 60.4340465 ], [ -1.1842709, 60.4351771 ], [ -1.176844, 60.437136 ], [ -1.1661778, 60.4370677 ], [ -1.1649729, 60.4378279 ], [ -1.1650124, 60.4399425 ], [ -1.1670271, 60.4420765 ], [ -1.1710764, 60.4438011 ], [ -1.1740392, 60.4464609 ], [ -1.1783452, 60.4466168 ], [ -1.1888929, 60.4447169 ], [ -1.2026799, 60.4447364 ], [ -1.2027392, 60.4453405 ], [ -1.2006455, 60.4460907 ], [ -1.1937124, 60.4476008 ], [ -1.1765202, 60.4535844 ], [ -1.1770613, 60.4543417 ], [ -1.1757576, 60.4564844 ], [ -1.1780408, 60.4606634 ], [ -1.1890509, 60.4642946 ], [ -1.194463, 60.463389 ], [ -1.2067292, 60.4574681 ], [ -1.2077168, 60.4576531 ], [ -1.2087439, 60.4584907 ], [ -1.207223, 60.4624737 ], [ -1.2094101, 60.4661713 ], [ -1.2063235, 60.4666798 ], [ -1.2086393, 60.4667634 ], [ -1.2080012, 60.4681077 ], [ -1.2023078, 60.4690134 ], [ -1.2010138, 60.4715261 ], [ -1.2023336, 60.4721128 ], [ -1.2040934, 60.4747147 ], [ -1.2032135, 60.4783109 ], [ -1.2057497, 60.4811163 ], [ -1.205905, 60.4833221 ], [ -1.2140052, 60.4889444 ], [ -1.2174724, 60.4891152 ], [ -1.2232182, 60.4927941 ], [ -1.2268154, 60.4930108 ], [ -1.2274365, 60.4935843 ], [ -1.2269448, 60.4945913 ], [ -1.2289893, 60.4953432 ], [ -1.2297915, 60.4942599 ], [ -1.2391598, 60.4933549 ], [ -1.2435075, 60.4919146 ], [ -1.244258, 60.4907928 ], [ -1.2435075, 60.4896328 ], [ -1.2465095, 60.4851071 ], [ -1.2536263, 60.4823531 ], [ -1.259475, 60.4788465 ], [ -1.2612014, 60.4766164 ], [ -1.2702666, 60.477125 ], [ -1.2710948, 60.4780687 ], [ -1.2704996, 60.4817156 ], [ -1.271483, 60.4834496 ], [ -1.2733722, 60.4846736 ], [ -1.2724664, 60.4856426 ], [ -1.2802042, 60.4878524 ], [ -1.2814077, 60.4863555 ], [ -1.2811175, 60.4853716 ], [ -1.2872544, 60.4842573 ], [ -1.2863912, 60.4838256 ], [ -1.2873748, 60.4827559 ], [ -1.2883345, 60.474609 ], [ -1.2943773, 60.4715431 ], [ -1.3007603, 60.4715431 ], [ -1.3026557, 60.4704652 ], [ -1.3022993, 60.4696427 ], [ -1.303825, 60.468016 ], [ -1.3026233, 60.4642125 ], [ -1.3031741, 60.463917 ], [ -1.299448, 60.4611296 ], [ -1.2945879, 60.4600274 ], [ -1.2882103, 60.457055 ], [ -1.2806058, 60.4564437 ], [ -1.282094, 60.4570802 ], [ -1.2795863, 60.4586456 ], [ -1.276735, 60.4580145 ], [ -1.2751506, 60.4571363 ], [ -1.2714861, 60.4525664 ], [ -1.2600647, 60.4487553 ], [ -1.2588173, 60.4449838 ], [ -1.2591737, 60.4440488 ], [ -1.2610206, 60.4428182 ], [ -1.2672221, 60.441607 ], [ -1.2708218, 60.4428182 ], [ -1.2728613, 60.4442804 ], [ -1.271895, 60.4447633 ], [ -1.2730224, 60.4445935 ], [ -1.2749862, 60.4461036 ], [ -1.2737649, 60.446869 ], [ -1.2727469, 60.4459383 ], [ -1.2735817, 60.4469429 ], [ -1.2716047, 60.446959 ], [ -1.2730904, 60.4473653 ], [ -1.2755546, 60.4465059 ], [ -1.2774448, 60.4483073 ], [ -1.2793117, 60.4462541 ], [ -1.2792902, 60.4448782 ], [ -1.2767738, 60.4434168 ], [ -1.2769958, 60.4428392 ], [ -1.2825108, 60.4397511 ], [ -1.2793429, 60.4402241 ], [ -1.2782295, 60.4393521 ], [ -1.2791766, 60.4381174 ], [ -1.2817072, 60.4371103 ], [ -1.2850005, 60.436853 ], [ -1.2841242, 60.4400096 ], [ -1.2829082, 60.4397955 ], [ -1.2851141, 60.4414988 ], [ -1.2948168, 60.4438838 ], [ -1.3116361, 60.4400614 ], [ -1.3160024, 60.4375129 ], [ -1.3275659, 60.4378113 ], [ -1.3307542, 60.4368488 ], [ -1.3348073, 60.4345613 ], [ -1.3370632, 60.4312145 ], [ -1.3410929, 60.4295475 ], [ -1.3426606, 60.4271569 ], [ -1.3438574, 60.4266255 ], [ -1.3442009, 60.4234506 ], [ -1.3429855, 60.421539 ], [ -1.3461088, 60.4199497 ], [ -1.3450032, 60.4176465 ], [ -1.3468088, 60.4165499 ], [ -1.3466075, 60.4131523 ], [ -1.3456014, 60.4125164 ], [ -1.3456476, 60.4113875 ], [ -1.3425266, 60.4100463 ], [ -1.3297946, 60.4115165 ], [ -1.3281753, 60.4107427 ], [ -1.330108, 60.4095821 ], [ -1.336108, 60.4082252 ], [ -1.3449693, 60.407531 ], [ -1.349465, 60.4040098 ], [ -1.3506816, 60.4014788 ], [ -1.3525562, 60.400284 ], [ -1.3656715, 60.3979716 ], [ -1.3683684, 60.3983047 ], [ -1.3728907, 60.3966457 ], [ -1.37546, 60.393778 ], [ -1.3781416, 60.3939737 ], [ -1.3842326, 60.398213 ], [ -1.3827219, 60.4003698 ], [ -1.3830765, 60.4022525 ], [ -1.3819374, 60.4029791 ], [ -1.3837609, 60.4038701 ], [ -1.3776842, 60.4033004 ], [ -1.3697277, 60.4054503 ], [ -1.3709558, 60.4072779 ], [ -1.374221, 60.4081444 ], [ -1.3730501, 60.410318 ], [ -1.3734386, 60.4118292 ], [ -1.368664, 60.4133267 ], [ -1.371919, 60.4128635 ], [ -1.3706122, 60.4144449 ], [ -1.3696741, 60.4134787 ], [ -1.3685288, 60.4133665 ], [ -1.3659318, 60.4117299 ], [ -1.3630526, 60.4113571 ], [ -1.3595437, 60.4116186 ], [ -1.3559432, 60.4132892 ], [ -1.3571235, 60.4174296 ], [ -1.362751, 60.4202849 ], [ -1.3614541, 60.4253032 ], [ -1.3636346, 60.4292508 ], [ -1.3576755, 60.4308806 ], [ -1.3573208, 60.4337565 ], [ -1.3546735, 60.4384513 ], [ -1.355743, 60.4382078 ], [ -1.3562807, 60.4386781 ], [ -1.3521866, 60.4391594 ], [ -1.3447345, 60.4418982 ], [ -1.3418813, 60.4449764 ], [ -1.3411857, 60.4513317 ], [ -1.3383469, 60.4519372 ], [ -1.3418169, 60.4515772 ], [ -1.3477629, 60.4550901 ], [ -1.3484279, 60.4545637 ], [ -1.3496433, 60.4560556 ], [ -1.3421246, 60.4565799 ], [ -1.3392597, 60.4553177 ], [ -1.3381893, 60.4543202 ], [ -1.337589, 60.4498728 ], [ -1.3360479, 60.4483522 ], [ -1.334512, 60.4480887 ], [ -1.3234515, 60.4484102 ], [ -1.3235303, 60.4494297 ], [ -1.3200093, 60.4518 ], [ -1.3215549, 60.4543849 ], [ -1.3238771, 60.4559185 ], [ -1.3235524, 60.4566711 ], [ -1.3254529, 60.4588311 ], [ -1.3319761, 60.4607764 ], [ -1.3331725, 60.4618373 ], [ -1.3320298, 60.4634747 ], [ -1.3317754, 60.4661222 ], [ -1.3258643, 60.468804 ], [ -1.32467, 60.4711414 ], [ -1.3246886, 60.4733143 ], [ -1.3260187, 60.4753952 ], [ -1.3306838, 60.4774568 ], [ -1.3311229, 60.4784008 ], [ -1.3277276, 60.4802836 ], [ -1.3168134, 60.4793483 ], [ -1.3148939, 60.4810848 ], [ -1.3114683, 60.4821895 ], [ -1.3109759, 60.4831028 ], [ -1.3116995, 60.4841616 ], [ -1.3109942, 60.4848178 ], [ -1.3168027, 60.4885065 ], [ -1.3178116, 60.4902939 ], [ -1.3151542, 60.4929066 ], [ -1.3112329, 60.4928729 ], [ -1.3101808, 60.4935589 ], [ -1.3103403, 60.4954811 ], [ -1.3158676, 60.4979158 ], [ -1.3215349, 60.4967506 ], [ -1.3224317, 60.4973882 ], [ -1.3272852, 60.4950647 ], [ -1.3282679, 60.4924345 ], [ -1.3353925, 60.4853357 ], [ -1.3344021, 60.4822592 ], [ -1.3304764, 60.4802014 ], [ -1.332055, 60.4782753 ], [ -1.3338405, 60.4779664 ], [ -1.3449836, 60.4797284 ], [ -1.3513442, 60.4798869 ], [ -1.3497591, 60.4791852 ], [ -1.3516916, 60.4787977 ], [ -1.3548332, 60.4789836 ], [ -1.353723, 60.4791021 ], [ -1.3542274, 60.4794448 ], [ -1.356363, 60.4789011 ], [ -1.3566158, 60.4789068 ], [ -1.3570261, 60.4791315 ], [ -1.3571957, 60.4791072 ], [ -1.3542837, 60.479542 ], [ -1.3529224, 60.4805707 ], [ -1.3530375, 60.481734 ], [ -1.3446948, 60.4839506 ], [ -1.3419742, 60.4861306 ], [ -1.3396462, 60.4867054 ], [ -1.340441, 60.4870766 ], [ -1.3373282, 60.4889206 ], [ -1.3360092, 60.4924696 ], [ -1.335915, 60.4954761 ], [ -1.33402, 60.4989485 ], [ -1.334425, 60.5019961 ], [ -1.3399488, 60.5015371 ], [ -1.3428643, 60.5036105 ], [ -1.3390465, 60.5057562 ], [ -1.3343391, 60.5068665 ], [ -1.326649, 60.5066984 ], [ -1.3248618, 60.5079445 ], [ -1.324187, 60.5099338 ], [ -1.3245899, 60.5114198 ], [ -1.325276, 60.5109854 ], [ -1.3285942, 60.5122734 ], [ -1.3286644, 60.514994 ], [ -1.333575, 60.514737 ], [ -1.3329706, 60.515321 ], [ -1.3345376, 60.5182628 ], [ -1.337515, 60.5195187 ], [ -1.3496014, 60.5191916 ], [ -1.3523657, 60.5170445 ], [ -1.3570025, 60.5159431 ], [ -1.361165, 60.5170427 ], [ -1.3559778, 60.5186973 ], [ -1.3528628, 60.5208952 ], [ -1.3515362, 60.5188685 ], [ -1.3503528, 60.5188854 ], [ -1.3519138, 60.5217946 ], [ -1.3482177, 60.5231224 ], [ -1.3289153, 60.522971 ], [ -1.3264681, 60.5234048 ], [ -1.3237341, 60.5253742 ], [ -1.3247848, 60.5251103 ], [ -1.325869, 60.5259039 ], [ -1.3252018, 60.5261426 ], [ -1.3291823, 60.5273438 ], [ -1.3299405, 60.5288733 ], [ -1.3358241, 60.5288248 ], [ -1.3394558, 60.5299065 ], [ -1.3525044, 60.5291381 ], [ -1.3598228, 60.5269573 ], [ -1.3663345, 60.526597 ], [ -1.3642582, 60.5272632 ], [ -1.3636138, 60.5282741 ], [ -1.3580486, 60.5298296 ], [ -1.3585849, 60.5316668 ], [ -1.3566839, 60.5331641 ], [ -1.3521518, 60.5395911 ], [ -1.3531309, 60.5415997 ], [ -1.3491541, 60.5404979 ], [ -1.3501465, 60.5401892 ], [ -1.3475337, 60.5401595 ], [ -1.3450139, 60.5376271 ], [ -1.3417171, 60.5366945 ], [ -1.3394103, 60.5371206 ], [ -1.3353195, 60.539794 ], [ -1.3320439, 60.5401967 ], [ -1.3306239, 60.5400597 ], [ -1.3274207, 60.5370149 ], [ -1.3247868, 60.537533 ], [ -1.321576, 60.5365832 ], [ -1.3202318, 60.5373349 ], [ -1.3196741, 60.5387218 ], [ -1.317067, 60.5396965 ], [ -1.3171952, 60.5406268 ], [ -1.3153838, 60.5411978 ], [ -1.3165754, 60.5435373 ], [ -1.3153194, 60.5447068 ], [ -1.3170322, 60.5479389 ], [ -1.3167533, 60.5487126 ], [ -1.3158432, 60.5494045 ], [ -1.3115549, 60.5494299 ], [ -1.3116203, 60.5505593 ], [ -1.316874, 60.5498847 ], [ -1.317118, 60.5543236 ], [ -1.3144573, 60.5550852 ], [ -1.3141322, 60.5563402 ], [ -1.3149691, 60.5562348 ], [ -1.3138318, 60.5575321 ], [ -1.3146971, 60.5575034 ], [ -1.3137675, 60.5579646 ], [ -1.3153982, 60.5599369 ], [ -1.3142181, 60.5609282 ], [ -1.3148259, 60.5625026 ], [ -1.3141697, 60.5673821 ], [ -1.3123555, 60.5680942 ], [ -1.3114918, 60.5713634 ], [ -1.315543, 60.5713655 ], [ -1.3172597, 60.5724788 ], [ -1.3162371, 60.5738812 ], [ -1.3183626, 60.5745135 ], [ -1.3213237, 60.5729596 ], [ -1.3238987, 60.5736406 ], [ -1.3230403, 60.5776781 ], [ -1.3235889, 60.5786226 ], [ -1.328367, 60.577713 ], [ -1.330616, 60.5781814 ], [ -1.335509, 60.5828186 ], [ -1.3320652, 60.5855747 ], [ -1.3237925, 60.5867652 ], [ -1.3204942, 60.5835798 ], [ -1.3190455, 60.5832554 ], [ -1.3118943, 60.5886254 ], [ -1.310006, 60.5886628 ], [ -1.3094278, 60.5902475 ], [ -1.3079736, 60.5913121 ], [ -1.3088347, 60.5915722 ], [ -1.308008, 60.592488 ], [ -1.308523, 60.5927357 ], [ -1.3038907, 60.594962 ], [ -1.303457, 60.5954325 ], [ -1.3066315, 60.5974409 ], [ -1.3035513, 60.5985635 ], [ -1.3063228, 60.6004652 ], [ -1.3054599, 60.6012784 ], [ -1.3068772, 60.6012908 ], [ -1.3093401, 60.6032109 ], [ -1.3064767, 60.604916 ], [ -1.3036077, 60.6047578 ], [ -1.3039321, 60.6054859 ], [ -1.3054784, 60.6056167 ], [ -1.305343, 60.6066741 ], [ -1.3038668, 60.6069877 ], [ -1.3044255, 60.6075354 ], [ -1.3030664, 60.6084931 ], [ -1.3045413, 60.6100317 ], [ -1.3024968, 60.6116474 ], [ -1.3051381, 60.6139091 ], [ -1.3031389, 60.6158099 ], [ -1.3038797, 60.6179222 ], [ -1.3030625, 60.618516 ], [ -1.3054677, 60.6187869 ], [ -1.3007284, 60.6195292 ], [ -1.3003634, 60.6207317 ], [ -1.3021717, 60.620688 ], [ -1.301272, 60.6208847 ], [ -1.3026341, 60.6241606 ], [ -1.3034901, 60.6245904 ], [ -1.3044076, 60.6240136 ], [ -1.3044279, 60.6227667 ], [ -1.3054524, 60.6239841 ], [ -1.3081452, 60.6236793 ], [ -1.3081246, 60.6246399 ], [ -1.3091545, 60.6251884 ], [ -1.3096159, 60.6241223 ], [ -1.3103845, 60.6249254 ], [ -1.311457, 60.6239029 ], [ -1.3153094, 60.6253547 ], [ -1.314237, 60.6263728 ], [ -1.3148907, 60.6265736 ], [ -1.3142989, 60.6277647 ], [ -1.3161532, 60.6295767 ], [ -1.3144949, 60.6301957 ], [ -1.3119763, 60.6286956 ], [ -1.3101771, 60.6295034 ], [ -1.309777, 60.6302645 ], [ -1.3116249, 60.6306062 ], [ -1.3091811, 60.6324925 ], [ -1.3091709, 60.6330187 ], [ -1.3104356, 60.6328043 ], [ -1.3079474, 60.6354715 ], [ -1.3076787, 60.6369246 ], [ -1.3083398, 60.6376463 ], [ -1.3098308, 60.6375353 ], [ -1.310868, 60.6364865 ], [ -1.3118288, 60.6368571 ], [ -1.3120682, 60.6362654 ], [ -1.3100682, 60.6360275 ], [ -1.3116248, 60.6355167 ], [ -1.3113595, 60.6349063 ], [ -1.3126034, 60.6350416 ], [ -1.3118263, 60.6347736 ], [ -1.312447, 60.6339526 ], [ -1.3137229, 60.6342857 ], [ -1.3132044, 60.6333699 ], [ -1.3137957, 60.6329873 ], [ -1.316259, 60.6329923 ], [ -1.3174037, 60.6304562 ], [ -1.3206718, 60.6314542 ], [ -1.3207606, 60.6306637 ], [ -1.3228142, 60.629359 ], [ -1.3232675, 60.6272725 ], [ -1.3245993, 60.6260278 ], [ -1.3238346, 60.6241428 ], [ -1.3270837, 60.622532 ], [ -1.3283387, 60.6228673 ], [ -1.3295846, 60.6216601 ], [ -1.329238, 60.6230156 ], [ -1.3305154, 60.621627 ], [ -1.331752, 60.6223709 ], [ -1.3309456, 60.6233152 ], [ -1.3323478, 60.6238552 ], [ -1.3319805, 60.6255523 ], [ -1.3339351, 60.6243083 ], [ -1.3345966, 60.6253751 ], [ -1.3356838, 60.6253091 ], [ -1.3353901, 60.6246503 ], [ -1.335607, 60.6245018 ], [ -1.3362777, 60.6254074 ], [ -1.3387864, 60.6249109 ], [ -1.3397038, 60.6270601 ], [ -1.3404513, 60.6264327 ], [ -1.3405652, 60.6242566 ], [ -1.3408909, 60.6253268 ], [ -1.3418549, 60.6250982 ], [ -1.3416345, 60.6263845 ], [ -1.3424436, 60.6275226 ], [ -1.3440383, 60.627587 ], [ -1.3443542, 60.6259923 ], [ -1.3459801, 60.6261493 ], [ -1.3459616, 60.6251737 ], [ -1.3448185, 60.6245797 ], [ -1.3465528, 60.621642 ], [ -1.3499939, 60.6204491 ], [ -1.3501054, 60.6192727 ], [ -1.3476546, 60.6200037 ], [ -1.3496914, 60.6189427 ], [ -1.3513093, 60.6151359 ], [ -1.3507576, 60.6138399 ], [ -1.3480724, 60.6126608 ], [ -1.3407, 60.612001 ], [ -1.3412757, 60.6110925 ], [ -1.3406641, 60.611298 ], [ -1.3395674, 60.6094849 ], [ -1.3378082, 60.6084276 ], [ -1.3374829, 60.6058509 ], [ -1.3343935, 60.6054992 ], [ -1.3338675, 60.6033316 ], [ -1.3312918, 60.6013363 ], [ -1.3311135, 60.6004803 ], [ -1.3334633, 60.5997265 ], [ -1.3328775, 60.5996764 ], [ -1.3328408, 60.5996367 ], [ -1.3385613, 60.5991816 ], [ -1.3392549, 60.5998623 ], [ -1.3374835, 60.6019884 ], [ -1.3377923, 60.6045173 ], [ -1.3411714, 60.6050657 ], [ -1.3414917, 60.6043264 ], [ -1.3432063, 60.6066746 ], [ -1.3468324, 60.6047405 ], [ -1.3485726, 60.6048595 ], [ -1.3474649, 60.6070639 ], [ -1.3485781, 60.6076274 ], [ -1.3483283, 60.6088299 ], [ -1.3496548, 60.6099608 ], [ -1.3539278, 60.6091302 ], [ -1.354169, 60.6080261 ], [ -1.3569662, 60.6085725 ], [ -1.3557125, 60.6094216 ], [ -1.3583505, 60.6102062 ], [ -1.3587668, 60.6092473 ], [ -1.361743, 60.6082683 ], [ -1.3616414, 60.6065269 ], [ -1.3624663, 60.6056745 ], [ -1.3625429, 60.606304 ], [ -1.3641836, 60.6058087 ], [ -1.3633613, 60.6085211 ], [ -1.3646691, 60.6095322 ], [ -1.3663728, 60.6085178 ], [ -1.3707716, 60.6079457 ], [ -1.3697471, 60.6069431 ], [ -1.3706915, 60.6062589 ], [ -1.3728957, 60.6068227 ], [ -1.3735237, 60.6060134 ], [ -1.3752482, 60.6058286 ], [ -1.3754641, 60.6071878 ], [ -1.3771822, 60.6070593 ], [ -1.3765862, 60.6083175 ], [ -1.377342, 60.6088663 ], [ -1.3782592, 60.608297 ], [ -1.3798283, 60.6095783 ], [ -1.3828762, 60.6089881 ], [ -1.3849534, 60.6074536 ], [ -1.384693, 60.6090549 ], [ -1.3863251, 60.6101235 ], [ -1.387702, 60.6097966 ], [ -1.3880909, 60.6110456 ], [ -1.3891462, 60.6108333 ], [ -1.3886203, 60.6117712 ], [ -1.3899231, 60.611681 ], [ -1.3901004, 60.6125903 ], [ -1.3941834, 60.612121 ], [ -1.3976872, 60.6106488 ], [ -1.3955335, 60.6121189 ], [ -1.4030348, 60.6110456 ], [ -1.4036387, 60.6114792 ], [ -1.4035704, 60.6141949 ], [ -1.406132, 60.6138841 ], [ -1.4055282, 60.6156566 ], [ -1.4108589, 60.6143943 ], [ -1.4187444, 60.6155815 ], [ -1.4219426, 60.6141997 ], [ -1.4204232, 60.6141468 ], [ -1.4222469, 60.6130319 ], [ -1.4188444, 60.6130679 ], [ -1.4224679, 60.6118702 ], [ -1.4195405, 60.6119397 ], [ -1.418985, 60.6113402 ], [ -1.4223392, 60.6108608 ], [ -1.421906, 60.6097888 ], [ -1.422935, 60.6105371 ], [ -1.4244788, 60.6100461 ], [ -1.4237061, 60.6094804 ], [ -1.4248948, 60.6088382 ], [ -1.4236037, 60.6089398 ], [ -1.4259652, 60.6080131 ], [ -1.425742, 60.6066741 ], [ -1.4277582, 60.6073916 ], [ -1.4285965, 60.6065323 ], [ -1.4311277, 60.6063394 ], [ -1.4318226, 60.6060282 ], [ -1.4316085, 60.6052084 ], [ -1.4326355, 60.6050433 ], [ -1.4322158, 60.6043696 ], [ -1.4337444, 60.6054947 ], [ -1.4347718, 60.6032072 ], [ -1.4276469, 60.6025229 ], [ -1.4191641, 60.6038214 ], [ -1.4182559, 60.6031308 ], [ -1.4199088, 60.6025899 ], [ -1.4191677, 60.6020187 ], [ -1.427394, 60.5994917 ], [ -1.4280571, 60.5984245 ], [ -1.4289709, 60.5986269 ], [ -1.432285, 60.5965275 ], [ -1.4347651, 60.5959104 ], [ -1.4352304, 60.5967806 ], [ -1.4369246, 60.596533 ], [ -1.4394052, 60.5939017 ], [ -1.4415471, 60.5936373 ], [ -1.4419756, 60.5926985 ], [ -1.4412591, 60.5923957 ], [ -1.4452678, 60.5880631 ], [ -1.4442958, 60.5872794 ], [ -1.4444463, 60.5852229 ], [ -1.4434847, 60.5843319 ], [ -1.4389159, 60.5848851 ], [ -1.4359958, 60.5838268 ], [ -1.4364042, 60.5827055 ], [ -1.433859, 60.5821483 ], [ -1.4355948, 60.5797509 ], [ -1.4328874, 60.5789474 ], [ -1.4323579, 60.5779261 ], [ -1.4363801, 60.5771111 ], [ -1.4342498, 60.574733 ], [ -1.4345472, 60.5737693 ], [ -1.4368712, 60.5733311 ], [ -1.4371763, 60.5726132 ], [ -1.4412759, 60.5735699 ], [ -1.4422703, 60.5724904 ], [ -1.4477864, 60.571559 ], [ -1.4500264, 60.5718934 ], [ -1.4496867, 60.5713318 ], [ -1.4509848, 60.5710541 ], [ -1.4501431, 60.570225 ], [ -1.4535327, 60.5688159 ], [ -1.4561791, 60.5660254 ], [ -1.4593116, 60.5641302 ], [ -1.4656809, 60.5616957 ], [ -1.4725281, 60.5606499 ], [ -1.4749461, 60.5593517 ], [ -1.4755704, 60.5586913 ], [ -1.4750591, 60.5583139 ], [ -1.4731922, 60.5589013 ], [ -1.4706636, 60.5581241 ], [ -1.4702689, 60.556053 ], [ -1.4718047, 60.5535631 ], [ -1.4831257, 60.548548 ], [ -1.4889944, 60.5480723 ], [ -1.4932618, 60.5462345 ], [ -1.4956246, 60.546778 ], [ -1.4958421, 60.5458625 ], [ -1.4929183, 60.5448864 ], [ -1.4929182, 60.5437237 ], [ -1.4955007, 60.5417582 ], [ -1.4973313, 60.5416735 ], [ -1.4960439, 60.5409006 ], [ -1.4976219, 60.5406879 ], [ -1.4966831, 60.5397508 ], [ -1.4967095, 60.5384179 ], [ -1.4956166, 60.5378261 ], [ -1.4970998, 60.5373693 ], [ -1.4980019, 60.5384253 ], [ -1.4982236, 60.5376057 ], [ -1.4974156, 60.5366264 ], [ -1.4963681, 60.536958 ], [ -1.4957809, 60.5360445 ], [ -1.4949313, 60.5361849 ], [ -1.4941306, 60.5341131 ], [ -1.4925066, 60.5329712 ], [ -1.48933, 60.5325543 ], [ -1.4882157, 60.5315759 ], [ -1.4858127, 60.5320111 ], [ -1.4821551, 60.5305604 ], [ -1.4778699, 60.5273698 ], [ -1.473306, 60.522324 ], [ -1.4642681, 60.5153162 ], [ -1.455448, 60.5112941 ], [ -1.4498946, 60.5099273 ], [ -1.4442972, 60.5094689 ], [ -1.4289997, 60.5131975 ], [ -1.4245186, 60.5123092 ], [ -1.4081171, 60.5119726 ], [ -1.3973556, 60.5153586 ], [ -1.3964789, 60.5150047 ], [ -1.3964682, 60.5136219 ], [ -1.3939664, 60.5119648 ], [ -1.4006827, 60.5112302 ], [ -1.4136961, 60.5080736 ], [ -1.4273166, 60.5080295 ], [ -1.433219, 60.5068156 ], [ -1.4369528, 60.5046407 ], [ -1.4446415, 60.5037795 ], [ -1.4471174, 60.504315 ], [ -1.4472727, 60.5049894 ], [ -1.4498002, 60.5046018 ], [ -1.4512958, 60.5052479 ], [ -1.4533821, 60.5074563 ], [ -1.4569234, 60.5090959 ], [ -1.4620039, 60.5101759 ], [ -1.4675568, 60.5102341 ], [ -1.4795968, 60.5155725 ], [ -1.4865924, 60.5207481 ], [ -1.4907242, 60.5220646 ], [ -1.4904608, 60.5227011 ], [ -1.501391, 60.5249465 ], [ -1.5027147, 60.5260442 ], [ -1.5027559, 60.5275153 ], [ -1.504706, 60.5267941 ], [ -1.5069507, 60.5286124 ], [ -1.5081245, 60.5284905 ], [ -1.5077829, 60.5298474 ], [ -1.509031, 60.5293331 ], [ -1.5146717, 60.5298295 ], [ -1.5148538, 60.5307291 ], [ -1.5183157, 60.5316846 ], [ -1.5185971, 60.5323622 ], [ -1.5175105, 60.5331304 ], [ -1.5187131, 60.5337542 ], [ -1.5183832, 60.5351295 ], [ -1.5203137, 60.5351831 ], [ -1.5190698, 60.5364749 ], [ -1.5210761, 60.5360029 ], [ -1.5225353, 60.5371528 ], [ -1.5204312, 60.5422096 ], [ -1.5204208, 60.5435957 ], [ -1.521714, 60.5434123 ], [ -1.5198556, 60.545747 ], [ -1.5211625, 60.5468177 ], [ -1.5194089, 60.5476733 ], [ -1.5213835, 60.5485154 ], [ -1.5205736, 60.5490377 ], [ -1.5226086, 60.5494362 ], [ -1.5215542, 60.5496338 ], [ -1.5212833, 60.550665 ], [ -1.5245227, 60.551872 ], [ -1.5235595, 60.5522401 ], [ -1.5245861, 60.5531092 ], [ -1.5279563, 60.5538217 ], [ -1.5274906, 60.5544712 ], [ -1.5307023, 60.5553901 ], [ -1.5320432, 60.5547611 ], [ -1.5321104, 60.5560588 ], [ -1.5334733, 60.5562758 ], [ -1.5408806, 60.5532838 ], [ -1.5430153, 60.5510889 ], [ -1.5423229, 60.5500194 ], [ -1.5431573, 60.5498709 ], [ -1.5435604, 60.5512745 ], [ -1.5459205, 60.5513751 ], [ -1.5490936, 60.5500742 ], [ -1.5503049, 60.5486879 ], [ -1.5555754, 60.548414 ], [ -1.5557545, 60.5464211 ], [ -1.5541871, 60.5459761 ], [ -1.5598113, 60.5451925 ], [ -1.560616, 60.5426073 ], [ -1.5619363, 60.5412709 ], [ -1.5605405, 60.5400629 ], [ -1.5610914, 60.5387071 ], [ -1.5603642, 60.5368337 ], [ -1.5644956, 60.5386713 ], [ -1.5651287, 60.5385459 ], [ -1.5643422, 60.5381354 ], [ -1.5664488, 60.5377932 ], [ -1.5666542, 60.5355118 ], [ -1.5652022, 60.5338245 ], [ -1.56634, 60.5327648 ], [ -1.5654002, 60.5323532 ], [ -1.5681298, 60.5307662 ], [ -1.5677725, 60.5292472 ], [ -1.5692993, 60.5269171 ], [ -1.5685547, 60.524457 ], [ -1.5666212, 60.5233834 ], [ -1.564739, 60.5240127 ], [ -1.5664439, 60.5214087 ], [ -1.5662096, 60.5201539 ], [ -1.5674643, 60.5202011 ], [ -1.5684848, 60.518203 ], [ -1.5665695, 60.5163787 ], [ -1.5665935, 60.5152565 ], [ -1.5656191, 60.5152623 ], [ -1.5667524, 60.5149517 ], [ -1.5686978, 60.5124575 ], [ -1.5710556, 60.5131789 ], [ -1.5716713, 60.5141326 ], [ -1.5725691, 60.5130266 ], [ -1.5720363, 60.5120014 ], [ -1.5741663, 60.5117685 ], [ -1.5736821, 60.5111959 ], [ -1.5755263, 60.5091421 ], [ -1.5785855, 60.5091347 ], [ -1.5779441, 60.5083004 ], [ -1.5764594, 60.5088039 ], [ -1.5751938, 60.5067196 ], [ -1.5631458, 60.5063413 ], [ -1.5619446, 60.5054943 ], [ -1.5616941, 60.5042547 ], [ -1.5685618, 60.5016935 ], [ -1.568008, 60.5010362 ], [ -1.5687545, 60.5004793 ], [ -1.570463, 60.50109 ], [ -1.5737576, 60.5001317 ], [ -1.5733679, 60.5004657 ], [ -1.5758616, 60.501537 ], [ -1.5767308, 60.5039061 ], [ -1.5807808, 60.5058775 ], [ -1.5812691, 60.5073224 ], [ -1.5831514, 60.5086238 ], [ -1.5837055, 60.5081578 ], [ -1.5829248, 60.5079794 ], [ -1.5850147, 60.5077237 ], [ -1.5851141, 60.5052181 ], [ -1.5884762, 60.5045586 ], [ -1.5883817, 60.5051115 ], [ -1.5885405, 60.5052162 ], [ -1.5897269, 60.5046964 ], [ -1.5918507, 60.507342 ], [ -1.596383, 60.505865 ], [ -1.5978458, 60.50669 ], [ -1.5978159, 60.5074827 ], [ -1.6015461, 60.5090131 ], [ -1.6055316, 60.5084368 ], [ -1.606823, 60.5093025 ], [ -1.6114025, 60.5085393 ], [ -1.6099091, 60.5081935 ], [ -1.6131818, 60.5082033 ], [ -1.6128948, 60.5070802 ], [ -1.6150608, 60.5067029 ], [ -1.614077, 60.5055967 ], [ -1.6131116, 60.5058258 ], [ -1.612962, 60.5041577 ], [ -1.6153899, 60.5033502 ], [ -1.614276, 60.5023695 ], [ -1.616812, 60.5012968 ], [ -1.6151352, 60.5003131 ], [ -1.6163817, 60.5001257 ], [ -1.6154337, 60.4996282 ], [ -1.6174772, 60.4989131 ], [ -1.6165825, 60.4985353 ], [ -1.618115, 60.4984027 ], [ -1.6169421, 60.4979476 ], [ -1.6186977, 60.4977476 ], [ -1.6199598, 60.4960284 ], [ -1.6184657, 60.496131 ], [ -1.6215322, 60.4946961 ], [ -1.6202083, 60.4942098 ], [ -1.6232233, 60.4938377 ], [ -1.6237402, 60.4935001 ], [ -1.6218983, 60.4934121 ], [ -1.6240591, 60.4931861 ], [ -1.6227301, 60.492152 ], [ -1.6252082, 60.4912999 ], [ -1.6198756, 60.4907525 ], [ -1.6280335, 60.4901332 ], [ -1.6302763, 60.4888388 ], [ -1.6296355, 60.4883149 ], [ -1.6302303, 60.4877077 ], [ -1.6329924, 60.4872228 ], [ -1.6311766, 60.4860865 ], [ -1.6324426, 60.4847852 ], [ -1.6313782, 60.4843542 ], [ -1.6321822, 60.4840467 ], [ -1.6314913, 60.4832053 ], [ -1.632006, 60.4827398 ], [ -1.6290154, 60.4809448 ], [ -1.6279404, 60.4815172 ], [ -1.6260578, 60.480698 ], [ -1.6241196, 60.4809327 ], [ -1.6231034, 60.4801102 ], [ -1.6175683, 60.4805049 ], [ -1.6186305, 60.4791289 ], [ -1.6172551, 60.4792883 ], [ -1.6166495, 60.4789706 ], [ -1.6182193, 60.4780512 ], [ -1.6120724, 60.4769911 ], [ -1.6128743, 60.4751842 ], [ -1.6145466, 60.4752833 ], [ -1.6161519, 60.4741163 ], [ -1.6132696, 60.4732999 ], [ -1.6114497, 60.4741476 ], [ -1.6114941, 60.4750006 ], [ -1.6096657, 60.4742725 ], [ -1.6059067, 60.4745219 ], [ -1.6060358, 60.4755317 ], [ -1.6076165, 60.4761763 ], [ -1.6063387, 60.476282 ], [ -1.6073602, 60.4782729 ], [ -1.6065012, 60.4781262 ], [ -1.6069737, 60.4785671 ], [ -1.6061157, 60.4790387 ], [ -1.6031979, 60.4787319 ], [ -1.6007185, 60.4797615 ], [ -1.597499, 60.478837 ], [ -1.5951987, 60.4767147 ], [ -1.5937252, 60.4774527 ], [ -1.5922188, 60.4770315 ], [ -1.5913949, 60.4777455 ], [ -1.5920895, 60.4776237 ], [ -1.5917335, 60.4785914 ], [ -1.5897655, 60.4782382 ], [ -1.5896588, 60.4790995 ], [ -1.5875022, 60.4796002 ], [ -1.5876214, 60.4803807 ], [ -1.5852154, 60.4809448 ], [ -1.5850535, 60.4817393 ], [ -1.5813231, 60.4816615 ], [ -1.5820608, 60.4800366 ], [ -1.5808431, 60.4796575 ], [ -1.5785329, 60.4806289 ], [ -1.5752629, 60.4804138 ], [ -1.5740797, 60.4771329 ], [ -1.5728998, 60.4774358 ], [ -1.5738278, 60.4763618 ], [ -1.573013, 60.4760772 ], [ -1.5728497, 60.4771559 ], [ -1.5721237, 60.4773062 ], [ -1.5712243, 60.4764019 ], [ -1.5711499, 60.4781785 ], [ -1.5722312, 60.4790942 ], [ -1.5691458, 60.4786838 ], [ -1.5681494, 60.4801478 ], [ -1.5685712, 60.4814078 ], [ -1.567543, 60.4817071 ], [ -1.5678705, 60.4823869 ], [ -1.5672911, 60.4820685 ], [ -1.5676055, 60.4824749 ], [ -1.5659473, 60.4834182 ], [ -1.564091, 60.4832536 ], [ -1.5635233, 60.4840668 ], [ -1.5644869, 60.4846627 ], [ -1.5628379, 60.4841528 ], [ -1.5619952, 60.4848285 ], [ -1.5609657, 60.4864523 ], [ -1.5612402, 60.4875504 ], [ -1.5601366, 60.4874866 ], [ -1.5579123, 60.4896386 ], [ -1.5543184, 60.4906731 ], [ -1.5483941, 60.489805 ], [ -1.5477018, 60.4882226 ], [ -1.546341, 60.4879396 ], [ -1.5469253, 60.4874473 ], [ -1.5461054, 60.4862524 ], [ -1.5443573, 60.486297 ], [ -1.5425072, 60.4850891 ], [ -1.5428383, 60.4835499 ], [ -1.541471, 60.4835953 ], [ -1.5378802, 60.481491 ], [ -1.5375121, 60.479345 ], [ -1.5338195, 60.4806631 ], [ -1.5328171, 60.4818684 ], [ -1.5302328, 60.4819267 ], [ -1.5254904, 60.4808863 ], [ -1.5250231, 60.4793624 ], [ -1.5235292, 60.4798253 ], [ -1.5237405, 60.4785509 ], [ -1.521932, 60.4788164 ], [ -1.5215888, 60.479602 ], [ -1.5196067, 60.4792405 ], [ -1.5198124, 60.4786358 ], [ -1.5190438, 60.4783842 ], [ -1.5182647, 60.4792578 ], [ -1.5159453, 60.4791348 ], [ -1.5157638, 60.4804519 ], [ -1.5101467, 60.4802389 ], [ -1.510236, 60.480869 ], [ -1.5023215, 60.4845972 ], [ -1.4963448, 60.4841069 ], [ -1.4961241, 60.4829659 ], [ -1.4970978, 60.4822744 ], [ -1.4964869, 60.4820373 ], [ -1.4972517, 60.4818047 ], [ -1.4962937, 60.4815345 ], [ -1.4968372, 60.4806443 ], [ -1.4977731, 60.4807178 ], [ -1.4960445, 60.480203 ], [ -1.4977223, 60.4802684 ], [ -1.4947607, 60.4790308 ], [ -1.4956737, 60.4784207 ], [ -1.4934557, 60.4775534 ], [ -1.4937642, 60.4763182 ], [ -1.4952819, 60.475691 ], [ -1.4983076, 60.4763056 ], [ -1.5004852, 60.4751386 ], [ -1.5049391, 60.4750331 ], [ -1.507195, 60.4739473 ], [ -1.5068221, 60.4733773 ], [ -1.5081714, 60.4737417 ], [ -1.5085802, 60.4732008 ], [ -1.507305, 60.4723221 ], [ -1.5053809, 60.4718645 ], [ -1.5066531, 60.4706892 ], [ -1.5084904, 60.4705816 ], [ -1.5058664, 60.4696279 ], [ -1.5079324, 60.4695616 ], [ -1.5077732, 60.4687586 ], [ -1.508392, 60.4694157 ], [ -1.5081298, 60.4687835 ], [ -1.5103219, 60.4683291 ], [ -1.5101753, 60.4676326 ], [ -1.5151552, 60.4662968 ], [ -1.5147109, 60.4656049 ], [ -1.5109376, 60.4656736 ], [ -1.5106924, 60.4632395 ], [ -1.5120679, 60.4623853 ], [ -1.5116457, 60.4620821 ], [ -1.5059539, 60.4612413 ], [ -1.5037478, 60.459519 ], [ -1.5044008, 60.4586662 ], [ -1.5010347, 60.4568237 ], [ -1.5043254, 60.4561778 ], [ -1.5020722, 60.4560525 ], [ -1.5026605, 60.454643 ], [ -1.5001374, 60.4544114 ], [ -1.4966076, 60.4527624 ], [ -1.4952477, 60.4530751 ], [ -1.4958993, 60.4534485 ], [ -1.4950346, 60.4538286 ], [ -1.4971802, 60.4544736 ], [ -1.4943912, 60.4551155 ], [ -1.4942737, 60.4573557 ], [ -1.4903214, 60.4572419 ], [ -1.4896443, 60.4575266 ], [ -1.4907427, 60.4587833 ], [ -1.4882613, 60.4585009 ], [ -1.4891758, 60.4600162 ], [ -1.4878705, 60.4603374 ], [ -1.4899132, 60.4611198 ], [ -1.4897356, 60.4626754 ], [ -1.4832934, 60.4647838 ], [ -1.4840591, 60.4651266 ], [ -1.482188, 60.4667331 ], [ -1.4826388, 60.4686836 ], [ -1.480755, 60.4698308 ], [ -1.4816954, 60.4710753 ], [ -1.4840305, 60.4710835 ], [ -1.4852302, 60.4723584 ], [ -1.489042, 60.4733301 ], [ -1.4885562, 60.475536 ], [ -1.4769577, 60.4779547 ], [ -1.4775036, 60.4783745 ], [ -1.4767527, 60.4795899 ], [ -1.4655466, 60.4863081 ], [ -1.4651635, 60.487911 ], [ -1.462989, 60.4899606 ], [ -1.4577867, 60.4906296 ], [ -1.4536734, 60.4898681 ], [ -1.4544245, 60.4896763 ], [ -1.4533455, 60.487834 ], [ -1.4583072, 60.4847553 ], [ -1.4594054, 60.4848002 ], [ -1.4579172, 60.4833515 ], [ -1.4613373, 60.4796678 ], [ -1.4640799, 60.47806 ], [ -1.4652922, 60.4761309 ], [ -1.4640191, 60.4733323 ], [ -1.4627717, 60.4731519 ], [ -1.4656607, 60.4716368 ], [ -1.4660341, 60.4699458 ], [ -1.4676425, 60.4694584 ], [ -1.4653435, 60.4682506 ], [ -1.465508, 60.4676497 ], [ -1.4565068, 60.4668308 ], [ -1.4524662, 60.4672551 ], [ -1.4446817, 60.4699892 ], [ -1.4378969, 60.4735235 ], [ -1.433349, 60.47171 ], [ -1.4304472, 60.4712398 ], [ -1.4303514, 60.4709969 ], [ -1.4328904, 60.4703703 ], [ -1.4406675, 60.4708569 ], [ -1.4417444, 60.4696053 ], [ -1.4409609, 60.4684967 ], [ -1.4430872, 60.4648824 ], [ -1.4521595, 60.4644351 ], [ -1.4535863, 60.4655543 ], [ -1.4647175, 60.46456 ], [ -1.4655016, 60.4635292 ], [ -1.4653003, 60.4619461 ], [ -1.4687089, 60.4619448 ], [ -1.4699396, 60.460362 ], [ -1.4686284, 60.4594976 ], [ -1.4677922, 60.4602535 ], [ -1.4680048, 60.4591243 ], [ -1.4657141, 60.4591782 ], [ -1.466339, 60.4584918 ], [ -1.4652255, 60.4577583 ], [ -1.4659363, 60.4568659 ], [ -1.4653669, 60.4565274 ], [ -1.4664815, 60.4561814 ], [ -1.4664548, 60.4541477 ], [ -1.4642397, 60.453934 ], [ -1.4665954, 60.4538438 ], [ -1.4654482, 60.4520347 ], [ -1.4636577, 60.4514328 ], [ -1.4618841, 60.4533192 ], [ -1.4623475, 60.4511489 ], [ -1.4594725, 60.4507889 ], [ -1.4616464, 60.4507416 ], [ -1.4621522, 60.4498513 ], [ -1.4606096, 60.4504766 ], [ -1.4604207, 60.4498534 ], [ -1.4557116, 60.4502467 ], [ -1.4544946, 60.4513064 ], [ -1.45483, 60.4503672 ], [ -1.4506964, 60.4505981 ], [ -1.4500233, 60.4507931 ], [ -1.4503999, 60.4514704 ], [ -1.4466869, 60.4506627 ], [ -1.4470262, 60.449513 ], [ -1.4459573, 60.4490253 ], [ -1.4352676, 60.4512571 ], [ -1.4246091, 60.4515445 ], [ -1.4221876, 60.4509325 ], [ -1.4267334, 60.4499889 ], [ -1.42949, 60.4505882 ], [ -1.4311875, 60.4499159 ], [ -1.4306358, 60.4497095 ], [ -1.4316708, 60.448118 ], [ -1.4371095, 60.4461668 ], [ -1.4411358, 60.4467979 ], [ -1.4412785, 60.4480604 ], [ -1.4442713, 60.4481526 ], [ -1.4445032, 60.4467951 ], [ -1.4467837, 60.4459251 ], [ -1.446748, 60.4449101 ], [ -1.4495691, 60.4443325 ], [ -1.4503868, 60.4425846 ], [ -1.44908, 60.4415474 ], [ -1.4500739, 60.4410281 ], [ -1.4483972, 60.4411151 ], [ -1.4505233, 60.4388199 ], [ -1.449545, 60.4385198 ], [ -1.4507534, 60.4379568 ], [ -1.4509333, 60.4365516 ], [ -1.4491204, 60.4364153 ], [ -1.4505051, 60.4359688 ], [ -1.45007, 60.4350771 ], [ -1.4509379, 60.4342168 ], [ -1.452686, 60.4343822 ], [ -1.4521257, 60.4339036 ], [ -1.4548734, 60.4350313 ], [ -1.4561434, 60.4347019 ], [ -1.4567062, 60.4325066 ], [ -1.456031, 60.4315807 ], [ -1.457909, 60.4299994 ], [ -1.455981, 60.4291401 ], [ -1.453511, 60.4256015 ], [ -1.4548049, 60.4261336 ], [ -1.455214, 60.4252957 ], [ -1.455646, 60.4259029 ], [ -1.4555734, 60.4251826 ], [ -1.4547432, 60.4251918 ], [ -1.4546883, 60.4239129 ], [ -1.4526016, 60.4235695 ], [ -1.4535978, 60.4247636 ], [ -1.4529902, 60.4250181 ], [ -1.4519001, 60.423798 ], [ -1.4506978, 60.4246735 ], [ -1.4481536, 60.4233987 ], [ -1.4494327, 60.4221217 ], [ -1.4500021, 60.4227685 ], [ -1.4494827, 60.4210416 ], [ -1.4508404, 60.4211458 ], [ -1.4510498, 60.4224089 ], [ -1.4519552, 60.4223691 ], [ -1.452188, 60.4213602 ], [ -1.450391, 60.4198348 ], [ -1.4544571, 60.4191056 ], [ -1.4527226, 60.4177235 ], [ -1.4527476, 60.4157269 ], [ -1.4494175, 60.4156768 ], [ -1.4463804, 60.4139525 ], [ -1.4429434, 60.4147363 ], [ -1.4443438, 60.4162044 ], [ -1.4422957, 60.4149991 ], [ -1.4418542, 60.4160486 ], [ -1.4407915, 60.4159398 ], [ -1.4372647, 60.4144287 ], [ -1.4336302, 60.414455 ], [ -1.4304524, 60.413333 ], [ -1.4270917, 60.4144374 ], [ -1.4277454, 60.4158997 ], [ -1.4249894, 60.4149652 ], [ -1.419738, 60.4149746 ], [ -1.4161285, 60.4156367 ], [ -1.4159904, 60.4167939 ], [ -1.4135335, 60.4167156 ], [ -1.4125358, 60.4174104 ], [ -1.4087694, 60.4169295 ], [ -1.402541, 60.4177535 ], [ -1.4011551, 60.4171838 ], [ -1.3987105, 60.4188705 ], [ -1.3952898, 60.4166892 ], [ -1.3959846, 60.4154842 ], [ -1.3902772, 60.4084145 ], [ -1.3917035, 60.4079463 ], [ -1.3940793, 60.4085096 ], [ -1.3991024, 60.4133291 ], [ -1.4007569, 60.4138515 ], [ -1.4041706, 60.4126729 ], [ -1.4066778, 60.4141982 ], [ -1.4089548, 60.4139888 ], [ -1.4134505, 60.4114143 ], [ -1.4138324, 60.4101983 ], [ -1.4129876, 60.4082238 ], [ -1.4143726, 60.4074128 ], [ -1.4157417, 60.4044514 ], [ -1.4147016, 60.403742 ], [ -1.4102117, 60.4036234 ], [ -1.409773, 60.4002859 ], [ -1.400836, 60.3972741 ], [ -1.397819, 60.397045 ], [ -1.3959305, 60.3985808 ], [ -1.3940639, 60.3984466 ], [ -1.3917932, 60.4009997 ], [ -1.3909423, 60.3994335 ], [ -1.3863587, 60.3985371 ], [ -1.3853853, 60.397711 ], [ -1.3904925, 60.3977704 ], [ -1.3905561, 60.396792 ], [ -1.3932946, 60.3963825 ], [ -1.3946852, 60.3952755 ], [ -1.3975234, 60.3968327 ], [ -1.4018183, 60.3951641 ], [ -1.4052224, 60.3950625 ], [ -1.4048616, 60.3944503 ], [ -1.4075947, 60.3958184 ], [ -1.4096475, 60.3956883 ], [ -1.409221, 60.3951926 ], [ -1.4098758, 60.3946038 ], [ -1.4089474, 60.3932744 ], [ -1.410753, 60.3927527 ], [ -1.4102883, 60.3918617 ], [ -1.4120653, 60.3919234 ], [ -1.4122447, 60.3890151 ], [ -1.4097588, 60.386526 ], [ -1.4066332, 60.3858342 ], [ -1.4049594, 60.3837176 ], [ -1.3980277, 60.3824833 ], [ -1.3918533, 60.3791916 ], [ -1.3883148, 60.3799681 ], [ -1.3827441, 60.377141 ], [ -1.3776325, 60.3768174 ], [ -1.3760652, 60.377506 ], [ -1.3766216, 60.3789451 ], [ -1.3741262, 60.381215 ], [ -1.3739153, 60.3845468 ], [ -1.369014, 60.386236 ], [ -1.3671106, 60.3912174 ], [ -1.3661675, 60.3919536 ], [ -1.3568209, 60.3949315 ], [ -1.35329, 60.3944785 ], [ -1.3516659, 60.3915633 ], [ -1.3530048, 60.3897327 ], [ -1.3523185, 60.3889419 ], [ -1.3525408, 60.3868833 ], [ -1.3511379, 60.3848104 ], [ -1.3446271, 60.3846619 ], [ -1.3436518, 60.3826476 ], [ -1.3458081, 60.3821222 ], [ -1.3470223, 60.3832639 ], [ -1.3496527, 60.3818833 ], [ -1.3498693, 60.3810215 ], [ -1.3488365, 60.380247 ], [ -1.3518441, 60.3766593 ], [ -1.3515099, 60.3748593 ], [ -1.3525356, 60.3734286 ], [ -1.3601327, 60.373002 ], [ -1.3632706, 60.3713739 ], [ -1.362723, 60.3704465 ], [ -1.3648137, 60.3698774 ], [ -1.3643422, 60.3693229 ], [ -1.3507845, 60.3678343 ], [ -1.3471157, 60.3659012 ], [ -1.3431405, 60.3652442 ], [ -1.3361067, 60.3661296 ], [ -1.3345877, 60.3676819 ], [ -1.3261345, 60.3686629 ], [ -1.3155396, 60.368364 ], [ -1.3118914, 60.3695298 ], [ -1.3017808, 60.3697588 ], [ -1.294805, 60.3677604 ], [ -1.2921155, 60.3664379 ], [ -1.2918215, 60.3653279 ], [ -1.2877772, 60.3634911 ], [ -1.2868419, 60.3619889 ], [ -1.2866103, 60.3590637 ], [ -1.2848821, 60.3567022 ], [ -1.2763392, 60.3554333 ], [ -1.2707286, 60.3559175 ], [ -1.2712114, 60.3551967 ], [ -1.2691682, 60.3536708 ], [ -1.2643304, 60.3526919 ], [ -1.2621568, 60.3514559 ], [ -1.2653913, 60.3505675 ], [ -1.2666774, 60.350781 ], [ -1.2664423, 60.351494 ], [ -1.2673464, 60.3502865 ], [ -1.2715645, 60.3498415 ], [ -1.2729007, 60.3510622 ], [ -1.2787215, 60.3533739 ], [ -1.2844545, 60.3538867 ], [ -1.291704, 60.3585257 ], [ -1.3002734, 60.3606924 ], [ -1.3042483, 60.3601651 ], [ -1.3065948, 60.3586433 ], [ -1.316978, 60.3579183 ], [ -1.3210668, 60.3584511 ], [ -1.3283813, 60.3574467 ], [ -1.3325315, 60.359262 ], [ -1.3399341, 60.3596981 ], [ -1.341323, 60.3578984 ], [ -1.3403903, 60.3567703 ], [ -1.3340048, 60.352939 ], [ -1.3381792, 60.349295 ], [ -1.3387836, 60.3474744 ], [ -1.33829, 60.3425482 ], [ -1.3344277, 60.3385345 ], [ -1.332277, 60.3382963 ], [ -1.3313377, 60.3371965 ], [ -1.3354718, 60.3371601 ], [ -1.336837, 60.336253 ], [ -1.3367272, 60.3349275 ], [ -1.3400739, 60.3347254 ], [ -1.34523, 60.3374206 ], [ -1.3463558, 60.3389126 ], [ -1.3478182, 60.3443562 ], [ -1.3521946, 60.3455422 ], [ -1.3556064, 60.345245 ], [ -1.3603718, 60.3420536 ], [ -1.3651856, 60.3412505 ], [ -1.3686626, 60.3372824 ], [ -1.3700925, 60.336952 ], [ -1.3676012, 60.3334583 ], [ -1.368628, 60.3310628 ], [ -1.369535, 60.3307728 ], [ -1.3672764, 60.3295789 ], [ -1.3666324, 60.3278524 ], [ -1.3689054, 60.3259773 ], [ -1.3698545, 60.3235208 ], [ -1.3709629, 60.3231106 ], [ -1.3700402, 60.3228512 ], [ -1.3704693, 60.322184 ], [ -1.3710691, 60.3231096 ], [ -1.3751774, 60.3237333 ], [ -1.3760666, 60.3226121 ], [ -1.3696905, 60.3212525 ], [ -1.3686393, 60.320013 ], [ -1.3674811, 60.3160493 ], [ -1.3685859, 60.3114724 ], [ -1.3695348, 60.3111734 ], [ -1.3668933, 60.3098355 ], [ -1.3662876, 60.3063541 ], [ -1.3646307, 60.3046242 ], [ -1.3594248, 60.3029124 ], [ -1.3538667, 60.304541 ], [ -1.3449705, 60.3048228 ], [ -1.3389409, 60.3027508 ], [ -1.3454855, 60.3027199 ], [ -1.3475925, 60.3036597 ], [ -1.3538111, 60.3030814 ], [ -1.3581452, 60.3003986 ], [ -1.3616925, 60.3012852 ], [ -1.3628561, 60.3000788 ], [ -1.362304, 60.2993807 ], [ -1.3644617, 60.2989062 ], [ -1.3663572, 60.2994615 ], [ -1.3672505, 60.2975092 ], [ -1.3668666, 60.295572 ], [ -1.3677574, 60.2918285 ], [ -1.3672051, 60.2883893 ], [ -1.3692892, 60.285835 ], [ -1.3754852, 60.2855988 ], [ -1.3753382, 60.2849563 ], [ -1.376768, 60.2852411 ], [ -1.3736571, 60.2870693 ], [ -1.3784592, 60.2866035 ], [ -1.3802966, 60.2873817 ], [ -1.3814304, 60.2911842 ], [ -1.3815815, 60.2955294 ], [ -1.3789836, 60.2976465 ], [ -1.3798986, 60.2995864 ], [ -1.3848564, 60.3011891 ], [ -1.3859457, 60.3027853 ], [ -1.3898409, 60.3052618 ], [ -1.388755, 60.3063114 ], [ -1.3859583, 60.3063738 ], [ -1.3849504, 60.3073973 ], [ -1.3877021, 60.3137112 ], [ -1.3897195, 60.3149435 ], [ -1.3922237, 60.3148812 ], [ -1.3941961, 60.3155464 ], [ -1.3939341, 60.3162623 ], [ -1.4002109, 60.3172471 ], [ -1.40749, 60.320058 ], [ -1.4121568, 60.3203325 ], [ -1.4177564, 60.3151583 ], [ -1.4193582, 60.3152589 ], [ -1.4199217, 60.3169067 ], [ -1.4225043, 60.319611 ], [ -1.4217358, 60.3206153 ], [ -1.4221588, 60.3217072 ], [ -1.4255593, 60.3219283 ], [ -1.4229116, 60.3235428 ], [ -1.4249022, 60.324879 ], [ -1.422795, 60.3251864 ], [ -1.4232014, 60.3270077 ], [ -1.4260405, 60.3274361 ], [ -1.425656, 60.3279245 ], [ -1.4269811, 60.3290705 ], [ -1.4304541, 60.3282344 ], [ -1.4306813, 60.3275706 ], [ -1.4298086, 60.3270654 ], [ -1.4304301, 60.3256416 ], [ -1.4347279, 60.3257843 ], [ -1.4335547, 60.324816 ], [ -1.4343762, 60.3242206 ], [ -1.4345769, 60.3223318 ], [ -1.4370273, 60.3214265 ], [ -1.4433838, 60.3225365 ], [ -1.4424642, 60.321683 ], [ -1.442523, 60.320546 ], [ -1.4453141, 60.3222102 ], [ -1.4462651, 60.3210917 ], [ -1.447075, 60.3227174 ], [ -1.4498717, 60.3228515 ], [ -1.4491663, 60.3207723 ], [ -1.4464451, 60.3205093 ], [ -1.4457963, 60.3189435 ], [ -1.4497601, 60.3199738 ], [ -1.4491475, 60.3189164 ], [ -1.4465301, 60.3188532 ], [ -1.4505079, 60.3173247 ], [ -1.4524039, 60.3179423 ], [ -1.4556375, 60.3174284 ], [ -1.4565903, 60.316179 ], [ -1.4583117, 60.3157282 ], [ -1.4595275, 60.3136856 ], [ -1.4631134, 60.3138704 ], [ -1.4637323, 60.312688 ], [ -1.4629922, 60.3123089 ], [ -1.4648914, 60.3111842 ], [ -1.4644098, 60.3101871 ], [ -1.4629277, 60.309802 ], [ -1.456536, 60.3106052 ], [ -1.4524417, 60.309507 ], [ -1.4521394, 60.3088081 ], [ -1.4507979, 60.3090874 ], [ -1.4501411, 60.3080756 ], [ -1.4461695, 60.3101614 ], [ -1.4438121, 60.3086271 ], [ -1.4379729, 60.309097 ], [ -1.4392139, 60.3081716 ], [ -1.4502073, 60.307787 ], [ -1.4517664, 60.3061347 ], [ -1.4557555, 60.3070919 ], [ -1.4576171, 60.3061831 ], [ -1.4591731, 60.3066871 ], [ -1.4661514, 60.3058796 ], [ -1.4662254, 60.3048959 ], [ -1.4634945, 60.3048131 ], [ -1.4626063, 60.3039408 ], [ -1.4636413, 60.302661 ], [ -1.4634649, 60.3015938 ], [ -1.460391, 60.3019807 ], [ -1.4579084, 60.3007279 ], [ -1.45447, 60.3010445 ], [ -1.4482639, 60.2996074 ], [ -1.4440653, 60.3003455 ], [ -1.4428421, 60.2986757 ], [ -1.4448795, 60.2971885 ], [ -1.4491576, 60.2975558 ], [ -1.4517845, 60.2950072 ], [ -1.4546898, 60.2950712 ], [ -1.4509929, 60.2974897 ], [ -1.4531444, 60.2972275 ], [ -1.451837, 60.2988942 ], [ -1.4552046, 60.2996284 ], [ -1.4567842, 60.2995247 ], [ -1.4577326, 60.2985171 ], [ -1.4611076, 60.3000939 ], [ -1.4667523, 60.2990784 ], [ -1.4680335, 60.301508 ], [ -1.4671183, 60.3023708 ], [ -1.4697639, 60.3027515 ], [ -1.4707563, 60.3053984 ], [ -1.4746179, 60.3075671 ], [ -1.4766172, 60.3078783 ], [ -1.478596, 60.3071193 ], [ -1.4793131, 60.3058689 ], [ -1.4805897, 60.3065514 ], [ -1.4825256, 60.3060811 ], [ -1.4852233, 60.3075156 ], [ -1.4875774, 60.3071919 ], [ -1.4889429, 60.3046838 ], [ -1.4814548, 60.3029793 ], [ -1.4817319, 60.3014502 ], [ -1.480195, 60.2996152 ], [ -1.4810264, 60.2947087 ], [ -1.4785892, 60.2933049 ], [ -1.4813222, 60.2908642 ], [ -1.477581, 60.2908833 ], [ -1.4780984, 60.2887504 ], [ -1.4742891, 60.2886575 ], [ -1.4732542, 60.2879317 ], [ -1.4651183, 60.2904165 ], [ -1.4621554, 60.2926384 ], [ -1.4611599, 60.2920903 ], [ -1.4627394, 60.2909604 ], [ -1.4591897, 60.2888436 ], [ -1.462049, 60.2875079 ], [ -1.4647365, 60.2883266 ], [ -1.4647751, 60.2891209 ], [ -1.4697422, 60.2880278 ], [ -1.4704037, 60.2875136 ], [ -1.4687652, 60.2868053 ], [ -1.4683736, 60.2853541 ], [ -1.4694309, 60.2842908 ], [ -1.4690173, 60.2838584 ], [ -1.4710987, 60.2836438 ], [ -1.4714812, 60.2851951 ], [ -1.4747324, 60.2836928 ], [ -1.4739684, 60.2835658 ], [ -1.4743817, 60.2830565 ], [ -1.4770589, 60.2831125 ], [ -1.4769837, 60.2823224 ], [ -1.4783054, 60.281721 ], [ -1.4771948, 60.2814701 ], [ -1.479457, 60.2808517 ], [ -1.47824, 60.2797484 ], [ -1.4789098, 60.2797338 ], [ -1.4785732, 60.2791051 ], [ -1.4775076, 60.2789532 ], [ -1.4782626, 60.2786636 ], [ -1.4775549, 60.278056 ], [ -1.4780159, 60.2766799 ], [ -1.4762544, 60.2782243 ], [ -1.4783884, 60.2801064 ], [ -1.4761775, 60.2817124 ], [ -1.4756842, 60.2815713 ], [ -1.4768463, 60.2796393 ], [ -1.4751586, 60.2793678 ], [ -1.4729387, 60.2804604 ], [ -1.4723976, 60.2799836 ], [ -1.4737168, 60.279329 ], [ -1.4722974, 60.2791406 ], [ -1.4715136, 60.277885 ], [ -1.4757589, 60.2769374 ], [ -1.4769762, 60.2747062 ], [ -1.4782827, 60.2743442 ], [ -1.4813549, 60.2747388 ], [ -1.4796139, 60.2758791 ], [ -1.4803518, 60.2759369 ], [ -1.4798451, 60.2771333 ], [ -1.4804733, 60.2793716 ], [ -1.4819313, 60.2798722 ], [ -1.4808882, 60.2807145 ], [ -1.4817009, 60.2810497 ], [ -1.4806989, 60.2824799 ], [ -1.4817894, 60.2832802 ], [ -1.4799687, 60.2849353 ], [ -1.478238, 60.2839752 ], [ -1.476774, 60.2841707 ], [ -1.4770189, 60.2849553 ], [ -1.4783232, 60.2849956 ], [ -1.4772844, 60.2858487 ], [ -1.4790976, 60.2861941 ], [ -1.4812907, 60.2850026 ], [ -1.4826764, 60.2861389 ], [ -1.484691, 60.2860978 ], [ -1.4839074, 60.2880449 ], [ -1.4824887, 60.2888001 ], [ -1.4837531, 60.2891208 ], [ -1.4839493, 60.2914155 ], [ -1.4850827, 60.2914057 ], [ -1.484142, 60.2927677 ], [ -1.4853874, 60.2929603 ], [ -1.48612, 60.2940589 ], [ -1.4855027, 60.2945668 ], [ -1.4875587, 60.2949182 ], [ -1.4875858, 60.2959873 ], [ -1.4865693, 60.2965981 ], [ -1.4892713, 60.2978026 ], [ -1.488059, 60.2996855 ], [ -1.4886935, 60.3009601 ], [ -1.4903912, 60.3012579 ], [ -1.4907366, 60.3034112 ], [ -1.4919919, 60.3031711 ], [ -1.4910796, 60.3040653 ], [ -1.4909368, 60.3066576 ], [ -1.4951984, 60.3100291 ], [ -1.4960643, 60.3123977 ], [ -1.4952195, 60.3125423 ], [ -1.4949969, 60.3130961 ], [ -1.4960057, 60.3134639 ], [ -1.4953845, 60.3137753 ], [ -1.4978109, 60.3148416 ], [ -1.4971827, 60.3152393 ], [ -1.4974722, 60.3165373 ], [ -1.4962423, 60.3168251 ], [ -1.4965717, 60.3174012 ], [ -1.4987271, 60.3181243 ], [ -1.501857, 60.317069 ], [ -1.5054701, 60.319444 ], [ -1.5111675, 60.3189631 ], [ -1.5177413, 60.3164789 ], [ -1.5187163, 60.3153481 ], [ -1.5182136, 60.3161298 ], [ -1.5255232, 60.3133754 ], [ -1.5301569, 60.3125789 ], [ -1.5354394, 60.3100182 ], [ -1.5364385, 60.308493 ], [ -1.5359397, 60.3081821 ], [ -1.5367283, 60.3078544 ], [ -1.5393864, 60.3087925 ], [ -1.5416582, 60.3080014 ], [ -1.5444523, 60.3099051 ], [ -1.5453075, 60.3093291 ], [ -1.5447709, 60.308896 ], [ -1.5510594, 60.3057537 ], [ -1.5503754, 60.3048923 ], [ -1.5518941, 60.3034121 ], [ -1.5507962, 60.3025144 ], [ -1.5543944, 60.301868 ], [ -1.5487761, 60.300981 ], [ -1.5505283, 60.2996041 ], [ -1.549718, 60.2990353 ], [ -1.5440564, 60.2988224 ], [ -1.5407663, 60.2996807 ], [ -1.5367786, 60.2992343 ], [ -1.5356557, 60.2978574 ], [ -1.5364511, 60.2955671 ], [ -1.5352669, 60.2937254 ], [ -1.5364187, 60.292577 ], [ -1.5372448, 60.2931948 ], [ -1.5365324, 60.294298 ], [ -1.5387502, 60.2947233 ], [ -1.5391754, 60.2954828 ], [ -1.5409344, 60.2950713 ], [ -1.5458431, 60.2971292 ], [ -1.5500606, 60.2954701 ], [ -1.5598786, 60.2975615 ], [ -1.5622832, 60.2968015 ], [ -1.5625037, 60.2961055 ], [ -1.5659429, 60.2959775 ], [ -1.5666757, 60.2948895 ], [ -1.5671712, 60.2955749 ], [ -1.5692183, 60.2947427 ], [ -1.5701884, 60.295322 ], [ -1.5694001, 60.2968405 ], [ -1.5702222, 60.2996029 ], [ -1.5759226, 60.3018864 ], [ -1.5752168, 60.3026002 ], [ -1.5776035, 60.3023478 ], [ -1.5782002, 60.3008698 ], [ -1.5818893, 60.3002317 ], [ -1.5817989, 60.2994303 ], [ -1.5757043, 60.2976972 ], [ -1.5778368, 60.2966638 ], [ -1.5773453, 60.2947128 ], [ -1.5738671, 60.2938281 ], [ -1.5711374, 60.2946437 ], [ -1.5693767, 60.2934914 ], [ -1.5692309, 60.292554 ], [ -1.5715711, 60.2901566 ], [ -1.569549, 60.2882172 ], [ -1.5726993, 60.2875368 ], [ -1.5780365, 60.2895188 ], [ -1.5775021, 60.2900892 ], [ -1.5814494, 60.2926099 ], [ -1.5838157, 60.2928862 ], [ -1.5835029, 60.2947193 ], [ -1.5862044, 60.2965329 ], [ -1.5889698, 60.2959929 ], [ -1.5895052, 60.2948587 ], [ -1.5903977, 60.2947665 ], [ -1.5946406, 60.2968554 ], [ -1.5955654, 60.3007029 ], [ -1.5923367, 60.3004488 ], [ -1.5930675, 60.3018719 ], [ -1.5956469, 60.3021515 ], [ -1.5965173, 60.3037549 ], [ -1.5991827, 60.302421 ], [ -1.5995227, 60.3028454 ], [ -1.5969661, 60.3046846 ], [ -1.597249, 60.3056812 ], [ -1.6007738, 60.3051629 ], [ -1.6019434, 60.3060791 ], [ -1.601073, 60.3069077 ], [ -1.604024, 60.3072378 ], [ -1.6045, 60.3079182 ], [ -1.6079425, 60.3079105 ], [ -1.6105652, 60.3095213 ], [ -1.6118708, 60.3085244 ], [ -1.6109868, 60.3075005 ], [ -1.6113994, 60.3060992 ], [ -1.6142253, 60.3053584 ], [ -1.6195082, 60.3066307 ], [ -1.6283144, 60.3045835 ], [ -1.6398437, 60.3064341 ], [ -1.6428467, 60.3079272 ], [ -1.6454675, 60.3063728 ], [ -1.6445647, 60.3054697 ], [ -1.6452303, 60.3045165 ], [ -1.648664, 60.3034357 ], [ -1.6554888, 60.3043939 ], [ -1.6625272, 60.3038685 ], [ -1.6641663, 60.3046718 ], [ -1.6636356, 60.3055701 ], [ -1.6657111, 60.3056972 ], [ -1.6663391, 60.3050873 ], [ -1.6659676, 60.3043375 ], [ -1.6689647, 60.3016915 ], [ -1.6716206, 60.3023038 ], [ -1.6856624, 60.3010227 ], [ -1.6927356, 60.2985838 ], [ -1.6946446, 60.295267 ], [ -1.6979419, 60.2935102 ], [ -1.6981154, 60.2910776 ], [ -1.7028754, 60.2891608 ], [ -1.7030303, 60.2885098 ], [ -1.6992741, 60.2874213 ], [ -1.7020081, 60.2850391 ], [ -1.7007888, 60.2847694 ], [ -1.699066, 60.2858133 ], [ -1.6983611, 60.2855825 ], [ -1.6991113, 60.2841775 ], [ -1.6837477, 60.2808906 ], [ -1.6803574, 60.2790716 ], [ -1.6795849, 60.2775396 ], [ -1.6806561, 60.2759478 ], [ -1.6881234, 60.2752722 ], [ -1.6858668, 60.2730688 ], [ -1.6895297, 60.2728933 ], [ -1.6874089, 60.2718939 ], [ -1.684677, 60.2717862 ], [ -1.6838681, 60.2704037 ], [ -1.6850643, 60.2690693 ], [ -1.6882519, 60.2688651 ], [ -1.6858575, 60.2679523 ], [ -1.6857779, 60.2670566 ], [ -1.6890887, 60.2654555 ], [ -1.6889082, 60.2645179 ], [ -1.6903693, 60.2646996 ], [ -1.6897003, 60.2640815 ], [ -1.6931722, 60.2641898 ], [ -1.696612, 60.2653981 ], [ -1.6969763, 60.2645738 ], [ -1.6933705, 60.2627558 ], [ -1.6929771, 60.2635814 ], [ -1.6913208, 60.2635922 ], [ -1.6898631, 60.2622057 ], [ -1.6981333, 60.2569239 ], [ -1.702879, 60.2553561 ], [ -1.7041359, 60.2542015 ] ] ] } }
]
}
