{
"type": "FeatureCollection",
"name": "sicily",
"crs": { "type": "name", "properties": { "name": "urn:ogc:def:crs:OGC:1.3:CRS84" } },
"features": [
{ "type": "Feature", "properties": { }, "geometry": { "type": "MultiPolygon", "coordinates": [ [ [ [ 12.5591046, 35.5076678 ], [ 12.559265, 35.5074661 ], [ 12.5590538, 35.5074694 ], [ 12.5591046, 35.5076678 ] ] ], [ [ [ 12.55716, 35.5104106 ], [ 12.5584567, 35.511538 ], [ 12.559994, 35.5089328 ], [ 12.5577572, 35.5093482 ], [ 12.55716, 35.5104106 ] ] ], [ [ [ 12.5198435, 35.5216237 ], [ 12.5203566, 35.522902 ], [ 12.5253148, 35.5265089 ], [ 12.5253361, 35.5279981 ], [ 12.5261301, 35.5273982 ], [ 12.5270905, 35.5284845 ], [ 12.5302034, 35.5278999 ], [ 12.5311495, 35.5293079 ], [ 12.5337331, 35.5283668 ], [ 12.5363987, 35.5290587 ], [ 12.5430291, 35.5288926 ], [ 12.5456919, 35.5282534 ], [ 12.5462522, 35.5274467 ], [ 12.5484341, 35.5273889 ], [ 12.5497039, 35.5262891 ], [ 12.5518798, 35.5272464 ], [ 12.5526058, 35.5255613 ], [ 12.5547221, 35.5248247 ], [ 12.5605025, 35.5250767 ], [ 12.5601059, 35.5260838 ], [ 12.5633289, 35.5252742 ], [ 12.5641526, 35.5262948 ], [ 12.568675, 35.5238512 ], [ 12.5700206, 35.5238747 ], [ 12.5709976, 35.524854 ], [ 12.5727763, 35.5239023 ], [ 12.5742685, 35.5243161 ], [ 12.575219, 35.5232052 ], [ 12.5768501, 35.5244793 ], [ 12.5813706, 35.5230217 ], [ 12.5826157, 35.5236532 ], [ 12.5844443, 35.5226014 ], [ 12.5871855, 35.5227881 ], [ 12.5908878, 35.5207481 ], [ 12.5905805, 35.5220256 ], [ 12.592748, 35.5206104 ], [ 12.5946542, 35.5219922 ], [ 12.5953331, 35.5208864 ], [ 12.5963955, 35.5219211 ], [ 12.5984857, 35.5213241 ], [ 12.5999558, 35.5230099 ], [ 12.5989635, 35.5238077 ], [ 12.599619, 35.5238034 ], [ 12.599449, 35.5243891 ], [ 12.6016238, 35.5244507 ], [ 12.6041109, 35.5258185 ], [ 12.607063, 35.5250944 ], [ 12.607226, 35.523711 ], [ 12.6102752, 35.5216963 ], [ 12.6134914, 35.5219039 ], [ 12.6151153, 35.5205788 ], [ 12.615777, 35.522118 ], [ 12.6170579, 35.5212626 ], [ 12.6191392, 35.5228118 ], [ 12.6212049, 35.5223437 ], [ 12.6277132, 35.5204238 ], [ 12.6329628, 35.5176237 ], [ 12.6325861, 35.5157337 ], [ 12.6281329, 35.514372 ], [ 12.6280717, 35.5156278 ], [ 12.6267635, 35.515714 ], [ 12.6256437, 35.5145053 ], [ 12.6257933, 35.5126582 ], [ 12.6228748, 35.5120518 ], [ 12.6261183, 35.5094063 ], [ 12.6260928, 35.5076223 ], [ 12.6273214, 35.5060629 ], [ 12.6222424, 35.5046668 ], [ 12.6279195, 35.5045281 ], [ 12.6291857, 35.5032845 ], [ 12.6312903, 35.5032572 ], [ 12.6313926, 35.5022867 ], [ 12.6295871, 35.5013019 ], [ 12.6341811, 35.5015139 ], [ 12.6341844, 35.5008399 ], [ 12.6315886, 35.499524 ], [ 12.6321136, 35.4981725 ], [ 12.6337291, 35.4971806 ], [ 12.631593, 35.497082 ], [ 12.6306426, 35.4959943 ], [ 12.6291851, 35.4962117 ], [ 12.6314883, 35.4941324 ], [ 12.6333571, 35.4935825 ], [ 12.6269649, 35.4936348 ], [ 12.625222, 35.4952646 ], [ 12.6257084, 35.4963666 ], [ 12.6251451, 35.4967784 ], [ 12.6228581, 35.4956286 ], [ 12.6241564, 35.4944941 ], [ 12.6237713, 35.4937483 ], [ 12.6204803, 35.4942874 ], [ 12.6194973, 35.4937909 ], [ 12.6169664, 35.4947998 ], [ 12.6143223, 35.4933969 ], [ 12.612915, 35.495819 ], [ 12.6117111, 35.4947085 ], [ 12.6082243, 35.4955187 ], [ 12.6078367, 35.4943372 ], [ 12.6084689, 35.4930176 ], [ 12.6053985, 35.493002 ], [ 12.6033689, 35.4947358 ], [ 12.6036121, 35.4962684 ], [ 12.6089198, 35.4986175 ], [ 12.6085735, 35.4996306 ], [ 12.6064893, 35.4994329 ], [ 12.606465, 35.4984021 ], [ 12.6042637, 35.4994762 ], [ 12.6054238, 35.5013014 ], [ 12.6044789, 35.5028756 ], [ 12.6012592, 35.5013199 ], [ 12.6024362, 35.4986893 ], [ 12.6040827, 35.4982624 ], [ 12.602247, 35.4985366 ], [ 12.6008655, 35.4995113 ], [ 12.5997481, 35.4991798 ], [ 12.5992105, 35.498232 ], [ 12.6004509, 35.49705 ], [ 12.5993263, 35.4954561 ], [ 12.5934149, 35.4979973 ], [ 12.5942082, 35.4999588 ], [ 12.5931189, 35.5016943 ], [ 12.5920328, 35.5014968 ], [ 12.5911945, 35.498518 ], [ 12.5889829, 35.4993742 ], [ 12.5885942, 35.5001235 ], [ 12.5903097, 35.5010508 ], [ 12.5904622, 35.5033615 ], [ 12.5892899, 35.5016392 ], [ 12.5861583, 35.5012567 ], [ 12.5856826, 35.5005075 ], [ 12.5848328, 35.5009676 ], [ 12.5848018, 35.5046821 ], [ 12.5829429, 35.5030337 ], [ 12.5802919, 35.5032451 ], [ 12.5798996, 35.5046959 ], [ 12.5814001, 35.5050948 ], [ 12.5791075, 35.5056088 ], [ 12.5789992, 35.5066886 ], [ 12.5779081, 35.5060906 ], [ 12.5782418, 35.5076999 ], [ 12.5772215, 35.5085939 ], [ 12.5763684, 35.5052296 ], [ 12.5741002, 35.5061698 ], [ 12.5739516, 35.506946 ], [ 12.5702979, 35.5066726 ], [ 12.570125, 35.5089288 ], [ 12.5681726, 35.511569 ], [ 12.566569, 35.5110504 ], [ 12.5622966, 35.512314 ], [ 12.5610897, 35.5117413 ], [ 12.5607295, 35.5124161 ], [ 12.5584923, 35.5118578 ], [ 12.5565804, 35.5132838 ], [ 12.5546376, 35.5119787 ], [ 12.5525037, 35.5133055 ], [ 12.5519288, 35.515065 ], [ 12.5496421, 35.5134778 ], [ 12.5483607, 35.5143039 ], [ 12.5445705, 35.5137023 ], [ 12.5435814, 35.5147362 ], [ 12.5420623, 35.5144941 ], [ 12.541398, 35.5152629 ], [ 12.5368113, 35.5161555 ], [ 12.5344666, 35.5153471 ], [ 12.5323528, 35.5163575 ], [ 12.5303186, 35.5153419 ], [ 12.5281344, 35.5165855 ], [ 12.5253568, 35.5167419 ], [ 12.5179583, 35.519268 ], [ 12.5174209, 35.5212022 ], [ 12.5198435, 35.5216237 ] ] ], [ [ [ 12.5279206, 35.528978 ], [ 12.5284231, 35.5289796 ], [ 12.5283196, 35.5287225 ], [ 12.5279206, 35.528978 ] ] ], [ [ [ 12.3201496, 35.5512379 ], [ 12.320793, 35.5531433 ], [ 12.3225692, 35.5518962 ], [ 12.3209014, 35.5505557 ], [ 12.3201496, 35.5512379 ] ] ], [ [ [ 12.0259523, 36.7349591 ], [ 12.0259764, 36.7348839 ], [ 12.0259174, 36.7348968 ], [ 12.0259523, 36.7349591 ] ] ], [ [ [ 12.0259899, 36.735043 ], [ 12.0259952, 36.7350623 ], [ 12.0260129, 36.7350424 ], [ 12.0259899, 36.735043 ] ] ], [ [ [ 12.0259067, 36.7350408 ], [ 12.0258745, 36.7351161 ], [ 12.0259362, 36.7351096 ], [ 12.0259067, 36.7350408 ] ] ], [ [ [ 12.0265424, 36.7350645 ], [ 12.0264619, 36.7351462 ], [ 12.0265853, 36.7351548 ], [ 12.0265424, 36.7350645 ] ] ], [ [ [ 12.0259174, 36.7351397 ], [ 12.0258852, 36.7351419 ], [ 12.0259067, 36.7351591 ], [ 12.0259174, 36.7351397 ] ] ], [ [ [ 12.025837, 36.7352622 ], [ 12.0263359, 36.7353568 ], [ 12.0263466, 36.7353289 ], [ 12.0262903, 36.7351913 ], [ 12.0261347, 36.7350688 ], [ 12.025837, 36.7352622 ] ] ], [ [ [ 11.977584, 36.7533808 ], [ 11.9776859, 36.7534001 ], [ 11.9774854, 36.7531324 ], [ 11.977584, 36.7533808 ] ] ], [ [ [ 11.9775679, 36.7535484 ], [ 11.9775417, 36.7534999 ], [ 11.9775357, 36.7535183 ], [ 11.9775679, 36.7535484 ] ] ], [ [ [ 11.9776323, 36.7535892 ], [ 11.9776054, 36.7535871 ], [ 11.9776189, 36.7536086 ], [ 11.9776323, 36.7535892 ] ] ], [ [ [ 11.9770475, 36.7537117 ], [ 11.9769912, 36.7537547 ], [ 11.9770449, 36.7537483 ], [ 11.9770475, 36.7537117 ] ] ], [ [ [ 12.0518926, 36.7555617 ], [ 12.0521022, 36.7553625 ], [ 12.0519048, 36.7553858 ], [ 12.0518926, 36.7555617 ] ] ], [ [ [ 12.0527347, 36.7571226 ], [ 12.0531973, 36.7567706 ], [ 12.0528281, 36.7567487 ], [ 12.0527347, 36.7571226 ] ] ], [ [ [ 12.0551453, 36.77093 ], [ 12.0549361, 36.7709601 ], [ 12.0551936, 36.7709859 ], [ 12.0551453, 36.77093 ] ] ], [ [ [ 12.0553033, 36.7714706 ], [ 12.0553867, 36.7713039 ], [ 12.0552044, 36.7713211 ], [ 12.0553033, 36.7714706 ] ] ], [ [ [ 12.055714, 36.7717379 ], [ 12.0556711, 36.7716176 ], [ 12.0554243, 36.7716906 ], [ 12.055714, 36.7717379 ] ] ], [ [ [ 12.0558695, 36.7717895 ], [ 12.0557891, 36.7719053 ], [ 12.055891, 36.7718367 ], [ 12.0558695, 36.7717895 ] ] ], [ [ [ 12.0566233, 36.7774956 ], [ 12.0567359, 36.7773968 ], [ 12.056516, 36.7774677 ], [ 12.0566233, 36.7774956 ] ] ], [ [ [ 11.9262837, 36.8151516 ], [ 11.9263901, 36.8192366 ], [ 11.9293101, 36.8223095 ], [ 11.9283164, 36.8258992 ], [ 11.9302372, 36.8274799 ], [ 11.9327952, 36.8278752 ], [ 11.933642, 36.8293542 ], [ 11.9333125, 36.8308403 ], [ 11.9361401, 36.8351757 ], [ 11.9403762, 36.8378724 ], [ 11.9365264, 36.8350837 ], [ 11.936336, 36.8343108 ], [ 11.9381732, 36.8339444 ], [ 11.9380676, 36.8333225 ], [ 11.9353842, 36.8335044 ], [ 11.9353817, 36.8324124 ], [ 11.9391693, 36.831484 ], [ 11.9409249, 36.8348117 ], [ 11.9413986, 36.8341177 ], [ 11.9395331, 36.8315182 ], [ 11.9422497, 36.8309562 ], [ 11.9436501, 36.832395 ], [ 11.9423365, 36.8332348 ], [ 11.9441315, 36.8336033 ], [ 11.9434746, 36.8363936 ], [ 11.9456687, 36.8360843 ], [ 11.9495321, 36.8384521 ], [ 11.9508172, 36.8382591 ], [ 11.9528512, 36.8393405 ], [ 11.9545866, 36.8393921 ], [ 11.9544939, 36.8387851 ], [ 11.9562732, 36.8378503 ], [ 11.9566999, 36.8389715 ], [ 11.9577034, 36.8382018 ], [ 11.9606946, 36.839047 ], [ 11.9662134, 36.8367751 ], [ 11.9684205, 36.8370105 ], [ 11.9693507, 36.8354668 ], [ 11.9715956, 36.8342596 ], [ 11.9740512, 36.8351411 ], [ 11.9753284, 36.834724 ], [ 11.9769846, 36.8328861 ], [ 11.9772951, 36.8296552 ], [ 11.9783954, 36.830026 ], [ 11.9789882, 36.8292014 ], [ 11.9793624, 36.8265289 ], [ 11.981568, 36.8261489 ], [ 11.9831924, 36.8247216 ], [ 11.9850152, 36.8257093 ], [ 11.9855143, 36.823709 ], [ 11.9913707, 36.8221856 ], [ 11.99548, 36.8215535 ], [ 11.9978055, 36.822395 ], [ 12.0013639, 36.8194864 ], [ 12.0036108, 36.8206098 ], [ 12.0032391, 36.822485 ], [ 12.0043036, 36.8244215 ], [ 12.0052133, 36.8247483 ], [ 12.0069793, 36.8234906 ], [ 12.0072579, 36.8248715 ], [ 12.0084024, 36.8250508 ], [ 12.0091864, 36.8239885 ], [ 12.0110632, 36.8257078 ], [ 12.0136776, 36.8248938 ], [ 12.013337, 36.8230471 ], [ 12.0147063, 36.8230471 ], [ 12.0174551, 36.8209083 ], [ 12.017422, 36.819091 ], [ 12.0185511, 36.8184857 ], [ 12.0208996, 36.8191659 ], [ 12.020753, 36.8181292 ], [ 12.0233828, 36.8171777 ], [ 12.023744, 36.815198 ], [ 12.0248529, 36.8155932 ], [ 12.023842, 36.81453 ], [ 12.0252677, 36.8146215 ], [ 12.0246101, 36.8137557 ], [ 12.0266355, 36.8125271 ], [ 12.0252119, 36.811728 ], [ 12.0296134, 36.809948 ], [ 12.0304583, 36.8106936 ], [ 12.0316503, 36.8102814 ], [ 12.0339107, 36.8066594 ], [ 12.0355724, 36.8066287 ], [ 12.0349681, 36.8058449 ], [ 12.0378419, 36.8033984 ], [ 12.0405838, 36.8033813 ], [ 12.0410864, 36.8023061 ], [ 12.0429541, 36.8032155 ], [ 12.0455986, 36.8027093 ], [ 12.0460344, 36.8017055 ], [ 12.0446118, 36.8001962 ], [ 12.0453237, 36.7989456 ], [ 12.0470749, 36.7991315 ], [ 12.0477656, 36.7983015 ], [ 12.0484473, 36.799736 ], [ 12.0513546, 36.7997095 ], [ 12.0515617, 36.798798 ], [ 12.0491292, 36.7967128 ], [ 12.0521914, 36.7930215 ], [ 12.0536935, 36.7934186 ], [ 12.054187, 36.7928724 ], [ 12.0527936, 36.7909975 ], [ 12.0536849, 36.7897476 ], [ 12.0530457, 36.7887905 ], [ 12.0533431, 36.7858126 ], [ 12.0564731, 36.7776252 ], [ 12.0552457, 36.7765639 ], [ 12.0560545, 36.7758306 ], [ 12.0546626, 36.7757837 ], [ 12.05405, 36.7731549 ], [ 12.0541605, 36.7647456 ], [ 12.0551037, 36.7622421 ], [ 12.0529185, 36.7606981 ], [ 12.0513334, 36.7564811 ], [ 12.0519855, 36.7548574 ], [ 12.0499784, 36.7544501 ], [ 12.0479326, 36.7518145 ], [ 12.049005, 36.7509824 ], [ 12.0466351, 36.7487733 ], [ 12.0457068, 36.7490343 ], [ 12.0444682, 36.7474331 ], [ 12.0421531, 36.7466382 ], [ 12.0413328, 36.7448992 ], [ 12.0395607, 36.7452207 ], [ 12.0383073, 36.7431444 ], [ 12.0356004, 36.743143 ], [ 12.035854, 36.7424083 ], [ 12.0348559, 36.7428009 ], [ 12.0328598, 36.7415865 ], [ 12.0326652, 36.7393619 ], [ 12.0333753, 36.7383438 ], [ 12.0312695, 36.7390235 ], [ 12.0307229, 36.7377687 ], [ 12.0290806, 36.7374392 ], [ 12.0295871, 36.7365689 ], [ 12.0286821, 36.7359018 ], [ 12.0250783, 36.7355911 ], [ 12.0234902, 36.7343812 ], [ 12.021727, 36.7350037 ], [ 12.0217706, 36.7358914 ], [ 12.0201333, 36.7354276 ], [ 12.0192541, 36.7363562 ], [ 12.0186361, 36.7358759 ], [ 12.0168391, 36.7365143 ], [ 12.0163745, 36.735761 ], [ 12.01061, 36.7352477 ], [ 12.0102347, 36.7345234 ], [ 12.0093443, 36.7357511 ], [ 12.0090958, 36.7352066 ], [ 12.008076, 36.7359276 ], [ 12.0053429, 36.7358313 ], [ 12.0043979, 36.7350588 ], [ 12.0009867, 36.7366707 ], [ 11.9991211, 36.7360894 ], [ 11.9931202, 36.7380354 ], [ 11.9925533, 36.7372963 ], [ 11.9897543, 36.740825 ], [ 11.9903968, 36.7412338 ], [ 11.9897663, 36.742362 ], [ 11.984545, 36.7450059 ], [ 11.9838887, 36.7447178 ], [ 11.9835638, 36.7455944 ], [ 11.9818467, 36.7447574 ], [ 11.981557, 36.7457868 ], [ 11.9809671, 36.7456764 ], [ 11.9778029, 36.7503839 ], [ 11.9788796, 36.7510705 ], [ 11.9789063, 36.7522031 ], [ 11.9780663, 36.7534739 ], [ 11.9770454, 36.7541615 ], [ 11.9768358, 36.7567811 ], [ 11.9746976, 36.7584524 ], [ 11.9728601, 36.7628231 ], [ 11.9706552, 36.7645079 ], [ 11.9705252, 36.76582 ], [ 11.9673382, 36.7675586 ], [ 11.965574, 36.7671206 ], [ 11.9639086, 36.7681654 ], [ 11.963987, 36.769457 ], [ 11.9625158, 36.7688574 ], [ 11.9635782, 36.7685293 ], [ 11.96219, 36.7687185 ], [ 11.9608516, 36.7678651 ], [ 11.956696, 36.7680471 ], [ 11.9551058, 36.7714089 ], [ 11.9563658, 36.7722458 ], [ 11.9556284, 36.7762829 ], [ 11.9537293, 36.7783325 ], [ 11.954284, 36.7790832 ], [ 11.9529397, 36.7803678 ], [ 11.9531075, 36.7813944 ], [ 11.9518339, 36.7816349 ], [ 11.9519746, 36.7834953 ], [ 11.9473718, 36.7848482 ], [ 11.944645, 36.7900595 ], [ 11.942879, 36.7907208 ], [ 11.9426188, 36.791594 ], [ 11.9371576, 36.7931882 ], [ 11.9367011, 36.7945092 ], [ 11.9332015, 36.7974989 ], [ 11.9322589, 36.8000915 ], [ 11.9277265, 36.8008844 ], [ 11.9265676, 36.8026894 ], [ 11.9272515, 36.8042021 ], [ 11.9263754, 36.8072271 ], [ 11.9285979, 36.8105072 ], [ 11.9270101, 36.8132377 ], [ 11.9277582, 36.8142092 ], [ 11.9262837, 36.8151516 ] ] ], [ [ [ 12.0517115, 36.7985542 ], [ 12.0516992, 36.7986831 ], [ 12.0518281, 36.798589 ], [ 12.0517115, 36.7985542 ] ] ], [ [ [ 12.0523044, 36.7987691 ], [ 12.0517601, 36.7988522 ], [ 12.0523968, 36.7992705 ], [ 12.0523044, 36.7987691 ] ] ], [ [ [ 12.4695291, 37.7306151 ], [ 12.4689211, 37.7307277 ], [ 12.4689673, 37.7308658 ], [ 12.4695291, 37.7306151 ] ] ], [ [ [ 12.4564326, 37.8629505 ], [ 12.4572249, 37.8626415 ], [ 12.4563031, 37.8626403 ], [ 12.4564326, 37.8629505 ] ] ], [ [ [ 12.4644325, 37.8691948 ], [ 12.4668499, 37.8703462 ], [ 12.4705982, 37.8706456 ], [ 12.4716574, 37.8702689 ], [ 12.4723552, 37.8670616 ], [ 12.468259, 37.8637048 ], [ 12.4651596, 37.8640845 ], [ 12.4644325, 37.8691948 ] ] ], [ [ [ 12.4300199, 37.8949259 ], [ 12.4315036, 37.8962044 ], [ 12.4375476, 37.8962866 ], [ 12.4466223, 37.8985 ], [ 12.45383, 37.903557 ], [ 12.4541407, 37.9051703 ], [ 12.4555578, 37.9046742 ], [ 12.455052, 37.8984512 ], [ 12.4465887, 37.8949393 ], [ 12.4453982, 37.8919559 ], [ 12.4462269, 37.8887879 ], [ 12.4484657, 37.8879479 ], [ 12.4479993, 37.8861457 ], [ 12.4491731, 37.8842789 ], [ 12.449013, 37.8822786 ], [ 12.4503913, 37.8805485 ], [ 12.4512628, 37.8743227 ], [ 12.4528684, 37.872599 ], [ 12.4494487, 37.8706305 ], [ 12.4484671, 37.8685394 ], [ 12.4488579, 37.8616752 ], [ 12.450158, 37.8573829 ], [ 12.4492864, 37.8555146 ], [ 12.4517337, 37.8530546 ], [ 12.4507949, 37.8482031 ], [ 12.4493977, 37.8480497 ], [ 12.4474706, 37.8464696 ], [ 12.446278, 37.8447908 ], [ 12.4473292, 37.8441296 ], [ 12.4459411, 37.8441659 ], [ 12.4434058, 37.8509983 ], [ 12.4428848, 37.8534804 ], [ 12.4435621, 37.8577795 ], [ 12.4429577, 37.8594078 ], [ 12.4418131, 37.8596535 ], [ 12.4401667, 37.8642323 ], [ 12.4377352, 37.8758367 ], [ 12.4375563, 37.880181 ], [ 12.4348035, 37.8851022 ], [ 12.4296886, 37.8896598 ], [ 12.429046, 37.8922503 ], [ 12.4304702, 37.8925929 ], [ 12.4300199, 37.8949259 ] ] ], [ [ [ 12.4549341, 37.8874714 ], [ 12.4578872, 37.8857139 ], [ 12.4573939, 37.8837968 ], [ 12.45821, 37.8826555 ], [ 12.4604163, 37.8812701 ], [ 12.4642253, 37.8804744 ], [ 12.465254, 37.8787188 ], [ 12.4631667, 37.8784485 ], [ 12.4598667, 37.8814461 ], [ 12.4571827, 37.8818321 ], [ 12.4564496, 37.8829089 ], [ 12.4568649, 37.8854015 ], [ 12.4549341, 37.8874714 ] ] ], [ [ [ 12.2982988, 37.912745 ], [ 12.2991024, 37.9118255 ], [ 12.2982068, 37.9118875 ], [ 12.2982988, 37.912745 ] ] ], [ [ [ 12.2849555, 37.9143406 ], [ 12.2854453, 37.9143625 ], [ 12.2849436, 37.9140919 ], [ 12.2849555, 37.9143406 ] ] ], [ [ [ 12.2891272, 37.9135347 ], [ 12.2899059, 37.9150527 ], [ 12.2901477, 37.9153043 ], [ 12.2906759, 37.9142681 ], [ 12.2891272, 37.9135347 ] ] ], [ [ [ 12.3112434, 37.9145964 ], [ 12.311584, 37.9144813 ], [ 12.3107327, 37.9144141 ], [ 12.3112434, 37.9145964 ] ] ], [ [ [ 12.3012899, 37.9151323 ], [ 12.3021994, 37.9162346 ], [ 12.3022196, 37.9151345 ], [ 12.3041826, 37.914698 ], [ 12.3021395, 37.9135995 ], [ 12.3001628, 37.9154469 ], [ 12.3012899, 37.9151323 ] ] ], [ [ [ 12.2710321, 37.9356131 ], [ 12.2727782, 37.9376614 ], [ 12.2746203, 37.9376761 ], [ 12.2765942, 37.9415098 ], [ 12.2781736, 37.9420255 ], [ 12.2787225, 37.9433829 ], [ 12.2780506, 37.945052 ], [ 12.2812825, 37.9458104 ], [ 12.2848744, 37.9447888 ], [ 12.2860796, 37.9440686 ], [ 12.2866587, 37.9423023 ], [ 12.288531, 37.9418535 ], [ 12.2912042, 37.9442917 ], [ 12.299869, 37.9474779 ], [ 12.3028586, 37.9512683 ], [ 12.3028503, 37.952227 ], [ 12.303831, 37.9526212 ], [ 12.304764, 37.9519187 ], [ 12.3078064, 37.9558579 ], [ 12.3084224, 37.9523958 ], [ 12.3102074, 37.9501072 ], [ 12.3135386, 37.9477918 ], [ 12.3142268, 37.9457926 ], [ 12.3137931, 37.944209 ], [ 12.3145581, 37.9428244 ], [ 12.3157881, 37.9424007 ], [ 12.3155501, 37.9386978 ], [ 12.3172213, 37.9361657 ], [ 12.3196446, 37.9348243 ], [ 12.3202455, 37.9329098 ], [ 12.3218358, 37.9332462 ], [ 12.3225171, 37.9307177 ], [ 12.3233449, 37.9316095 ], [ 12.3240094, 37.929303 ], [ 12.3257496, 37.9295056 ], [ 12.3265535, 37.9310608 ], [ 12.3252276, 37.9311381 ], [ 12.326432, 37.931213 ], [ 12.3265437, 37.9326761 ], [ 12.3250356, 37.9322962 ], [ 12.3254622, 37.933195 ], [ 12.3244152, 37.9340291 ], [ 12.3261808, 37.9332249 ], [ 12.3285236, 37.9344627 ], [ 12.330785, 37.9341098 ], [ 12.3323188, 37.9352085 ], [ 12.3352145, 37.9354065 ], [ 12.3390458, 37.9369806 ], [ 12.3413961, 37.9357323 ], [ 12.3455965, 37.9371872 ], [ 12.3466726, 37.935419 ], [ 12.3462188, 37.9348027 ], [ 12.3472687, 37.9352706 ], [ 12.3492375, 37.934448 ], [ 12.3494362, 37.9312693 ], [ 12.3529642, 37.9274295 ], [ 12.3559111, 37.9254263 ], [ 12.3605486, 37.9240443 ], [ 12.3618437, 37.9221067 ], [ 12.3654168, 37.9224768 ], [ 12.3665835, 37.925271 ], [ 12.3695391, 37.9220742 ], [ 12.3706988, 37.9181089 ], [ 12.369723, 37.9171567 ], [ 12.3689716, 37.9125848 ], [ 12.3661827, 37.9063978 ], [ 12.3652411, 37.9062885 ], [ 12.3617027, 37.9091807 ], [ 12.3602753, 37.908916 ], [ 12.3592118, 37.9068808 ], [ 12.3530009, 37.9037772 ], [ 12.3503745, 37.9083763 ], [ 12.3476158, 37.9110014 ], [ 12.3479093, 37.9117008 ], [ 12.3456641, 37.9123625 ], [ 12.3460637, 37.9137453 ], [ 12.3445939, 37.9134975 ], [ 12.3431975, 37.914448 ], [ 12.3436597, 37.9152857 ], [ 12.3395697, 37.9166691 ], [ 12.3372618, 37.916575 ], [ 12.3385995, 37.9178406 ], [ 12.3374193, 37.9197934 ], [ 12.3357087, 37.9189736 ], [ 12.3357127, 37.9195753 ], [ 12.3336533, 37.9201124 ], [ 12.3319276, 37.9186901 ], [ 12.3319505, 37.9197267 ], [ 12.3312471, 37.9198565 ], [ 12.3309204, 37.9187354 ], [ 12.3293697, 37.9185689 ], [ 12.3293106, 37.9170694 ], [ 12.3280525, 37.9181083 ], [ 12.3280471, 37.9196129 ], [ 12.3264287, 37.9192433 ], [ 12.3262886, 37.9183559 ], [ 12.3249528, 37.920032 ], [ 12.3234777, 37.9192015 ], [ 12.3234413, 37.9178094 ], [ 12.3230959, 37.9184531 ], [ 12.3213677, 37.9181465 ], [ 12.3208101, 37.9172557 ], [ 12.3216174, 37.9163286 ], [ 12.3194672, 37.9134706 ], [ 12.3175828, 37.9135617 ], [ 12.317124, 37.9147071 ], [ 12.3204991, 37.9168379 ], [ 12.3201172, 37.9189218 ], [ 12.3208678, 37.9194313 ], [ 12.3196656, 37.9206515 ], [ 12.3173363, 37.9211893 ], [ 12.3127233, 37.9204991 ], [ 12.3114147, 37.9195745 ], [ 12.306857, 37.919281 ], [ 12.3059623, 37.9167934 ], [ 12.3051925, 37.9166352 ], [ 12.3030252, 37.9192105 ], [ 12.2954963, 37.9161856 ], [ 12.2920204, 37.9181631 ], [ 12.2908485, 37.916114 ], [ 12.289584, 37.9156044 ], [ 12.2883175, 37.9162783 ], [ 12.2868277, 37.9150446 ], [ 12.2861088, 37.9153737 ], [ 12.2865968, 37.9163932 ], [ 12.2854153, 37.9164293 ], [ 12.2857882, 37.9172486 ], [ 12.2835754, 37.9186042 ], [ 12.2836554, 37.9194582 ], [ 12.2816619, 37.9191343 ], [ 12.2819099, 37.9199987 ], [ 12.2803751, 37.9219519 ], [ 12.2840805, 37.9230946 ], [ 12.2842352, 37.9242338 ], [ 12.2823227, 37.9250484 ], [ 12.2798242, 37.924261 ], [ 12.280687, 37.9240859 ], [ 12.2799933, 37.9233409 ], [ 12.278183, 37.9261081 ], [ 12.2775129, 37.9290341 ], [ 12.2782578, 37.9297511 ], [ 12.2768823, 37.9306744 ], [ 12.2802648, 37.9297852 ], [ 12.2801489, 37.9313371 ], [ 12.2791983, 37.9324372 ], [ 12.2775355, 37.932525 ], [ 12.2779329, 37.933169 ], [ 12.2759617, 37.9342415 ], [ 12.2771531, 37.9354444 ], [ 12.2756742, 37.9353335 ], [ 12.2753393, 37.9362684 ], [ 12.2728487, 37.9353964 ], [ 12.2725075, 37.9344328 ], [ 12.271346, 37.9344868 ], [ 12.2710321, 37.9356131 ] ] ], [ [ [ 12.0420719, 37.9590883 ], [ 12.043948, 37.9593864 ], [ 12.0440598, 37.958728 ], [ 12.0421318, 37.9582953 ], [ 12.0420719, 37.9590883 ] ] ], [ [ [ 12.0292784, 37.9916515 ], [ 12.0301127, 37.9930667 ], [ 12.0333618, 37.9919544 ], [ 12.0367344, 37.9928367 ], [ 12.0379083, 37.9922847 ], [ 12.0387455, 37.9929496 ], [ 12.0445187, 37.9916998 ], [ 12.0459193, 37.9920997 ], [ 12.0526602, 37.9906665 ], [ 12.0553408, 37.9910982 ], [ 12.0605453, 37.9901799 ], [ 12.0620103, 37.993161 ], [ 12.0647342, 37.9928453 ], [ 12.0650564, 37.9914072 ], [ 12.0642644, 37.9902438 ], [ 12.0620817, 37.9897671 ], [ 12.0612927, 37.9883716 ], [ 12.0628507, 37.9865073 ], [ 12.0624181, 37.985334 ], [ 12.0641689, 37.9843977 ], [ 12.0647837, 37.9830841 ], [ 12.0644558, 37.9792477 ], [ 12.0653575, 37.9784363 ], [ 12.0647414, 37.9775732 ], [ 12.0658572, 37.9771705 ], [ 12.0662429, 37.9753393 ], [ 12.0693543, 37.9730648 ], [ 12.0714241, 37.9698411 ], [ 12.0731516, 37.969418 ], [ 12.0729233, 37.9703065 ], [ 12.0769952, 37.9663491 ], [ 12.0747809, 37.9673253 ], [ 12.0739813, 37.9664074 ], [ 12.0804045, 37.9583807 ], [ 12.0808016, 37.9555017 ], [ 12.0818388, 37.9543654 ], [ 12.0818841, 37.950808 ], [ 12.0829092, 37.9510325 ], [ 12.0832102, 37.9500218 ], [ 12.0864827, 37.9496256 ], [ 12.0872621, 37.9488798 ], [ 12.0911184, 37.9490997 ], [ 12.0915939, 37.9477757 ], [ 12.0834113, 37.9452076 ], [ 12.0816216, 37.9472768 ], [ 12.0797381, 37.9465356 ], [ 12.0804335, 37.9478839 ], [ 12.0790847, 37.9481247 ], [ 12.080251, 37.948918 ], [ 12.0799193, 37.950007 ], [ 12.0719717, 37.9492089 ], [ 12.0686264, 37.9508149 ], [ 12.0651054, 37.9507484 ], [ 12.0650156, 37.9514939 ], [ 12.0625408, 37.9525808 ], [ 12.0608468, 37.9519055 ], [ 12.0590409, 37.9532747 ], [ 12.0561597, 37.9523058 ], [ 12.0521926, 37.9550628 ], [ 12.049384, 37.9557522 ], [ 12.0480834, 37.9572747 ], [ 12.0486582, 37.9583064 ], [ 12.0481449, 37.9587016 ], [ 12.0468355, 37.9581847 ], [ 12.0446743, 37.9587001 ], [ 12.0441757, 37.9595094 ], [ 12.0456865, 37.9596872 ], [ 12.0448412, 37.9601223 ], [ 12.0456081, 37.9605295 ], [ 12.0449594, 37.9605166 ], [ 12.0444193, 37.9622134 ], [ 12.0463822, 37.9641341 ], [ 12.0452102, 37.9655749 ], [ 12.0444754, 37.9653721 ], [ 12.0446999, 37.9659209 ], [ 12.0431762, 37.965938 ], [ 12.044102, 37.9671896 ], [ 12.0435566, 37.9675838 ], [ 12.043957, 37.9675562 ], [ 12.0443198, 37.9678081 ], [ 12.0427734, 37.9683127 ], [ 12.0443784, 37.9697453 ], [ 12.0444232, 37.9707078 ], [ 12.040991, 37.9703331 ], [ 12.0411028, 37.9714612 ], [ 12.0403372, 37.9719175 ], [ 12.0415008, 37.9726719 ], [ 12.0400179, 37.9731364 ], [ 12.0393924, 37.9751225 ], [ 12.0377542, 37.9764556 ], [ 12.0399084, 37.9792807 ], [ 12.037858, 37.9793324 ], [ 12.0362825, 37.9807892 ], [ 12.0371198, 37.9821206 ], [ 12.0361638, 37.984038 ], [ 12.0350109, 37.9845719 ], [ 12.0356262, 37.9861826 ], [ 12.0343636, 37.9863234 ], [ 12.0340359, 37.9888211 ], [ 12.0331887, 37.9895496 ], [ 12.0311161, 37.988583 ], [ 12.0307603, 37.9876497 ], [ 12.0291919, 37.9878517 ], [ 12.0282264, 37.9914835 ], [ 12.0292784, 37.9916515 ] ] ], [ [ [ 12.3299229, 37.9859404 ], [ 12.3300504, 37.9857442 ], [ 12.3297496, 37.9859153 ], [ 12.3299229, 37.9859404 ] ] ], [ [ [ 12.3276436, 37.9869976 ], [ 12.3289734, 37.9867891 ], [ 12.3295765, 37.9864426 ], [ 12.3288022, 37.9860838 ], [ 12.3276436, 37.9869976 ] ] ], [ [ [ 12.4235898, 37.990052 ], [ 12.4267054, 37.989312 ], [ 12.4259083, 37.9881737 ], [ 12.4236253, 37.9888009 ], [ 12.4235898, 37.990052 ] ] ], [ [ [ 12.4166068, 37.9880562 ], [ 12.4144948, 37.9888421 ], [ 12.4118307, 37.99205 ], [ 12.4166068, 37.9880562 ] ] ], [ [ [ 12.3199663, 38.0008669 ], [ 12.3227475, 38.0047137 ], [ 12.3219989, 38.0086349 ], [ 12.3230162, 38.0096008 ], [ 12.3251016, 38.0079989 ], [ 12.3287973, 38.0088251 ], [ 12.3299132, 38.0122845 ], [ 12.3312304, 38.0136063 ], [ 12.3307704, 38.0150472 ], [ 12.3321055, 38.0187319 ], [ 12.3333771, 38.0205672 ], [ 12.3352641, 38.0205015 ], [ 12.3361817, 38.0191643 ], [ 12.3358868, 38.0165831 ], [ 12.3366117, 38.014352 ], [ 12.3389772, 38.0132096 ], [ 12.3407269, 38.0096762 ], [ 12.3404428, 38.0084347 ], [ 12.3416091, 38.007745 ], [ 12.3420849, 38.0031787 ], [ 12.3434728, 38.0012917 ], [ 12.3442041, 38.0014765 ], [ 12.3452742, 37.9988967 ], [ 12.3469399, 37.9992928 ], [ 12.3479145, 37.9986323 ], [ 12.3502166, 37.995317 ], [ 12.3526313, 37.9946836 ], [ 12.3533206, 37.9928989 ], [ 12.3504289, 37.9928516 ], [ 12.3510334, 37.988282 ], [ 12.3448902, 37.9897279 ], [ 12.3441837, 37.9864224 ], [ 12.3401173, 37.9872394 ], [ 12.3395829, 37.9863009 ], [ 12.3404288, 37.9862559 ], [ 12.3391793, 37.9847239 ], [ 12.3336067, 37.9856737 ], [ 12.3298586, 37.9868328 ], [ 12.3262421, 37.9900225 ], [ 12.3266393, 37.9907836 ], [ 12.3236681, 37.9935439 ], [ 12.3207135, 37.9989073 ], [ 12.3199663, 38.0008669 ] ] ], [ [ [ 12.4890001, 38.011819 ], [ 12.4920972, 38.0117539 ], [ 12.4919371, 38.0143079 ], [ 12.4921934, 38.0118099 ], [ 12.4965902, 38.0118455 ], [ 12.4974636, 38.0092802 ], [ 12.4974452, 38.0050517 ], [ 12.4971384, 38.0092078 ], [ 12.4961266, 38.0112801 ], [ 12.4919353, 38.0110621 ], [ 12.4890001, 38.011819 ] ] ], [ [ [ 12.487922, 38.0124999 ], [ 12.4890107, 38.0127328 ], [ 12.4890471, 38.0124892 ], [ 12.487922, 38.0124999 ] ] ], [ [ [ 12.4995869, 38.0132372 ], [ 12.4976267, 38.0128227 ], [ 12.4996212, 38.0132768 ], [ 12.4995869, 38.0132372 ] ] ], [ [ [ 12.4872179, 38.0133724 ], [ 12.4875161, 38.0132248 ], [ 12.4874797, 38.0131589 ], [ 12.4872179, 38.0133724 ] ] ], [ [ [ 12.4388036, 38.0433995 ], [ 12.4384959, 38.0433526 ], [ 12.4385473, 38.0434841 ], [ 12.4388036, 38.0433995 ] ] ], [ [ [ 12.5294236, 38.063843 ], [ 12.5293452, 38.0646406 ], [ 12.5297963, 38.0644581 ], [ 12.5294236, 38.063843 ] ] ], [ [ [ 12.6263755, 35.5147188 ], [ 12.6262995, 35.5144135 ], [ 12.6260975, 35.514563 ], [ 12.6263755, 35.5147188 ] ] ], [ [ [ 12.6268109, 35.5147017 ], [ 12.6267427, 35.5149003 ], [ 12.6268608, 35.5148832 ], [ 12.6268109, 35.5147017 ] ] ], [ [ [ 12.8779776, 35.8549161 ], [ 12.8778834, 35.8550344 ], [ 12.8779564, 35.8549963 ], [ 12.8779776, 35.8549161 ] ] ], [ [ [ 12.8780458, 35.8551718 ], [ 12.8781235, 35.8550821 ], [ 12.8780529, 35.8550897 ], [ 12.8780458, 35.8551718 ] ] ], [ [ [ 12.8484605, 35.8678432 ], [ 12.8495319, 35.871498 ], [ 12.8538424, 35.871586 ], [ 12.8575336, 35.8744698 ], [ 12.8596892, 35.8746686 ], [ 12.8597136, 35.8757197 ], [ 12.862364, 35.8759292 ], [ 12.8649738, 35.874754 ], [ 12.8696278, 35.8752214 ], [ 12.8732634, 35.8746689 ], [ 12.8738211, 35.8755906 ], [ 12.8780886, 35.8750555 ], [ 12.8792662, 35.8730408 ], [ 12.8808931, 35.8731086 ], [ 12.8792588, 35.8714783 ], [ 12.8802599, 35.8706778 ], [ 12.8793444, 35.8705215 ], [ 12.8800176, 35.8688153 ], [ 12.8795053, 35.8682914 ], [ 12.8815812, 35.8678263 ], [ 12.8805915, 35.8660809 ], [ 12.8838472, 35.8598943 ], [ 12.8835837, 35.8569019 ], [ 12.8813651, 35.8543605 ], [ 12.8791843, 35.855621 ], [ 12.8774309, 35.8549939 ], [ 12.8765472, 35.8555762 ], [ 12.8759841, 35.8548784 ], [ 12.8727836, 35.8571882 ], [ 12.8708494, 35.8558216 ], [ 12.8701764, 35.8562173 ], [ 12.8678535, 35.8552703 ], [ 12.8638976, 35.8555808 ], [ 12.8649878, 35.8557322 ], [ 12.863679, 35.8566125 ], [ 12.8631207, 35.8554077 ], [ 12.8602495, 35.8558441 ], [ 12.8598855, 35.8550233 ], [ 12.8589098, 35.8552371 ], [ 12.85622, 35.8572141 ], [ 12.8548799, 35.8608314 ], [ 12.8531992, 35.8616928 ], [ 12.8522066, 35.8634876 ], [ 12.8547404, 35.8631726 ], [ 12.853409, 35.8651 ], [ 12.8537914, 35.8672726 ], [ 12.8519527, 35.8677613 ], [ 12.8503806, 35.8666341 ], [ 12.8484605, 35.8678432 ] ] ], [ [ [ 12.881907, 35.8667314 ], [ 12.8820706, 35.8666118 ], [ 12.8818614, 35.8666509 ], [ 12.881907, 35.8667314 ] ] ], [ [ [ 12.8813814, 35.8667835 ], [ 12.8813197, 35.866764 ], [ 12.8812366, 35.8668053 ], [ 12.8813814, 35.8667835 ] ] ], [ [ [ 12.8816899, 35.8672748 ], [ 12.8816899, 35.867403 ], [ 12.8817569, 35.8673291 ], [ 12.8816899, 35.8672748 ] ] ], [ [ [ 12.8822397, 35.86699 ], [ 12.8820545, 35.867603 ], [ 12.8816604, 35.8678551 ], [ 12.8818667, 35.8679398 ], [ 12.8821913, 35.867653 ], [ 12.8822397, 35.86699 ] ] ], [ [ [ 12.8813841, 35.8681354 ], [ 12.8813546, 35.8681419 ], [ 12.8813814, 35.8681506 ], [ 12.8813841, 35.8681354 ] ] ], [ [ [ 12.8814458, 35.8681506 ], [ 12.8814297, 35.8681941 ], [ 12.8814726, 35.8681507 ], [ 12.8814458, 35.8681506 ] ] ], [ [ [ 12.8815048, 35.8681289 ], [ 12.8814645, 35.8682289 ], [ 12.8815397, 35.8681333 ], [ 12.8815048, 35.8681289 ] ] ], [ [ [ 12.8800039, 35.8714253 ], [ 12.8803745, 35.871975 ], [ 12.8805538, 35.8715057 ], [ 12.8800039, 35.8714253 ] ] ], [ [ [ 12.8801809, 35.8722707 ], [ 12.880594, 35.8721729 ], [ 12.8805139, 35.8720381 ], [ 12.8801809, 35.8722707 ] ] ], [ [ [ 13.6052247, 38.0224119 ], [ 13.6051688, 38.0224275 ], [ 13.6052207, 38.0224471 ], [ 13.6052247, 38.0224119 ] ] ], [ [ [ 13.6051091, 38.0226456 ], [ 13.6051485, 38.0226937 ], [ 13.605166, 38.0226733 ], [ 13.6051091, 38.0226456 ] ] ], [ [ [ 13.6045202, 38.0228861 ], [ 13.6044912, 38.0229562 ], [ 13.6045419, 38.0229416 ], [ 13.6045202, 38.0228861 ] ] ], [ [ [ 13.6040428, 38.0234745 ], [ 13.6040831, 38.0234671 ], [ 13.6040591, 38.0234617 ], [ 13.6040428, 38.0234745 ] ] ], [ [ [ 13.6037114, 38.0235946 ], [ 13.6037456, 38.0236513 ], [ 13.6037628, 38.0235885 ], [ 13.6037114, 38.0235946 ] ] ], [ [ [ 13.6036727, 38.0238818 ], [ 13.6036806, 38.0239211 ], [ 13.6036982, 38.0238988 ], [ 13.6036727, 38.0238818 ] ] ], [ [ [ 13.6001233, 38.0259566 ], [ 13.600171, 38.0259454 ], [ 13.6001395, 38.0259374 ], [ 13.6001233, 38.0259566 ] ] ], [ [ [ 13.5968889, 38.0265848 ], [ 13.5968188, 38.0265775 ], [ 13.5968395, 38.0266092 ], [ 13.5968889, 38.0265848 ] ] ], [ [ [ 13.6000699, 38.0269482 ], [ 13.5999912, 38.0270091 ], [ 13.6000875, 38.0270241 ], [ 13.6000699, 38.0269482 ] ] ], [ [ [ 13.5873151, 38.030527 ], [ 13.5872299, 38.030432 ], [ 13.587225, 38.0304627 ], [ 13.5873151, 38.030527 ] ] ], [ [ [ 13.5875222, 38.0306862 ], [ 13.5875832, 38.0305231 ], [ 13.5875259, 38.0305202 ], [ 13.5875222, 38.0306862 ] ] ], [ [ [ 13.5863709, 38.0307767 ], [ 13.5862245, 38.0306761 ], [ 13.5862219, 38.0307218 ], [ 13.5863709, 38.0307767 ] ] ], [ [ [ 13.5857728, 38.0323052 ], [ 13.5858021, 38.0322101 ], [ 13.585695, 38.0321972 ], [ 13.5857728, 38.0323052 ] ] ], [ [ [ 13.5854242, 38.0325479 ], [ 13.5854389, 38.0324116 ], [ 13.5853763, 38.0324362 ], [ 13.5854242, 38.0325479 ] ] ], [ [ [ 13.5846971, 38.0326211 ], [ 13.5845907, 38.0325576 ], [ 13.5845596, 38.0325855 ], [ 13.5846971, 38.0326211 ] ] ], [ [ [ 13.5846079, 38.0327078 ], [ 13.5845156, 38.0325961 ], [ 13.5844771, 38.03265 ], [ 13.5846079, 38.0327078 ] ] ], [ [ [ 13.5845125, 38.0327242 ], [ 13.5845449, 38.0327439 ], [ 13.5845388, 38.0327319 ], [ 13.5845125, 38.0327242 ] ] ], [ [ [ 13.5831665, 38.0332077 ], [ 13.5831686, 38.0330177 ], [ 13.5831267, 38.0330206 ], [ 13.5831665, 38.0332077 ] ] ], [ [ [ 13.5399993, 38.0619298 ], [ 13.5402517, 38.0612516 ], [ 13.5399274, 38.0619411 ], [ 13.5399993, 38.0619298 ] ] ], [ [ [ 13.5396909, 38.0624556 ], [ 13.5394144, 38.0626293 ], [ 13.5394224, 38.0626934 ], [ 13.5396909, 38.0624556 ] ] ], [ [ [ 13.539154, 38.0634659 ], [ 13.5393809, 38.0628004 ], [ 13.5390661, 38.0635036 ], [ 13.539154, 38.0634659 ] ] ], [ [ [ 13.5389042, 38.0642634 ], [ 13.5390834, 38.063614 ], [ 13.5387838, 38.0642968 ], [ 13.5389042, 38.0642634 ] ] ], [ [ [ 13.0325271, 38.0667097 ], [ 13.0321824, 38.0664653 ], [ 13.0329102, 38.0674411 ], [ 13.0325271, 38.0667097 ] ] ], [ [ [ 13.0334771, 38.068337 ], [ 13.0328015, 38.0677593 ], [ 13.033464, 38.0684708 ], [ 13.0334771, 38.068337 ] ] ], [ [ [ 13.0345117, 38.0692084 ], [ 13.0338361, 38.0684708 ], [ 13.0337153, 38.0685067 ], [ 13.0345117, 38.0692084 ] ] ], [ [ [ 13.0349621, 38.0692639 ], [ 13.0355691, 38.0697175 ], [ 13.035605, 38.0696914 ], [ 13.0349621, 38.0692639 ] ] ], [ [ [ 13.03584, 38.069649 ], [ 13.0364862, 38.0701777 ], [ 13.0365874, 38.0701777 ], [ 13.03584, 38.069649 ] ] ], [ [ [ 13.5372432, 38.1134428 ], [ 13.5378686, 38.1135378 ], [ 13.5372632, 38.1133449 ], [ 13.5372432, 38.1134428 ] ] ], [ [ [ 13.5071896, 38.1195971 ], [ 13.5071311, 38.1195082 ], [ 13.5070766, 38.1195675 ], [ 13.5071896, 38.1195971 ] ] ], [ [ [ 13.5067368, 38.1196999 ], [ 13.5070938, 38.1199252 ], [ 13.5070786, 38.1197081 ], [ 13.5067368, 38.1196999 ] ] ], [ [ [ 13.0702436, 38.1449003 ], [ 13.070794, 38.144922 ], [ 13.0709791, 38.1444309 ], [ 13.0702436, 38.1449003 ] ] ], [ [ [ 13.0782467, 38.1740363 ], [ 13.0785331, 38.1743514 ], [ 13.0786979, 38.1741079 ], [ 13.0782467, 38.1740363 ] ] ], [ [ [ 13.2435137, 38.1932366 ], [ 13.2436326, 38.1929867 ], [ 13.2433735, 38.193069 ], [ 13.2435137, 38.1932366 ] ] ], [ [ [ 13.2340985, 38.2117096 ], [ 13.2354179, 38.2125252 ], [ 13.2370168, 38.2122109 ], [ 13.2378753, 38.2074218 ], [ 13.2344162, 38.2086626 ], [ 13.2340985, 38.2117096 ] ] ], [ [ [ 13.1524418, 38.7005455 ], [ 13.1532577, 38.6998069 ], [ 13.1551328, 38.7008591 ], [ 13.1548431, 38.7015908 ], [ 13.1565571, 38.7024772 ], [ 13.1580082, 38.7058702 ], [ 13.159824, 38.7075258 ], [ 13.1612451, 38.7074121 ], [ 13.1601028, 38.7122225 ], [ 13.16282, 38.7128462 ], [ 13.1632224, 38.713834 ], [ 13.1647459, 38.7143824 ], [ 13.1684763, 38.7148039 ], [ 13.1692782, 38.7163071 ], [ 13.1719851, 38.717982 ], [ 13.1802422, 38.7207664 ], [ 13.1865067, 38.716537 ], [ 13.1905055, 38.7157233 ], [ 13.1919656, 38.7141079 ], [ 13.1961016, 38.7146165 ], [ 13.1989572, 38.7130874 ], [ 13.1991367, 38.7113422 ], [ 13.2007682, 38.7109954 ], [ 13.2006359, 38.7094483 ], [ 13.1997283, 38.708646 ], [ 13.1951024, 38.7088208 ], [ 13.195136, 38.7076697 ], [ 13.196469, 38.7080236 ], [ 13.1954305, 38.7075706 ], [ 13.1959251, 38.7069514 ], [ 13.1943229, 38.7035346 ], [ 13.1898002, 38.700055 ], [ 13.1862011, 38.6988592 ], [ 13.1862382, 38.6962263 ], [ 13.1832284, 38.6959478 ], [ 13.1831454, 38.6949456 ], [ 13.1826791, 38.6955715 ], [ 13.1771618, 38.6942232 ], [ 13.1741577, 38.6924815 ], [ 13.1736267, 38.6907355 ], [ 13.1692117, 38.691083 ], [ 13.168214, 38.6925024 ], [ 13.1576621, 38.6919539 ], [ 13.1532204, 38.6936789 ], [ 13.1551409, 38.694734 ], [ 13.1537837, 38.695429 ], [ 13.1551838, 38.6966223 ], [ 13.1526961, 38.6997225 ], [ 13.1513612, 38.7002013 ], [ 13.1524418, 38.7005455 ] ] ], [ [ [ 14.9325445, 36.6858889 ], [ 14.9323675, 36.6860018 ], [ 14.9325767, 36.6860083 ], [ 14.9325445, 36.6858889 ] ] ], [ [ [ 14.9319953, 36.6864681 ], [ 14.931766, 36.6860583 ], [ 14.9315668, 36.6860502 ], [ 14.9319953, 36.6864681 ] ] ], [ [ [ 14.9328583, 36.686197 ], [ 14.9326592, 36.6863471 ], [ 14.9328945, 36.6863067 ], [ 14.9328583, 36.686197 ] ] ], [ [ [ 13.8569917, 37.112519 ], [ 13.8563158, 37.1119683 ], [ 13.8557552, 37.1127545 ], [ 13.8562867, 37.1125954 ], [ 13.8569917, 37.112519 ] ] ], [ [ [ 13.6572021, 37.1898308 ], [ 13.6571163, 37.1897069 ], [ 13.6568695, 37.1898437 ], [ 13.6572021, 37.1898308 ] ] ], [ [ [ 12.4242472, 37.8020705 ], [ 12.4249207, 37.8029212 ], [ 12.4272161, 37.803468 ], [ 12.428007, 37.8058082 ], [ 12.4322384, 37.8065872 ], [ 12.4402416, 37.8130795 ], [ 12.4427425, 37.8159041 ], [ 12.4443663, 37.821547 ], [ 12.445209, 37.8210114 ], [ 12.444388, 37.816201 ], [ 12.4389469, 37.8116055 ], [ 12.4406776, 37.8098741 ], [ 12.4452421, 37.813149 ], [ 12.4491402, 37.8122861 ], [ 12.4533427, 37.8133189 ], [ 12.4535127, 37.814584 ], [ 12.4543403, 37.8136668 ], [ 12.4557742, 37.8146389 ], [ 12.4572662, 37.8136818 ], [ 12.4597987, 37.8158948 ], [ 12.4595515, 37.8167653 ], [ 12.4605445, 37.8161272 ], [ 12.4617379, 37.8173391 ], [ 12.4675646, 37.8267604 ], [ 12.4680516, 37.8277718 ], [ 12.4674732, 37.8281488 ], [ 12.4687169, 37.8276985 ], [ 12.4680339, 37.8296634 ], [ 12.4688349, 37.8355444 ], [ 12.4680053, 37.8367317 ], [ 12.4682025, 37.8382696 ], [ 12.4663744, 37.8410161 ], [ 12.4634183, 37.8415134 ], [ 12.4645476, 37.8436653 ], [ 12.4647468, 37.8475166 ], [ 12.4664888, 37.8488513 ], [ 12.472434, 37.8498807 ], [ 12.4749211, 37.8524022 ], [ 12.4776144, 37.8568055 ], [ 12.4750009, 37.8580883 ], [ 12.4791662, 37.8643055 ], [ 12.4806671, 37.8651794 ], [ 12.483937, 37.8735257 ], [ 12.4859102, 37.8737581 ], [ 12.4854555, 37.877455 ], [ 12.4822817, 37.8817464 ], [ 12.4786699, 37.8824105 ], [ 12.4763376, 37.8846775 ], [ 12.4728289, 37.8843855 ], [ 12.4708782, 37.8860924 ], [ 12.4710269, 37.888282 ], [ 12.4697786, 37.890731 ], [ 12.4665249, 37.8923074 ], [ 12.4666442, 37.8958945 ], [ 12.4695039, 37.8993146 ], [ 12.4684312, 37.9027674 ], [ 12.462517, 37.9018489 ], [ 12.4582485, 37.9080019 ], [ 12.4615429, 37.9113344 ], [ 12.4629914, 37.9112752 ], [ 12.4639421, 37.9123054 ], [ 12.4634719, 37.9129818 ], [ 12.4639621, 37.9126499 ], [ 12.4662993, 37.9145478 ], [ 12.46574, 37.9152863 ], [ 12.4670127, 37.9149981 ], [ 12.4688172, 37.9171897 ], [ 12.4700355, 37.9212136 ], [ 12.4731119, 37.9260321 ], [ 12.4796021, 37.9320778 ], [ 12.4813059, 37.9351805 ], [ 12.4806251, 37.935591 ], [ 12.481602, 37.9357037 ], [ 12.4877671, 37.9434055 ], [ 12.4897146, 37.948393 ], [ 12.4923781, 37.9521836 ], [ 12.4935506, 37.9530226 ], [ 12.494761, 37.9525005 ], [ 12.4962544, 37.9530312 ], [ 12.4945813, 37.9545216 ], [ 12.4954777, 37.9589759 ], [ 12.4949722, 37.9595187 ], [ 12.4985858, 37.9660177 ], [ 12.4958046, 37.9745677 ], [ 12.4936363, 37.9778603 ], [ 12.4943461, 37.984901 ], [ 12.4989033, 37.9842095 ], [ 12.5023593, 37.9855549 ], [ 12.4986814, 37.9868473 ], [ 12.4988542, 37.9885086 ], [ 12.5005857, 37.9902062 ], [ 12.5036187, 37.9910599 ], [ 12.5043549, 37.9917166 ], [ 12.5041231, 37.9931322 ], [ 12.5063498, 37.9937515 ], [ 12.5079494, 37.9962544 ], [ 12.507481, 37.9972349 ], [ 12.509129, 38.0044497 ], [ 12.5075986, 38.0054557 ], [ 12.5069087, 38.0102716 ], [ 12.5052324, 38.0112701 ], [ 12.509216, 38.0097991 ], [ 12.5104085, 38.0099697 ], [ 12.5098473, 38.0111322 ], [ 12.5113645, 38.0096473 ], [ 12.5167112, 38.0100834 ], [ 12.5178923, 38.0091844 ], [ 12.5198871, 38.009285 ], [ 12.5199617, 38.0110641 ], [ 12.5182034, 38.0117442 ], [ 12.5182946, 38.0123584 ], [ 12.5220443, 38.0133495 ], [ 12.52116, 38.0142711 ], [ 12.5122882, 38.0131261 ], [ 12.5076474, 38.0139308 ], [ 12.5072178, 38.0130468 ], [ 12.5061355, 38.0142438 ], [ 12.5034519, 38.0143407 ], [ 12.5034264, 38.0133502 ], [ 12.5046504, 38.0131313 ], [ 12.5014778, 38.0133989 ], [ 12.5032247, 38.0133809 ], [ 12.5033526, 38.0143414 ], [ 12.4992048, 38.0144937 ], [ 12.4992863, 38.0163678 ], [ 12.4975288, 38.016481 ], [ 12.4959236, 38.0155822 ], [ 12.4975621, 38.0145011 ], [ 12.4964875, 38.0139647 ], [ 12.4942527, 38.014839 ], [ 12.4915307, 38.0169316 ], [ 12.4947124, 38.0152762 ], [ 12.4982856, 38.017372 ], [ 12.4961195, 38.0205304 ], [ 12.4994584, 38.0179823 ], [ 12.5019373, 38.017437 ], [ 12.5047197, 38.017993 ], [ 12.504667, 38.0168787 ], [ 12.5072957, 38.01668 ], [ 12.5203428, 38.0224383 ], [ 12.5277383, 38.0290805 ], [ 12.5281451, 38.0314602 ], [ 12.5262504, 38.0334861 ], [ 12.5338984, 38.0346244 ], [ 12.5391916, 38.0392809 ], [ 12.5409649, 38.041626 ], [ 12.5409275, 38.043278 ], [ 12.5429633, 38.0451921 ], [ 12.5477422, 38.0452296 ], [ 12.5492159, 38.0465239 ], [ 12.5496353, 38.0493246 ], [ 12.5524062, 38.0497808 ], [ 12.5544862, 38.0512621 ], [ 12.55511, 38.0527284 ], [ 12.5542648, 38.0556216 ], [ 12.5579727, 38.0579929 ], [ 12.558089, 38.0593607 ], [ 12.5568963, 38.0591731 ], [ 12.5587515, 38.0605756 ], [ 12.5592737, 38.0635693 ], [ 12.5617334, 38.0656005 ], [ 12.5655458, 38.066645 ], [ 12.566935, 38.0661225 ], [ 12.5694705, 38.0686474 ], [ 12.5729491, 38.0697826 ], [ 12.5738958, 38.0691002 ], [ 12.5773423, 38.0705221 ], [ 12.5804271, 38.0695752 ], [ 12.581146, 38.0685146 ], [ 12.5847542, 38.0679057 ], [ 12.5862294, 38.066407 ], [ 12.5929915, 38.0665152 ], [ 12.5945913, 38.0671056 ], [ 12.5945661, 38.0683674 ], [ 12.5937557, 38.068721 ], [ 12.5959233, 38.0685826 ], [ 12.5961887, 38.0692583 ], [ 12.5978506, 38.0674692 ], [ 12.5991984, 38.0671781 ], [ 12.6003521, 38.0649347 ], [ 12.6065621, 38.064969 ], [ 12.6115618, 38.0659471 ], [ 12.6159714, 38.0684565 ], [ 12.6201427, 38.068891 ], [ 12.6240236, 38.0706117 ], [ 12.6253019, 38.0701402 ], [ 12.6284953, 38.0715922 ], [ 12.6304407, 38.0705361 ], [ 12.6311383, 38.0722823 ], [ 12.6390377, 38.0751811 ], [ 12.6400912, 38.0765456 ], [ 12.644661, 38.0783818 ], [ 12.6472041, 38.0807873 ], [ 12.6477375, 38.0849753 ], [ 12.6516225, 38.0862549 ], [ 12.6549353, 38.0901305 ], [ 12.6571752, 38.0891558 ], [ 12.6621453, 38.0928382 ], [ 12.6628656, 38.0962038 ], [ 12.6623001, 38.0971562 ], [ 12.6587536, 38.0988155 ], [ 12.6573629, 38.1019363 ], [ 12.6582498, 38.1043125 ], [ 12.6569494, 38.1068118 ], [ 12.6571846, 38.1083685 ], [ 12.6602541, 38.111586 ], [ 12.6638212, 38.1129379 ], [ 12.6704194, 38.1134579 ], [ 12.6719838, 38.114684 ], [ 12.6747366, 38.1137203 ], [ 12.677908, 38.1138851 ], [ 12.6807895, 38.1129635 ], [ 12.6805952, 38.1107533 ], [ 12.6814594, 38.109413 ], [ 12.6886832, 38.1053534 ], [ 12.6937715, 38.105703 ], [ 12.6989213, 38.1048978 ], [ 12.7104765, 38.1089697 ], [ 12.7127193, 38.1121811 ], [ 12.7183925, 38.116919 ], [ 12.7202758, 38.1166259 ], [ 12.7200501, 38.1181984 ], [ 12.7223076, 38.1196526 ], [ 12.7219714, 38.1202361 ], [ 12.7241766, 38.1230086 ], [ 12.7290051, 38.1255456 ], [ 12.728188, 38.1281126 ], [ 12.7261735, 38.1304318 ], [ 12.7311311, 38.135225 ], [ 12.7359491, 38.1364847 ], [ 12.7366355, 38.1372252 ], [ 12.7361315, 38.1377494 ], [ 12.7376365, 38.1391403 ], [ 12.7370562, 38.1397816 ], [ 12.7376776, 38.1409935 ], [ 12.7363316, 38.1419353 ], [ 12.7359367, 38.1434429 ], [ 12.7364765, 38.1435486 ], [ 12.7308604, 38.1475241 ], [ 12.7309516, 38.1497895 ], [ 12.7279245, 38.1553947 ], [ 12.7237266, 38.1590079 ], [ 12.7231492, 38.161778 ], [ 12.7186398, 38.1676452 ], [ 12.7166926, 38.171277 ], [ 12.715964, 38.1754172 ], [ 12.7167227, 38.1759452 ], [ 12.7157436, 38.1767381 ], [ 12.7181764, 38.1814321 ], [ 12.7261725, 38.1876433 ], [ 12.7305113, 38.1895547 ], [ 12.7344766, 38.1893488 ], [ 12.7344679, 38.1864405 ], [ 12.73231, 38.1830455 ], [ 12.7367159, 38.1814962 ], [ 12.7322203, 38.1826433 ], [ 12.7315348, 38.1807171 ], [ 12.7328235, 38.1793006 ], [ 12.7341825, 38.1805118 ], [ 12.7335963, 38.1788988 ], [ 12.7372872, 38.1762528 ], [ 12.7445885, 38.1758867 ], [ 12.7493783, 38.1785635 ], [ 12.7586597, 38.1778133 ], [ 12.7661365, 38.1802698 ], [ 12.7676749, 38.1798838 ], [ 12.7691338, 38.1783008 ], [ 12.770012, 38.1753494 ], [ 12.771256, 38.175087 ], [ 12.7703622, 38.1733789 ], [ 12.7718151, 38.1715322 ], [ 12.7717066, 38.1693056 ], [ 12.7690146, 38.1672386 ], [ 12.7684166, 38.1650174 ], [ 12.7672282, 38.164338 ], [ 12.7673892, 38.1566552 ], [ 12.7696407, 38.1532118 ], [ 12.7697623, 38.1511754 ], [ 12.7709092, 38.1503659 ], [ 12.7731268, 38.1498022 ], [ 12.7794324, 38.1509102 ], [ 12.7841689, 38.1443198 ], [ 12.7844711, 38.1431262 ], [ 12.7840248, 38.1417418 ], [ 12.7832713, 38.1419132 ], [ 12.7832424, 38.1399086 ], [ 12.7862543, 38.1396826 ], [ 12.7887452, 38.137576 ], [ 12.7892438, 38.1360747 ], [ 12.7908843, 38.135238 ], [ 12.7904388, 38.1287164 ], [ 12.7890064, 38.1258832 ], [ 12.7883651, 38.1221603 ], [ 12.7872512, 38.1209765 ], [ 12.7884313, 38.1202748 ], [ 12.7908845, 38.1161521 ], [ 12.7896516, 38.1096541 ], [ 12.7923825, 38.1085575 ], [ 12.793682, 38.1059978 ], [ 12.7953736, 38.1058541 ], [ 12.7955408, 38.1025141 ], [ 12.7982585, 38.1003911 ], [ 12.7980866, 38.0995074 ], [ 12.7994159, 38.099612 ], [ 12.7997662, 38.0983827 ], [ 12.8024725, 38.0971632 ], [ 12.8017214, 38.0952457 ], [ 12.8044793, 38.0941341 ], [ 12.80486, 38.0876693 ], [ 12.8078215, 38.0865785 ], [ 12.8082131, 38.0846604 ], [ 12.8110047, 38.0823077 ], [ 12.811329, 38.0794538 ], [ 12.816586, 38.0800013 ], [ 12.8182396, 38.0772717 ], [ 12.8199307, 38.0769336 ], [ 12.8194271, 38.0757402 ], [ 12.8203595, 38.074968 ], [ 12.8201746, 38.0740317 ], [ 12.8222882, 38.0736284 ], [ 12.8214728, 38.0724403 ], [ 12.8222549, 38.0721444 ], [ 12.821918, 38.0713509 ], [ 12.8256873, 38.0684232 ], [ 12.8268332, 38.0663757 ], [ 12.8276029, 38.0666885 ], [ 12.8288498, 38.064818 ], [ 12.830733, 38.0647055 ], [ 12.8363703, 38.0612286 ], [ 12.8381033, 38.062236 ], [ 12.8400058, 38.0620642 ], [ 12.8386341, 38.0583284 ], [ 12.8426876, 38.055507 ], [ 12.8445783, 38.0551065 ], [ 12.846906, 38.0565564 ], [ 12.8484773, 38.0559853 ], [ 12.8503549, 38.0567132 ], [ 12.8509788, 38.0558408 ], [ 12.8503836, 38.0548413 ], [ 12.8523228, 38.0548601 ], [ 12.8527122, 38.0543063 ], [ 12.851859, 38.053346 ], [ 12.8548007, 38.0495027 ], [ 12.8563276, 38.0496228 ], [ 12.8587767, 38.047805 ], [ 12.8593024, 38.0483288 ], [ 12.85866, 38.0486447 ], [ 12.8627298, 38.0524299 ], [ 12.8630428, 38.0504468 ], [ 12.8648733, 38.0498627 ], [ 12.8662638, 38.0511299 ], [ 12.8668503, 38.0504136 ], [ 12.8685425, 38.0515612 ], [ 12.8714002, 38.0434429 ], [ 12.87151, 38.0410212 ], [ 12.8706422, 38.0400451 ], [ 12.8713733, 38.0366013 ], [ 12.8743781, 38.0336477 ], [ 12.8814633, 38.0346911 ], [ 12.8848977, 38.0337152 ], [ 12.88155, 38.0343772 ], [ 12.8775057, 38.0336227 ], [ 12.8780699, 38.0327156 ], [ 12.8773147, 38.0317114 ], [ 12.8790451, 38.0288337 ], [ 12.880661, 38.0287217 ], [ 12.8811565, 38.0304824 ], [ 12.8803444, 38.0306465 ], [ 12.8821357, 38.0311853 ], [ 12.8819577, 38.0300139 ], [ 12.8832245, 38.0289547 ], [ 12.8846129, 38.0286007 ], [ 12.8850882, 38.0294389 ], [ 12.8865601, 38.0287838 ], [ 12.8890483, 38.0261725 ], [ 12.8927057, 38.0244697 ], [ 12.9028529, 38.0245381 ], [ 12.9219376, 38.0265586 ], [ 12.9481967, 38.0315295 ], [ 12.9660734, 38.0362748 ], [ 12.9795971, 38.0409319 ], [ 12.999086, 38.0487366 ], [ 13.000038, 38.0506113 ], [ 13.0026476, 38.0519415 ], [ 13.0012588, 38.0558536 ], [ 13.0046553, 38.0589287 ], [ 13.0050895, 38.0585248 ], [ 13.0017576, 38.0559061 ], [ 13.0027379, 38.0533304 ], [ 13.0063506, 38.054474 ], [ 13.0046412, 38.0563388 ], [ 13.0065926, 38.0545852 ], [ 13.0107639, 38.0550401 ], [ 13.0302419, 38.0635086 ], [ 13.0321427, 38.0660579 ], [ 13.032429, 38.0655789 ], [ 13.0367491, 38.069721 ], [ 13.0367025, 38.0701392 ], [ 13.0374486, 38.0712072 ], [ 13.036959, 38.0700107 ], [ 13.0387806, 38.0707506 ], [ 13.0390339, 38.0735261 ], [ 13.0397214, 38.0738257 ], [ 13.0391153, 38.0719236 ], [ 13.0397741, 38.0713809 ], [ 13.0451089, 38.0718492 ], [ 13.0484788, 38.0729791 ], [ 13.0512098, 38.0721386 ], [ 13.053431, 38.0728525 ], [ 13.0777022, 38.0875817 ], [ 13.0782822, 38.0881848 ], [ 13.0770941, 38.0900302 ], [ 13.0777511, 38.0901502 ], [ 13.0770799, 38.0925703 ], [ 13.0783179, 38.0939699 ], [ 13.0753186, 38.0962903 ], [ 13.0728148, 38.1007862 ], [ 13.0701234, 38.1025235 ], [ 13.072522, 38.110156 ], [ 13.0695976, 38.116068 ], [ 13.0700511, 38.1163343 ], [ 13.0687097, 38.1174548 ], [ 13.0681367, 38.1207728 ], [ 13.0566465, 38.1319213 ], [ 13.0523951, 38.1388014 ], [ 13.0575382, 38.1393736 ], [ 13.0592451, 38.138637 ], [ 13.0593425, 38.1402449 ], [ 13.0613207, 38.1404927 ], [ 13.0629946, 38.1437153 ], [ 13.0723187, 38.141771 ], [ 13.0713175, 38.1475386 ], [ 13.0703992, 38.1484019 ], [ 13.0718406, 38.1494444 ], [ 13.0716847, 38.1502323 ], [ 13.0725505, 38.1502419 ], [ 13.0722569, 38.1516242 ], [ 13.0750046, 38.1513304 ], [ 13.0761117, 38.1520993 ], [ 13.0748444, 38.1544804 ], [ 13.0785499, 38.1539892 ], [ 13.0808303, 38.1547905 ], [ 13.0800102, 38.1567743 ], [ 13.0805265, 38.1580274 ], [ 13.0792125, 38.1595201 ], [ 13.0803486, 38.1592348 ], [ 13.0809702, 38.1581181 ], [ 13.080453, 38.1563877 ], [ 13.0813745, 38.15601 ], [ 13.0820128, 38.1568216 ], [ 13.0813313, 38.1572222 ], [ 13.0818274, 38.1578095 ], [ 13.0819633, 38.1570779 ], [ 13.0832187, 38.1574491 ], [ 13.0839122, 38.1595283 ], [ 13.0805997, 38.1601931 ], [ 13.0841347, 38.1596625 ], [ 13.0849877, 38.1616658 ], [ 13.0851727, 38.1641618 ], [ 13.0837379, 38.1668532 ], [ 13.0817663, 38.1672127 ], [ 13.0821428, 38.1678899 ], [ 13.0803256, 38.1682763 ], [ 13.0797368, 38.169694 ], [ 13.0774239, 38.1703364 ], [ 13.076863, 38.1710106 ], [ 13.0773463, 38.1719739 ], [ 13.0787881, 38.173718 ], [ 13.0826346, 38.173151 ], [ 13.0856773, 38.1778032 ], [ 13.0888782, 38.1793604 ], [ 13.0895218, 38.18169 ], [ 13.090778, 38.1816718 ], [ 13.0937923, 38.1842578 ], [ 13.0996126, 38.1867849 ], [ 13.1027426, 38.1872338 ], [ 13.1031242, 38.1887968 ], [ 13.1042967, 38.1890304 ], [ 13.1057415, 38.1907854 ], [ 13.1085756, 38.1915882 ], [ 13.1111076, 38.1909588 ], [ 13.1167566, 38.1917616 ], [ 13.1218781, 38.1910869 ], [ 13.1242236, 38.1916478 ], [ 13.1233023, 38.1902201 ], [ 13.1242087, 38.189323 ], [ 13.1268697, 38.189261 ], [ 13.1278043, 38.1882337 ], [ 13.1299852, 38.1893577 ], [ 13.1308196, 38.1879594 ], [ 13.133225, 38.1865633 ], [ 13.134936, 38.1863703 ], [ 13.135546, 38.1872749 ], [ 13.1356688, 38.1862677 ], [ 13.1369501, 38.1857491 ], [ 13.1355598, 38.185816 ], [ 13.136274, 38.184416 ], [ 13.1374464, 38.184679 ], [ 13.1387262, 38.1833425 ], [ 13.1402809, 38.1845776 ], [ 13.1405216, 38.1837092 ], [ 13.1422205, 38.1841177 ], [ 13.1432408, 38.1823655 ], [ 13.1443027, 38.1827973 ], [ 13.1444838, 38.1843292 ], [ 13.1479457, 38.1852555 ], [ 13.1489585, 38.1864568 ], [ 13.1512818, 38.1859575 ], [ 13.154802, 38.1868935 ], [ 13.1602343, 38.1857742 ], [ 13.1621167, 38.1836857 ], [ 13.1606665, 38.1811947 ], [ 13.1615445, 38.1807032 ], [ 13.161303, 38.1750739 ], [ 13.1619658, 38.1722387 ], [ 13.1634948, 38.1707851 ], [ 13.1750212, 38.1689363 ], [ 13.1910976, 38.1692453 ], [ 13.2085685, 38.1743423 ], [ 13.2143939, 38.1746949 ], [ 13.2150881, 38.1757578 ], [ 13.2194439, 38.1767605 ], [ 13.2241792, 38.1793063 ], [ 13.2251961, 38.1789203 ], [ 13.2331628, 38.1830598 ], [ 13.2402079, 38.1884804 ], [ 13.244132, 38.1932084 ], [ 13.2431233, 38.1961418 ], [ 13.2432553, 38.1989777 ], [ 13.2410597, 38.2015448 ], [ 13.2414467, 38.20395 ], [ 13.245668, 38.2028936 ], [ 13.246604, 38.2015213 ], [ 13.247804, 38.2014147 ], [ 13.2466727, 38.2011505 ], [ 13.2467267, 38.2000029 ], [ 13.2479482, 38.1998001 ], [ 13.2474781, 38.199158 ], [ 13.248333, 38.1987324 ], [ 13.2494826, 38.1996657 ], [ 13.2483452, 38.2005175 ], [ 13.249741, 38.199823 ], [ 13.24943, 38.1989079 ], [ 13.2516896, 38.1987563 ], [ 13.2548104, 38.1991523 ], [ 13.2589305, 38.2013035 ], [ 13.2603969, 38.1999557 ], [ 13.2654249, 38.1999132 ], [ 13.2666277, 38.2012493 ], [ 13.2667663, 38.2033209 ], [ 13.268696, 38.2036732 ], [ 13.2699184, 38.202792 ], [ 13.2696085, 38.2006662 ], [ 13.2718766, 38.1987817 ], [ 13.2741062, 38.1981531 ], [ 13.276345, 38.2001295 ], [ 13.2759694, 38.200822 ], [ 13.2739589, 38.2009246 ], [ 13.2760869, 38.2010627 ], [ 13.2769466, 38.2028209 ], [ 13.2819027, 38.205955 ], [ 13.2823037, 38.2094492 ], [ 13.2812107, 38.2102129 ], [ 13.2820066, 38.2100748 ], [ 13.2808129, 38.2109161 ], [ 13.2812358, 38.2112446 ], [ 13.2829786, 38.2104376 ], [ 13.2829513, 38.2095665 ], [ 13.2851279, 38.2093757 ], [ 13.2928804, 38.2140389 ], [ 13.2940503, 38.2163941 ], [ 13.2955014, 38.2173784 ], [ 13.2996558, 38.2192249 ], [ 13.300379, 38.2189029 ], [ 13.3006451, 38.2196682 ], [ 13.3037722, 38.2210598 ], [ 13.3088032, 38.2210351 ], [ 13.3125769, 38.2221261 ], [ 13.3147157, 38.2245115 ], [ 13.3181889, 38.2242747 ], [ 13.32227, 38.219199 ], [ 13.3224932, 38.2169467 ], [ 13.3238836, 38.2167174 ], [ 13.3244446, 38.2160637 ], [ 13.324515, 38.2151103 ], [ 13.3229973, 38.2166411 ], [ 13.3227483, 38.2139411 ], [ 13.3277129, 38.211618 ], [ 13.3294952, 38.2125077 ], [ 13.3306692, 38.2119884 ], [ 13.3282568, 38.2068553 ], [ 13.3272885, 38.2074186 ], [ 13.3257159, 38.2061299 ], [ 13.3260602, 38.2037281 ], [ 13.3284001, 38.2003302 ], [ 13.3337767, 38.1967341 ], [ 13.3357315, 38.196812 ], [ 13.335545, 38.197707 ], [ 13.3383463, 38.1969198 ], [ 13.3407879, 38.1943625 ], [ 13.3426466, 38.193957 ], [ 13.3466093, 38.1910227 ], [ 13.349191, 38.1911032 ], [ 13.3506062, 38.1927113 ], [ 13.3525384, 38.1924799 ], [ 13.3507015, 38.1924243 ], [ 13.3497925, 38.1915644 ], [ 13.351221, 38.1908502 ], [ 13.3586412, 38.1918675 ], [ 13.3608058, 38.1874904 ], [ 13.3657043, 38.1823163 ], [ 13.3664823, 38.1764091 ], [ 13.3677697, 38.1747091 ], [ 13.3666286, 38.1725316 ], [ 13.3673222, 38.1709789 ], [ 13.3668167, 38.1684155 ], [ 13.3698326, 38.1663845 ], [ 13.3690841, 38.1661021 ], [ 13.3717815, 38.1625592 ], [ 13.3744571, 38.1544651 ], [ 13.3766337, 38.1524598 ], [ 13.3764956, 38.1495507 ], [ 13.3759258, 38.1487885 ], [ 13.3763208, 38.15222 ], [ 13.3754854, 38.1525027 ], [ 13.3744699, 38.1497326 ], [ 13.3743947, 38.1508526 ], [ 13.3733794, 38.1498427 ], [ 13.373048, 38.1505394 ], [ 13.3718118, 38.1481969 ], [ 13.3713496, 38.1459575 ], [ 13.3729689, 38.1450612 ], [ 13.3733067, 38.1443811 ], [ 13.3713506, 38.1457897 ], [ 13.3700317, 38.1443118 ], [ 13.3686408, 38.1442069 ], [ 13.3692389, 38.1436301 ], [ 13.3687812, 38.1426975 ], [ 13.371399, 38.1418822 ], [ 13.372181, 38.1442283 ], [ 13.3778088, 38.132524 ], [ 13.3754429, 38.1360303 ], [ 13.3737002, 38.140667 ], [ 13.3716394, 38.1401557 ], [ 13.3724294, 38.1376825 ], [ 13.3711165, 38.1409867 ], [ 13.3703476, 38.1407959 ], [ 13.3716366, 38.1374899 ], [ 13.3707141, 38.1370398 ], [ 13.3712641, 38.1364026 ], [ 13.3690987, 38.1383232 ], [ 13.3686221, 38.1379931 ], [ 13.3703871, 38.1364299 ], [ 13.3696912, 38.1359693 ], [ 13.3707059, 38.1330871 ], [ 13.3729648, 38.1335862 ], [ 13.3756829, 38.126443 ], [ 13.3804995, 38.1224401 ], [ 13.3751089, 38.1263082 ], [ 13.372569, 38.1329931 ], [ 13.3705362, 38.1325797 ], [ 13.371141, 38.1307264 ], [ 13.3704833, 38.1305907 ], [ 13.3696567, 38.132876 ], [ 13.3679731, 38.1325881 ], [ 13.3696124, 38.1330348 ], [ 13.3693501, 38.1340013 ], [ 13.3681772, 38.1337989 ], [ 13.3693047, 38.1341386 ], [ 13.3689478, 38.1355062 ], [ 13.3678497, 38.1352476 ], [ 13.3685633, 38.1367208 ], [ 13.3675773, 38.1353505 ], [ 13.3627011, 38.1339925 ], [ 13.363296, 38.1306783 ], [ 13.3659296, 38.1309863 ], [ 13.3661101, 38.1304538 ], [ 13.3628038, 38.1298688 ], [ 13.3632403, 38.1288604 ], [ 13.3668813, 38.1293005 ], [ 13.3672651, 38.1285873 ], [ 13.3637268, 38.1281629 ], [ 13.3640861, 38.1272373 ], [ 13.3677285, 38.1274367 ], [ 13.3680535, 38.1268005 ], [ 13.3645763, 38.1266113 ], [ 13.3649729, 38.1255776 ], [ 13.3692059, 38.1253864 ], [ 13.3705094, 38.1229508 ], [ 13.366987, 38.1202117 ], [ 13.3670847, 38.1192705 ], [ 13.3685189, 38.1192015 ], [ 13.3724851, 38.122459 ], [ 13.3716874, 38.1255542 ], [ 13.3720398, 38.1255912 ], [ 13.3727831, 38.1224021 ], [ 13.3717091, 38.1206238 ], [ 13.374081, 38.1193517 ], [ 13.3794347, 38.1142302 ], [ 13.379947, 38.1134997 ], [ 13.3788612, 38.1140833 ], [ 13.3784826, 38.1126785 ], [ 13.3803262, 38.1125629 ], [ 13.3797233, 38.1120569 ], [ 13.3836945, 38.108868 ], [ 13.3931189, 38.1045884 ], [ 13.4006413, 38.1028447 ], [ 13.4049078, 38.0999575 ], [ 13.415457, 38.0981956 ], [ 13.4174307, 38.0989466 ], [ 13.4231184, 38.0980257 ], [ 13.4284995, 38.0991604 ], [ 13.4350428, 38.0953454 ], [ 13.4422852, 38.0948035 ], [ 13.472727, 38.097822 ], [ 13.4907854, 38.1022903 ], [ 13.4941997, 38.1045465 ], [ 13.4988037, 38.1052495 ], [ 13.5008979, 38.1078712 ], [ 13.5050804, 38.1078505 ], [ 13.5061251, 38.1098245 ], [ 13.5055039, 38.1127717 ], [ 13.5067691, 38.1135656 ], [ 13.5061748, 38.1148631 ], [ 13.5074969, 38.1158427 ], [ 13.5060948, 38.1176382 ], [ 13.5075244, 38.1193768 ], [ 13.509475, 38.1192382 ], [ 13.5111608, 38.1174528 ], [ 13.5118888, 38.117807 ], [ 13.5127882, 38.1168493 ], [ 13.5127126, 38.1176058 ], [ 13.5129078, 38.1168243 ], [ 13.5206965, 38.1139954 ], [ 13.5267837, 38.1130646 ], [ 13.5315948, 38.1101012 ], [ 13.5329782, 38.1116414 ], [ 13.5377721, 38.1126913 ], [ 13.5395034, 38.1091617 ], [ 13.535162, 38.1068072 ], [ 13.5337958, 38.1019487 ], [ 13.5352087, 38.098765 ], [ 13.5365535, 38.0989454 ], [ 13.53681, 38.0978141 ], [ 13.5389693, 38.0977009 ], [ 13.5388625, 38.0965866 ], [ 13.5399726, 38.0973346 ], [ 13.5398622, 38.0953728 ], [ 13.5391751, 38.095119 ], [ 13.5405052, 38.0941533 ], [ 13.5398918, 38.0926736 ], [ 13.5411252, 38.092836 ], [ 13.5404885, 38.0904454 ], [ 13.5426712, 38.0878299 ], [ 13.5421219, 38.0873455 ], [ 13.5410126, 38.0897752 ], [ 13.5404032, 38.0899358 ], [ 13.5408024, 38.0882729 ], [ 13.5399707, 38.0886538 ], [ 13.5392703, 38.0875815 ], [ 13.541298, 38.087857 ], [ 13.5394448, 38.0867148 ], [ 13.5367446, 38.0824667 ], [ 13.5377773, 38.0795002 ], [ 13.5422288, 38.0771793 ], [ 13.5432731, 38.0775214 ], [ 13.544157, 38.0755622 ], [ 13.5418739, 38.0733327 ], [ 13.5387151, 38.071899 ], [ 13.5376717, 38.0703792 ], [ 13.5366856, 38.0704322 ], [ 13.5360565, 38.0692344 ], [ 13.5364232, 38.0673029 ], [ 13.5386602, 38.062784 ], [ 13.5395023, 38.0624138 ], [ 13.5408342, 38.057812 ], [ 13.5516736, 38.051664 ], [ 13.5527841, 38.0496848 ], [ 13.5573032, 38.0474043 ], [ 13.563833, 38.0420265 ], [ 13.5664516, 38.038698 ], [ 13.5750654, 38.035108 ], [ 13.5839918, 38.0325653 ], [ 13.584913, 38.0323607 ], [ 13.5851264, 38.0325707 ], [ 13.5857778, 38.0320493 ], [ 13.5858464, 38.0310714 ], [ 13.5861954, 38.0308925 ], [ 13.5861858, 38.0306761 ], [ 13.5864929, 38.030396 ], [ 13.5892263, 38.0295756 ], [ 13.5895165, 38.0284842 ], [ 13.5926628, 38.0270368 ], [ 13.5965446, 38.0263316 ], [ 13.5995831, 38.0277299 ], [ 13.5996322, 38.0261061 ], [ 13.6008947, 38.0248739 ], [ 13.6033934, 38.0253527 ], [ 13.6034181, 38.0241458 ], [ 13.6036754, 38.0235615 ], [ 13.604054, 38.0231108 ], [ 13.6059226, 38.0215866 ], [ 13.6067671, 38.0211172 ], [ 13.6072979, 38.021079 ], [ 13.6078208, 38.0206249 ], [ 13.6081676, 38.0205775 ], [ 13.6120169, 38.0176767 ], [ 13.6150695, 38.0172385 ], [ 13.617271, 38.0186786 ], [ 13.6196748, 38.0187021 ], [ 13.6151038, 38.0170635 ], [ 13.6157823, 38.0166798 ], [ 13.6141372, 38.0165974 ], [ 13.6148371, 38.0156762 ], [ 13.6162863, 38.0158469 ], [ 13.6182153, 38.017588 ], [ 13.6162121, 38.0151196 ], [ 13.6167145, 38.0135326 ], [ 13.6187377, 38.0125829 ], [ 13.6183988, 38.0127379 ], [ 13.6180821, 38.0125005 ], [ 13.6181298, 38.0124043 ], [ 13.6211969, 38.0118419 ], [ 13.6221753, 38.0104804 ], [ 13.6259268, 38.0093053 ], [ 13.6294206, 38.0090275 ], [ 13.6303509, 38.0098171 ], [ 13.6314186, 38.0081455 ], [ 13.6370166, 38.0079735 ], [ 13.6408658, 38.0061248 ], [ 13.6415077, 38.0040503 ], [ 13.6508483, 37.9991106 ], [ 13.6521887, 37.9977093 ], [ 13.657294, 37.9975563 ], [ 13.6575079, 37.9966607 ], [ 13.6649556, 37.9940843 ], [ 13.675026, 37.9952637 ], [ 13.6799312, 37.9925638 ], [ 13.69039, 37.9929204 ], [ 13.6939378, 37.9909911 ], [ 13.6972805, 37.9905381 ], [ 13.7043513, 37.9907475 ], [ 13.7065279, 37.9919484 ], [ 13.7218178, 37.9870678 ], [ 13.7233155, 37.9852659 ], [ 13.7211402, 37.9869316 ], [ 13.7089132, 37.9906038 ], [ 13.7036228, 37.9898696 ], [ 13.704543, 37.9858454 ], [ 13.709394, 37.9865479 ], [ 13.7060049, 37.985104 ], [ 13.7062341, 37.9838011 ], [ 13.711301, 37.9840742 ], [ 13.7113112, 37.9858287 ], [ 13.7115084, 37.9840942 ], [ 13.7124304, 37.9839869 ], [ 13.7150502, 37.986535 ], [ 13.715218, 37.98573 ], [ 13.7117989, 37.9833664 ], [ 13.7064715, 37.9834914 ], [ 13.7070141, 37.9798042 ], [ 13.7077651, 37.9798107 ], [ 13.7090853, 37.9789045 ], [ 13.7085414, 37.9790216 ], [ 13.7087115, 37.9784065 ], [ 13.709319, 37.9788165 ], [ 13.7105818, 37.9783051 ], [ 13.7095772, 37.9778349 ], [ 13.7113165, 37.9774142 ], [ 13.7108016, 37.9782694 ], [ 13.7121879, 37.9780461 ], [ 13.7114567, 37.9773927 ], [ 13.7131981, 37.9771926 ], [ 13.7124431, 37.9780159 ], [ 13.7138707, 37.9778415 ], [ 13.7134158, 37.9771684 ], [ 13.7144573, 37.9770456 ], [ 13.7148927, 37.9775819 ], [ 13.7141922, 37.9778186 ], [ 13.7155708, 37.9776545 ], [ 13.7149234, 37.9770166 ], [ 13.7161094, 37.9768494 ], [ 13.7164639, 37.9773751 ], [ 13.7158583, 37.9776105 ], [ 13.7172871, 37.9773971 ], [ 13.7165888, 37.9770796 ], [ 13.7188886, 37.9769432 ], [ 13.7182108, 37.9764992 ], [ 13.7191687, 37.9760436 ], [ 13.7191474, 37.976842 ], [ 13.7204668, 37.9764864 ], [ 13.7200053, 37.9758573 ], [ 13.7206311, 37.9756198 ], [ 13.7212102, 37.9761154 ], [ 13.7207337, 37.9763918 ], [ 13.7221151, 37.9760992 ], [ 13.7220353, 37.9753322 ], [ 13.7228686, 37.9756527 ], [ 13.7224361, 37.9760619 ], [ 13.7238114, 37.9758273 ], [ 13.7233107, 37.9751659 ], [ 13.7268473, 37.975252 ], [ 13.7241245, 37.9757339 ], [ 13.7343898, 37.9756134 ], [ 13.7339655, 37.9749145 ], [ 13.7353945, 37.9748277 ], [ 13.7356703, 37.9754949 ], [ 13.7348108, 37.9756385 ], [ 13.7374551, 37.9754669 ], [ 13.7406944, 37.9732205 ], [ 13.7390198, 37.9739967 ], [ 13.7407905, 37.9721452 ], [ 13.740935, 37.9730617 ], [ 13.7416773, 37.9720696 ], [ 13.7412349, 37.9716524 ], [ 13.7417964, 37.9718668 ], [ 13.7427946, 37.9711307 ], [ 13.7421212, 37.9713888 ], [ 13.7423683, 37.9706436 ], [ 13.7440058, 37.9702591 ], [ 13.7528636, 37.9708099 ], [ 13.7521728, 37.9747449 ], [ 13.7527158, 37.9743941 ], [ 13.7520537, 37.9902384 ], [ 13.7527702, 37.9743931 ], [ 13.7532798, 37.9747605 ], [ 13.7529454, 37.9708114 ], [ 13.7665979, 37.9723248 ], [ 13.768637, 37.972846 ], [ 13.7694734, 37.9744909 ], [ 13.7698125, 37.9737413 ], [ 13.7712506, 37.9742207 ], [ 13.7708023, 37.9734926 ], [ 13.7720182, 37.9729288 ], [ 13.7770107, 37.9734191 ], [ 13.7769637, 37.9729057 ], [ 13.7803653, 37.9738627 ], [ 13.7798616, 37.9736404 ], [ 13.7837214, 37.9740709 ], [ 13.7829583, 37.9738012 ], [ 13.7837267, 37.9734434 ], [ 13.7846133, 37.9741899 ], [ 13.7869455, 37.9745595 ], [ 13.7869721, 37.9740132 ], [ 13.7931171, 37.9757188 ], [ 13.7936636, 37.9751215 ], [ 13.7926043, 37.9806191 ], [ 13.7928736, 37.9807501 ], [ 13.7940088, 37.9752643 ], [ 13.7978238, 37.9752822 ], [ 13.8118699, 37.9787111 ], [ 13.8228667, 37.9826574 ], [ 13.8226585, 37.9813377 ], [ 13.8233632, 37.9826539 ], [ 13.8346984, 37.9826445 ], [ 13.8667935, 37.9928818 ], [ 13.8889877, 38.001918 ], [ 13.8957509, 38.0039042 ], [ 13.9102241, 38.0103002 ], [ 13.9447112, 38.0269833 ], [ 13.9459535, 38.0279934 ], [ 13.9456553, 38.0291736 ], [ 13.9495675, 38.0309948 ], [ 13.9518239, 38.0315044 ], [ 13.9545849, 38.0292385 ], [ 13.9575868, 38.0287692 ], [ 13.965329, 38.0304023 ], [ 13.9671287, 38.031631 ], [ 13.9667449, 38.0331859 ], [ 13.9692226, 38.0329115 ], [ 13.9713719, 38.0338019 ], [ 13.9770598, 38.0318724 ], [ 13.9788778, 38.0291677 ], [ 13.9811753, 38.0290802 ], [ 13.9824794, 38.0301224 ], [ 13.9843012, 38.029336 ], [ 13.9866147, 38.031092 ], [ 13.9889703, 38.0299557 ], [ 13.9918608, 38.0308291 ], [ 13.9924134, 38.0320724 ], [ 13.9950545, 38.0317811 ], [ 13.9956982, 38.0339019 ], [ 13.9974749, 38.0339321 ], [ 13.9987402, 38.0354076 ], [ 14.00031, 38.034346 ], [ 14.0013842, 38.0320851 ], [ 14.0060364, 38.0323071 ], [ 14.0171599, 38.0364178 ], [ 14.0198436, 38.0386269 ], [ 14.0195565, 38.0399861 ], [ 14.0185836, 38.0398428 ], [ 14.0218628, 38.0416387 ], [ 14.0261901, 38.0406106 ], [ 14.0291585, 38.0412407 ], [ 14.0311372, 38.0404204 ], [ 14.0338897, 38.0405522 ], [ 14.0358873, 38.0414928 ], [ 14.0372791, 38.0414872 ], [ 14.0342823, 38.0403678 ], [ 14.0347086, 38.0394766 ], [ 14.0338423, 38.040295 ], [ 14.0316939, 38.0400333 ], [ 14.0321995, 38.0383311 ], [ 14.0343669, 38.0388704 ], [ 14.03446, 38.0379613 ], [ 14.0322097, 38.0382481 ], [ 14.0323273, 38.0364695 ], [ 14.035481, 38.0352948 ], [ 14.0395846, 38.036765 ], [ 14.0390195, 38.0335917 ], [ 14.0396849, 38.0328888 ], [ 14.0389934, 38.0325852 ], [ 14.0409055, 38.0305915 ], [ 14.0454339, 38.0291287 ], [ 14.0497385, 38.0266096 ], [ 14.0530852, 38.0266094 ], [ 14.0622678, 38.0192358 ], [ 14.0651287, 38.0184359 ], [ 14.0817716, 38.0190326 ], [ 14.0879146, 38.020492 ], [ 14.0943996, 38.0176764 ], [ 14.1072096, 38.0146149 ], [ 14.1176672, 38.0165642 ], [ 14.1262958, 38.0168173 ], [ 14.1282589, 38.0178762 ], [ 14.1301587, 38.0178482 ], [ 14.1439614, 38.0241726 ], [ 14.1459154, 38.0261407 ], [ 14.144424, 38.0292814 ], [ 14.1463257, 38.0302163 ], [ 14.1492695, 38.0294927 ], [ 14.1495838, 38.0276877 ], [ 14.1510483, 38.0263989 ], [ 14.1529615, 38.0260795 ], [ 14.1526933, 38.0252776 ], [ 14.1538937, 38.0242731 ], [ 14.1621202, 38.0217339 ], [ 14.169731, 38.0182123 ], [ 14.1757841, 38.020104 ], [ 14.1801823, 38.0205213 ], [ 14.1874919, 38.0187305 ], [ 14.1926104, 38.0165726 ], [ 14.1985162, 38.0154567 ], [ 14.2101829, 38.0148745 ], [ 14.2157659, 38.0124437 ], [ 14.2237886, 38.0121938 ], [ 14.2278563, 38.0102686 ], [ 14.2444623, 38.01031 ], [ 14.2515281, 38.0112175 ], [ 14.2517017, 38.0093457 ], [ 14.2539172, 38.0086915 ], [ 14.2582204, 38.0091518 ], [ 14.2710666, 38.0126805 ], [ 14.2736521, 38.0118684 ], [ 14.2757542, 38.0101122 ], [ 14.2888415, 38.006927 ], [ 14.2963984, 38.00706 ], [ 14.3034194, 38.0088629 ], [ 14.3078685, 38.0078618 ], [ 14.3129619, 38.008402 ], [ 14.3238833, 38.0115958 ], [ 14.3375882, 38.0182091 ], [ 14.3416827, 38.0191807 ], [ 14.3514828, 38.0183722 ], [ 14.3562525, 38.0166785 ], [ 14.3567384, 38.0153443 ], [ 14.3579166, 38.0148563 ], [ 14.3626605, 38.0144695 ], [ 14.3707587, 38.0160796 ], [ 14.373396, 38.0158452 ], [ 14.3899983, 38.0224348 ], [ 14.396236, 38.0230452 ], [ 14.4088189, 38.030037 ], [ 14.4227059, 38.0391455 ], [ 14.4268621, 38.0404042 ], [ 14.4402049, 38.0401846 ], [ 14.4431232, 38.0384982 ], [ 14.4442646, 38.0359777 ], [ 14.4480172, 38.0341283 ], [ 14.4568953, 38.0329102 ], [ 14.4638155, 38.0331636 ], [ 14.4684616, 38.0342157 ], [ 14.4712426, 38.0329344 ], [ 14.4779948, 38.0339147 ], [ 14.48521, 38.0364901 ], [ 14.4925907, 38.0365471 ], [ 14.5113452, 38.040721 ], [ 14.5257066, 38.0423975 ], [ 14.5326966, 38.0446521 ], [ 14.5375704, 38.0474854 ], [ 14.5567784, 38.0605333 ], [ 14.5730763, 38.0588713 ], [ 14.5852737, 38.0590791 ], [ 14.5977683, 38.0635008 ], [ 14.6082262, 38.0693523 ], [ 14.6158088, 38.072421 ], [ 14.6213385, 38.0760049 ], [ 14.6275826, 38.0767143 ], [ 14.6215432, 38.0756147 ], [ 14.6214147, 38.0743398 ], [ 14.6202524, 38.0744187 ], [ 14.6199769, 38.0715547 ], [ 14.6223689, 38.0711463 ], [ 14.626402, 38.0711073 ], [ 14.6265049, 38.0751596 ], [ 14.6271615, 38.0741646 ], [ 14.626851, 38.0713172 ], [ 14.6282836, 38.070885 ], [ 14.6335448, 38.0716018 ], [ 14.6379302, 38.0739654 ], [ 14.6462772, 38.0792818 ], [ 14.6564817, 38.0880031 ], [ 14.6608953, 38.0886332 ], [ 14.6678083, 38.0920884 ], [ 14.6801783, 38.1010934 ], [ 14.7022449, 38.1224596 ], [ 14.7030539, 38.1223821 ], [ 14.7414028, 38.1603664 ], [ 14.7487296, 38.1660054 ], [ 14.7507301, 38.1657368 ], [ 14.7501434, 38.1645844 ], [ 14.7515271, 38.1624042 ], [ 14.7563058, 38.1597076 ], [ 14.7587618, 38.1591266 ], [ 14.7613355, 38.1564997 ], [ 14.7666467, 38.1558645 ], [ 14.7758475, 38.1578219 ], [ 14.7773993, 38.1569269 ], [ 14.7752513, 38.1575426 ], [ 14.7700448, 38.1563469 ], [ 14.7697481, 38.1544966 ], [ 14.774026, 38.1546534 ], [ 14.7748563, 38.1563999 ], [ 14.7753329, 38.1547113 ], [ 14.7827948, 38.1537963 ], [ 14.7831493, 38.1526317 ], [ 14.7850826, 38.1515677 ], [ 14.7904093, 38.152071 ], [ 14.8002245, 38.1558095 ], [ 14.8055285, 38.1552921 ], [ 14.8284851, 38.1616795 ], [ 14.8321421, 38.1615867 ], [ 14.8435594, 38.1638787 ], [ 14.8573114, 38.1694484 ], [ 14.8589203, 38.1686027 ], [ 14.875693, 38.1681043 ], [ 14.8892684, 38.1719005 ], [ 14.8940282, 38.1750622 ], [ 14.9013598, 38.1835652 ], [ 14.9072793, 38.1852248 ], [ 14.9157002, 38.1927325 ], [ 14.9187079, 38.1904123 ], [ 14.9214326, 38.1905554 ], [ 14.9238714, 38.1895966 ], [ 14.9261984, 38.187144 ], [ 14.9283352, 38.1864528 ], [ 14.9291098, 38.183775 ], [ 14.9326651, 38.1821491 ], [ 14.936715, 38.1815341 ], [ 14.9378918, 38.1803523 ], [ 14.9420158, 38.1795518 ], [ 14.9435547, 38.1773946 ], [ 14.9467349, 38.1759619 ], [ 14.9502727, 38.1690231 ], [ 14.9555571, 38.1654907 ], [ 14.9597842, 38.1607098 ], [ 14.9636156, 38.1582437 ], [ 14.9673746, 38.1543405 ], [ 14.9730027, 38.1517898 ], [ 14.9823289, 38.1501177 ], [ 14.9928965, 38.1514155 ], [ 15.0018921, 38.1495334 ], [ 15.0091699, 38.1489726 ], [ 15.0188324, 38.1496407 ], [ 15.0259005, 38.1511978 ], [ 15.0299696, 38.149857 ], [ 15.0358509, 38.1514743 ], [ 15.0390256, 38.150963 ], [ 15.0448215, 38.1520425 ], [ 15.0472921, 38.1503604 ], [ 15.0465971, 38.1498565 ], [ 15.0464499, 38.1487231 ], [ 15.0472868, 38.1453079 ], [ 15.0480437, 38.1448703 ], [ 15.0550104, 38.1426867 ], [ 15.0648954, 38.1424764 ], [ 15.06437, 38.1414882 ], [ 15.056002, 38.1418636 ], [ 15.0549081, 38.1402689 ], [ 15.0555861, 38.1327161 ], [ 15.0589919, 38.1291087 ], [ 15.0707947, 38.126653 ], [ 15.0703065, 38.1259136 ], [ 15.0728787, 38.1231833 ], [ 15.079777, 38.1208747 ], [ 15.0885826, 38.1201071 ], [ 15.0962198, 38.1209244 ], [ 15.1095861, 38.1253963 ], [ 15.110459, 38.1259547 ], [ 15.1101621, 38.1269224 ], [ 15.1108371, 38.1281195 ], [ 15.1105256, 38.1263049 ], [ 15.1119822, 38.126824 ], [ 15.1112049, 38.1273111 ], [ 15.1135794, 38.12718 ], [ 15.132419, 38.1379019 ], [ 15.1382423, 38.1388902 ], [ 15.1539387, 38.1439972 ], [ 15.176029, 38.1545313 ], [ 15.1833155, 38.1599619 ], [ 15.1894548, 38.1668629 ], [ 15.2051937, 38.1794831 ], [ 15.2135198, 38.1874948 ], [ 15.2258415, 38.2058717 ], [ 15.2376148, 38.2325521 ], [ 15.2410562, 38.2427261 ], [ 15.240529, 38.2455052 ], [ 15.2378088, 38.2453225 ], [ 15.2368973, 38.2460393 ], [ 15.2373872, 38.2473619 ], [ 15.2358598, 38.24979 ], [ 15.2369109, 38.2506639 ], [ 15.2356339, 38.2513314 ], [ 15.235716, 38.2536834 ], [ 15.2346754, 38.2541553 ], [ 15.2369545, 38.2581613 ], [ 15.2367935, 38.2597219 ], [ 15.2376777, 38.2603711 ], [ 15.2363037, 38.2619305 ], [ 15.2369091, 38.263972 ], [ 15.2359266, 38.2660175 ], [ 15.2333016, 38.2679624 ], [ 15.2290729, 38.269104 ], [ 15.224569, 38.2682307 ], [ 15.2244251, 38.2701755 ], [ 15.225597, 38.2696459 ], [ 15.2323885, 38.2716754 ], [ 15.2365964, 38.2695655 ], [ 15.2394449, 38.2711955 ], [ 15.2395309, 38.2682116 ], [ 15.2430004, 38.2639775 ], [ 15.2441429, 38.2638487 ], [ 15.2438837, 38.2631475 ], [ 15.2451927, 38.2620926 ], [ 15.2445302, 38.2606879 ], [ 15.2470642, 38.2578233 ], [ 15.2502661, 38.2558086 ], [ 15.2498884, 38.2545527 ], [ 15.251863, 38.2520571 ], [ 15.253717, 38.2453108 ], [ 15.2493068, 38.2391035 ], [ 15.2501522, 38.2328972 ], [ 15.2488233, 38.2312099 ], [ 15.249357, 38.2299185 ], [ 15.2483008, 38.2304016 ], [ 15.2446293, 38.2276939 ], [ 15.2432918, 38.2253032 ], [ 15.243662, 38.2198653 ], [ 15.2497667, 38.216089 ], [ 15.24225, 38.2198043 ], [ 15.2409398, 38.2182733 ], [ 15.2412819, 38.2168567 ], [ 15.2420508, 38.2170981 ], [ 15.2438417, 38.2151159 ], [ 15.2456284, 38.2155878 ], [ 15.244443, 38.2146485 ], [ 15.2456628, 38.2138016 ], [ 15.2468761, 38.2145748 ], [ 15.2466662, 38.2134361 ], [ 15.2494858, 38.211506 ], [ 15.2568054, 38.2089882 ], [ 15.2652077, 38.2076094 ], [ 15.2737157, 38.2076777 ], [ 15.2808872, 38.2068313 ], [ 15.2815005, 38.2061429 ], [ 15.2814147, 38.2067179 ], [ 15.286306, 38.2066724 ], [ 15.2862263, 38.2060475 ], [ 15.2866635, 38.2066522 ], [ 15.2918459, 38.2063622 ], [ 15.3034269, 38.2079797 ], [ 15.3277914, 38.2147914 ], [ 15.3321223, 38.2139859 ], [ 15.343401, 38.2163005 ], [ 15.3482367, 38.2162708 ], [ 15.3600758, 38.2195121 ], [ 15.3742014, 38.2247026 ], [ 15.3774729, 38.2243913 ], [ 15.3836353, 38.2261272 ], [ 15.3999782, 38.2314652 ], [ 15.4204584, 38.2407287 ], [ 15.4248413, 38.2409598 ], [ 15.4295605, 38.2424176 ], [ 15.4426409, 38.2489216 ], [ 15.4442583, 38.2488096 ], [ 15.4501315, 38.2516099 ], [ 15.4744624, 38.2685672 ], [ 15.4807666, 38.2726934 ], [ 15.4861881, 38.2751562 ], [ 15.5193824, 38.2972309 ], [ 15.5216318, 38.2978027 ], [ 15.5257544, 38.2973459 ], [ 15.531194, 38.2994143 ], [ 15.5415196, 38.3014301 ], [ 15.5503758, 38.3006093 ], [ 15.5617787, 38.2941037 ], [ 15.5681262, 38.2888758 ], [ 15.5726651, 38.2872676 ], [ 15.5750891, 38.2848771 ], [ 15.5903927, 38.2799054 ], [ 15.598186, 38.2790707 ], [ 15.6065702, 38.2752942 ], [ 15.6182759, 38.2730764 ], [ 15.6275453, 38.2723698 ], [ 15.6360584, 38.2728072 ], [ 15.6451539, 38.2717476 ], [ 15.6503107, 38.2702667 ], [ 15.6530796, 38.2678505 ], [ 15.6512315, 38.264537 ], [ 15.6487821, 38.2654506 ], [ 15.6445481, 38.2652817 ], [ 15.6396939, 38.2624823 ], [ 15.6107898, 38.2565525 ], [ 15.6008947, 38.2533437 ], [ 15.5948732, 38.2505286 ], [ 15.5854829, 38.2478477 ], [ 15.5816123, 38.2447287 ], [ 15.5803221, 38.2418704 ], [ 15.5799616, 38.238204 ], [ 15.5740552, 38.2353905 ], [ 15.5718562, 38.233461 ], [ 15.5702179, 38.228612 ], [ 15.5666233, 38.2229419 ], [ 15.5678658, 38.2167927 ], [ 15.5635673, 38.2142391 ], [ 15.561685, 38.2110026 ], [ 15.5614633, 38.2092565 ], [ 15.5628251, 38.2086756 ], [ 15.5624002, 38.2073971 ], [ 15.5634805, 38.20569 ], [ 15.5585723, 38.1997796 ], [ 15.5576063, 38.1904221 ], [ 15.5586419, 38.1888591 ], [ 15.560167, 38.188219 ], [ 15.5626534, 38.1880296 ], [ 15.5625206, 38.1887001 ], [ 15.5631225, 38.1880925 ], [ 15.5627454, 38.1893414 ], [ 15.5634403, 38.1879927 ], [ 15.563395, 38.1886913 ], [ 15.5637443, 38.1881456 ], [ 15.5638047, 38.1889169 ], [ 15.5639796, 38.1883128 ], [ 15.564205, 38.1891713 ], [ 15.5643367, 38.1885931 ], [ 15.5654249, 38.1895281 ], [ 15.5647771, 38.1909203 ], [ 15.5657052, 38.1915524 ], [ 15.5669068, 38.1906319 ], [ 15.5706102, 38.1915453 ], [ 15.5673017, 38.1920845 ], [ 15.5677508, 38.1940594 ], [ 15.5692875, 38.1943128 ], [ 15.5691696, 38.1961537 ], [ 15.562441, 38.1964764 ], [ 15.56659, 38.1978254 ], [ 15.5726302, 38.197207 ], [ 15.5746773, 38.1934036 ], [ 15.5717162, 38.1892461 ], [ 15.5626125, 38.1832379 ], [ 15.5609619, 38.1786627 ], [ 15.5501994, 38.1687178 ], [ 15.5461151, 38.1615194 ], [ 15.5418807, 38.1575048 ], [ 15.5322779, 38.145455 ], [ 15.5273475, 38.1365502 ], [ 15.5248534, 38.1337785 ], [ 15.5248392, 38.1327789 ], [ 15.5234047, 38.1320624 ], [ 15.5233422, 38.131159 ], [ 15.5256778, 38.1321365 ], [ 15.5222232, 38.1291571 ], [ 15.5208391, 38.1261329 ], [ 15.521677, 38.1257118 ], [ 15.519938, 38.1228642 ], [ 15.5206163, 38.122582 ], [ 15.5136284, 38.1133244 ], [ 15.5131083, 38.1107066 ], [ 15.5045455, 38.0954828 ], [ 15.5026695, 38.0889848 ], [ 15.4962091, 38.0816905 ], [ 15.4960281, 38.0793251 ], [ 15.4935954, 38.0747441 ], [ 15.4890013, 38.0695134 ], [ 15.4817372, 38.0636786 ], [ 15.4786425, 38.0585679 ], [ 15.4775288, 38.0550175 ], [ 15.4751581, 38.0524716 ], [ 15.4616817, 38.0432131 ], [ 15.4453866, 38.0287974 ], [ 15.4414396, 38.0240684 ], [ 15.4410021, 38.0187081 ], [ 15.4324416, 38.0103677 ], [ 15.428229, 38.007357 ], [ 15.4148609, 37.9927988 ], [ 15.4056335, 37.9847882 ], [ 15.3749602, 37.9509863 ], [ 15.3646144, 37.9405865 ], [ 15.3563723, 37.9301263 ], [ 15.3486556, 37.9226891 ], [ 15.3465795, 37.9193902 ], [ 15.3450108, 37.9151586 ], [ 15.3484672, 37.9131628 ], [ 15.3470478, 37.9129297 ], [ 15.3471744, 37.9115919 ], [ 15.3455274, 37.9100794 ], [ 15.3422121, 37.9092344 ], [ 15.3429054, 37.9088425 ], [ 15.3397862, 37.9083631 ], [ 15.333252, 37.9033722 ], [ 15.3227716, 37.891 ], [ 15.3164758, 37.8869945 ], [ 15.3053011, 37.8770843 ], [ 15.2977037, 37.8656543 ], [ 15.2966453, 37.8611602 ], [ 15.2976493, 37.8589823 ], [ 15.3005901, 37.8577731 ], [ 15.301381, 37.8581385 ], [ 15.300429, 37.858264 ], [ 15.3007985, 37.858751 ], [ 15.3030151, 37.8569216 ], [ 15.3025243, 37.8559233 ], [ 15.3014973, 37.8560309 ], [ 15.3014697, 37.8546472 ], [ 15.3041372, 37.8544139 ], [ 15.3055538, 37.8528556 ], [ 15.3054033, 37.851575 ], [ 15.3041321, 37.8517185 ], [ 15.3032821, 37.8529421 ], [ 15.302158, 37.8522043 ], [ 15.3007379, 37.8529905 ], [ 15.2996099, 37.8514711 ], [ 15.301445, 37.8504015 ], [ 15.3010938, 37.8496801 ], [ 15.2992194, 37.8510641 ], [ 15.2972906, 37.8502406 ], [ 15.2966566, 37.8489239 ], [ 15.29829, 37.8441436 ], [ 15.2930675, 37.8473176 ], [ 15.2885757, 37.8480088 ], [ 15.2859086, 37.8474895 ], [ 15.2802539, 37.8421955 ], [ 15.2801529, 37.840757 ], [ 15.278178, 37.8405489 ], [ 15.2730714, 37.8357517 ], [ 15.2694105, 37.8309441 ], [ 15.2691888, 37.8279101 ], [ 15.2702436, 37.8262822 ], [ 15.2734541, 37.8242687 ], [ 15.2749074, 37.8249368 ], [ 15.2761486, 37.8271345 ], [ 15.2749295, 37.8244801 ], [ 15.2769212, 37.8223876 ], [ 15.2767016, 37.8217565 ], [ 15.2738977, 37.8212355 ], [ 15.2724568, 37.8181872 ], [ 15.2707681, 37.8184907 ], [ 15.2669755, 37.8160329 ], [ 15.2633223, 37.8131363 ], [ 15.2583138, 37.8064132 ], [ 15.2523788, 37.8030186 ], [ 15.2451906, 37.796919 ], [ 15.2117671, 37.7539307 ], [ 15.2053127, 37.7411777 ], [ 15.2047923, 37.7364171 ], [ 15.2057527, 37.7335304 ], [ 15.2090729, 37.733798 ], [ 15.2091591, 37.7319082 ], [ 15.2086886, 37.7335697 ], [ 15.2062689, 37.7332827 ], [ 15.2067736, 37.7311499 ], [ 15.2099971, 37.7315743 ], [ 15.210111, 37.7314212 ], [ 15.207193, 37.7308412 ], [ 15.2098874, 37.7282987 ], [ 15.2107584, 37.7287573 ], [ 15.2111994, 37.7319192 ], [ 15.2103139, 37.7350258 ], [ 15.2112973, 37.7328735 ], [ 15.2114265, 37.7300661 ], [ 15.2110842, 37.7284986 ], [ 15.2096406, 37.7276091 ], [ 15.2169536, 37.717323 ], [ 15.2189452, 37.7127236 ], [ 15.2181375, 37.7088085 ], [ 15.219409, 37.7086396 ], [ 15.2181209, 37.7081226 ], [ 15.2136103, 37.6997494 ], [ 15.2033666, 37.6850996 ], [ 15.1993068, 37.6770704 ], [ 15.1987213, 37.6747983 ], [ 15.1994527, 37.6724237 ], [ 15.1965699, 37.6657039 ], [ 15.1960723, 37.6624139 ], [ 15.1968692, 37.6619358 ], [ 15.1962236, 37.6615559 ], [ 15.1977199, 37.6608757 ], [ 15.1964816, 37.6611406 ], [ 15.1962277, 37.6606006 ], [ 15.197469, 37.6598503 ], [ 15.1984332, 37.6603908 ], [ 15.1975939, 37.6596644 ], [ 15.1999767, 37.6570284 ], [ 15.199338, 37.6570407 ], [ 15.1998638, 37.656495 ], [ 15.1981976, 37.6535376 ], [ 15.1958166, 37.6515703 ], [ 15.19526, 37.6519347 ], [ 15.1947717, 37.6493548 ], [ 15.1939945, 37.6491975 ], [ 15.1930089, 37.6464666 ], [ 15.1929773, 37.6483363 ], [ 15.19199, 37.6474661 ], [ 15.1904092, 37.6479004 ], [ 15.1912028, 37.6474972 ], [ 15.1868, 37.6420628 ], [ 15.1829156, 37.6396831 ], [ 15.1824614, 37.6385637 ], [ 15.1819869, 37.6395706 ], [ 15.180464, 37.637866 ], [ 15.1771546, 37.6372987 ], [ 15.1765683, 37.6349239 ], [ 15.1743528, 37.6324886 ], [ 15.177168, 37.6254136 ], [ 15.1767178, 37.6231685 ], [ 15.1747146, 37.6199042 ], [ 15.1753016, 37.6190099 ], [ 15.1748841, 37.6188946 ], [ 15.1746322, 37.6166623 ], [ 15.1741595, 37.6182838 ], [ 15.1729842, 37.6174374 ], [ 15.1727439, 37.6157989 ], [ 15.1743575, 37.6129705 ], [ 15.1726323, 37.6113183 ], [ 15.1725207, 37.6100537 ], [ 15.1739884, 37.5976234 ], [ 15.1733533, 37.5951276 ], [ 15.1773701, 37.5829329 ], [ 15.1764346, 37.5778381 ], [ 15.1768206, 37.5761778 ], [ 15.1737136, 37.5741981 ], [ 15.1727617, 37.5742467 ], [ 15.1731362, 37.5751589 ], [ 15.1722287, 37.5757728 ], [ 15.1705724, 37.5756273 ], [ 15.1694442, 37.5735977 ], [ 15.1663688, 37.5719901 ], [ 15.1649676, 37.5695321 ], [ 15.1643039, 37.5658636 ], [ 15.1626257, 37.5647017 ], [ 15.1636125, 37.5649239 ], [ 15.1629728, 37.5637886 ], [ 15.1633007, 37.5633299 ], [ 15.1630246, 37.5628223 ], [ 15.164173, 37.5620741 ], [ 15.1630946, 37.5622791 ], [ 15.1627844, 37.5627929 ], [ 15.1630462, 37.5634931 ], [ 15.1616833, 37.5625899 ], [ 15.162198, 37.5610633 ], [ 15.16356, 37.5615993 ], [ 15.1638899, 37.5609924 ], [ 15.1621884, 37.5608105 ], [ 15.1614677, 37.5602929 ], [ 15.1607683, 37.559109 ], [ 15.1589337, 37.560014 ], [ 15.1561099, 37.5597078 ], [ 15.1491748, 37.5568632 ], [ 15.148556, 37.5559384 ], [ 15.1499816, 37.5559519 ], [ 15.1487609, 37.5557007 ], [ 15.1490388, 37.5544213 ], [ 15.1502833, 37.5540246 ], [ 15.1485081, 37.5538096 ], [ 15.1476056, 37.5509886 ], [ 15.1450414, 37.5489907 ], [ 15.145325, 37.547398 ], [ 15.1429778, 37.5431859 ], [ 15.1410294, 37.5428865 ], [ 15.1396487, 37.5416886 ], [ 15.135495, 37.5411291 ], [ 15.1318945, 37.5390248 ], [ 15.1307898, 37.5366524 ], [ 15.1291934, 37.5354681 ], [ 15.1236401, 37.5344404 ], [ 15.1199534, 37.5312431 ], [ 15.112454, 37.5316811 ], [ 15.1123005, 37.5306919 ], [ 15.1129314, 37.5308155 ], [ 15.1135225, 37.5293294 ], [ 15.1140489, 37.5299546 ], [ 15.115478, 37.5293392 ], [ 15.1148796, 37.5306425 ], [ 15.1156951, 37.5300958 ], [ 15.1170488, 37.5268747 ], [ 15.1163419, 37.5267566 ], [ 15.1170498, 37.5257635 ], [ 15.1166089, 37.5253362 ], [ 15.117768, 37.5235222 ], [ 15.1123149, 37.5195595 ], [ 15.1100288, 37.5190611 ], [ 15.1109038, 37.5198073 ], [ 15.1103462, 37.5199294 ], [ 15.1086002, 37.5190083 ], [ 15.1081067, 37.5177187 ], [ 15.1093258, 37.5163246 ], [ 15.1069672, 37.5130671 ], [ 15.1059955, 37.5134657 ], [ 15.1072543, 37.5146449 ], [ 15.1054028, 37.513737 ], [ 15.1059406, 37.5129789 ], [ 15.105586, 37.5115024 ], [ 15.1048922, 37.5114413 ], [ 15.105463, 37.5110456 ], [ 15.1048249, 37.5102966 ], [ 15.1051098, 37.5080867 ], [ 15.1024325, 37.5059813 ], [ 15.0987666, 37.5052953 ], [ 15.0967078, 37.5032986 ], [ 15.0992338, 37.5004371 ], [ 15.100487, 37.4912779 ], [ 15.1005432, 37.4880584 ], [ 15.0995746, 37.4865935 ], [ 15.0998459, 37.4838899 ], [ 15.0991605, 37.4840439 ], [ 15.0986808, 37.4868952 ], [ 15.1000093, 37.4883477 ], [ 15.0996178, 37.4912767 ], [ 15.0985796, 37.491512 ], [ 15.0996475, 37.492825 ], [ 15.0982116, 37.4991254 ], [ 15.0988776, 37.4993054 ], [ 15.0987453, 37.5003139 ], [ 15.0976024, 37.5015349 ], [ 15.0958204, 37.5014255 ], [ 15.0951252, 37.5003213 ], [ 15.095248, 37.4990605 ], [ 15.0959172, 37.4988829 ], [ 15.0952711, 37.4988405 ], [ 15.0964114, 37.4958086 ], [ 15.0951185, 37.4952921 ], [ 15.0933958, 37.4979154 ], [ 15.094494, 37.498787 ], [ 15.0940009, 37.5002765 ], [ 15.0902675, 37.499713 ], [ 15.0923645, 37.4962656 ], [ 15.0920229, 37.4933563 ], [ 15.0919859, 37.494893 ], [ 15.0909475, 37.4943887 ], [ 15.0910308, 37.4924301 ], [ 15.095191, 37.4922438 ], [ 15.0950996, 37.4907576 ], [ 15.09174, 37.49092 ], [ 15.0911883, 37.4884276 ], [ 15.0954942, 37.4877497 ], [ 15.0932971, 37.4869969 ], [ 15.0914261, 37.487836 ], [ 15.0882583, 37.4854327 ], [ 15.0863699, 37.4821653 ], [ 15.085414, 37.4763183 ], [ 15.0858165, 37.4626153 ], [ 15.0896224, 37.4231181 ], [ 15.0919439, 37.4066554 ], [ 15.0899282, 37.4048436 ], [ 15.0908911, 37.4001262 ], [ 15.0899718, 37.3939052 ], [ 15.0916936, 37.3556625 ], [ 15.0928974, 37.3426669 ], [ 15.0956736, 37.3286563 ], [ 15.0984804, 37.3199491 ], [ 15.1009203, 37.3153551 ], [ 15.1048599, 37.3103197 ], [ 15.1104913, 37.31171 ], [ 15.1139856, 37.310171 ], [ 15.1196926, 37.3104311 ], [ 15.1263993, 37.3088822 ], [ 15.1297232, 37.3089701 ], [ 15.1312183, 37.3107265 ], [ 15.1309664, 37.3101311 ], [ 15.1326177, 37.3088632 ], [ 15.1346997, 37.3097745 ], [ 15.1394463, 37.3071271 ], [ 15.1393596, 37.3062439 ], [ 15.1409346, 37.3050614 ], [ 15.1424641, 37.3049 ], [ 15.1430456, 37.3029476 ], [ 15.1476678, 37.3011064 ], [ 15.1469094, 37.2985248 ], [ 15.1474973, 37.2992345 ], [ 15.1506825, 37.2979363 ], [ 15.1505118, 37.2964332 ], [ 15.1514706, 37.2957494 ], [ 15.1541437, 37.2963776 ], [ 15.1556969, 37.2928979 ], [ 15.1593118, 37.2921167 ], [ 15.161727, 37.289241 ], [ 15.1650077, 37.289063 ], [ 15.1679482, 37.2921486 ], [ 15.1716606, 37.2932514 ], [ 15.1746052, 37.2913898 ], [ 15.1790952, 37.2907296 ], [ 15.1846438, 37.287662 ], [ 15.1855921, 37.2868409 ], [ 15.1849471, 37.2858997 ], [ 15.1861076, 37.2824171 ], [ 15.1869011, 37.2830121 ], [ 15.185761, 37.2844329 ], [ 15.1865001, 37.2859473 ], [ 15.1883328, 37.2843643 ], [ 15.1889919, 37.2818165 ], [ 15.1945744, 37.282374 ], [ 15.195178, 37.2830923 ], [ 15.1950341, 37.2862279 ], [ 15.1973561, 37.2876058 ], [ 15.1983316, 37.2905333 ], [ 15.1972353, 37.2923739 ], [ 15.1992575, 37.2935102 ], [ 15.2027808, 37.2932915 ], [ 15.2028768, 37.2940163 ], [ 15.2039871, 37.2932347 ], [ 15.2043635, 37.2942517 ], [ 15.2065979, 37.293365 ], [ 15.2072471, 37.2918926 ], [ 15.2077867, 37.2922224 ], [ 15.2096654, 37.2907997 ], [ 15.2091409, 37.2897067 ], [ 15.2115539, 37.287262 ], [ 15.2128712, 37.2830595 ], [ 15.2168134, 37.2788854 ], [ 15.2159611, 37.2777526 ], [ 15.216666, 37.2779606 ], [ 15.2188647, 37.2756087 ], [ 15.2194875, 37.2759769 ], [ 15.2215015, 37.2748109 ], [ 15.2218852, 37.2739426 ], [ 15.2209783, 37.272864 ], [ 15.222647, 37.2731773 ], [ 15.2241271, 37.2705734 ], [ 15.2262837, 37.2700834 ], [ 15.2274704, 37.2685014 ], [ 15.2304841, 37.2675062 ], [ 15.2306827, 37.2668085 ], [ 15.2324022, 37.2669678 ], [ 15.2323338, 37.2656421 ], [ 15.2342126, 37.2640286 ], [ 15.2334671, 37.263015 ], [ 15.2354734, 37.2635403 ], [ 15.2359772, 37.2621096 ], [ 15.2368287, 37.2628614 ], [ 15.2373469, 37.2618003 ], [ 15.2384042, 37.262552 ], [ 15.2410218, 37.2605439 ], [ 15.2401361, 37.2595373 ], [ 15.2408163, 37.2591478 ], [ 15.2404299, 37.2582485 ], [ 15.242905, 37.2570143 ], [ 15.2431494, 37.2552581 ], [ 15.242477, 37.2548759 ], [ 15.2436426, 37.2534521 ], [ 15.2449978, 37.2531773 ], [ 15.2438982, 37.2515895 ], [ 15.2451144, 37.2505828 ], [ 15.243582, 37.2498388 ], [ 15.2449192, 37.2482571 ], [ 15.2473792, 37.2478816 ], [ 15.2461558, 37.2462003 ], [ 15.2492241, 37.2458234 ], [ 15.2510991, 37.2439976 ], [ 15.2524063, 37.2456102 ], [ 15.2531293, 37.2433385 ], [ 15.2559854, 37.2445477 ], [ 15.2562124, 37.2436915 ], [ 15.2574107, 37.2437493 ], [ 15.2575451, 37.2430503 ], [ 15.2567133, 37.2435499 ], [ 15.2563377, 37.2423675 ], [ 15.2556281, 37.2427196 ], [ 15.2560627, 37.2409218 ], [ 15.2532075, 37.2404733 ], [ 15.2530554, 37.239659 ], [ 15.2523092, 37.2400736 ], [ 15.2545802, 37.2356529 ], [ 15.2539602, 37.2336713 ], [ 15.2522485, 37.2332899 ], [ 15.2504206, 37.234179 ], [ 15.2476121, 37.2335 ], [ 15.2468225, 37.2329464 ], [ 15.2469455, 37.2318241 ], [ 15.2393802, 37.2359234 ], [ 15.2385026, 37.237081 ], [ 15.2377716, 37.2368257 ], [ 15.2368749, 37.2402533 ], [ 15.2339573, 37.2408245 ], [ 15.2357288, 37.2409454 ], [ 15.2318762, 37.2426336 ], [ 15.2288827, 37.2429751 ], [ 15.2252287, 37.2404684 ], [ 15.2238097, 37.2389085 ], [ 15.2239412, 37.2361681 ], [ 15.2226636, 37.2335542 ], [ 15.2229555, 37.2325846 ], [ 15.2248321, 37.2327302 ], [ 15.2234156, 37.2318978 ], [ 15.2238781, 37.2306684 ], [ 15.2249831, 37.2305352 ], [ 15.2257128, 37.2312042 ], [ 15.2254403, 37.233466 ], [ 15.2261896, 37.2334746 ], [ 15.2261403, 37.230799 ], [ 15.2247582, 37.2295916 ], [ 15.2234878, 37.2243146 ], [ 15.2243629, 37.2219973 ], [ 15.2260947, 37.2222895 ], [ 15.2273861, 37.2209914 ], [ 15.2284399, 37.221059 ], [ 15.225026, 37.2159463 ], [ 15.2264316, 37.2127722 ], [ 15.2235914, 37.217704 ], [ 15.2209742, 37.21752 ], [ 15.2210191, 37.2168909 ], [ 15.2164022, 37.2240596 ], [ 15.2163248, 37.2254346 ], [ 15.2166439, 37.2257677 ], [ 15.2165134, 37.2240717 ], [ 15.2178997, 37.2231721 ], [ 15.2180935, 37.2274155 ], [ 15.2173645, 37.2275397 ], [ 15.2180812, 37.2277851 ], [ 15.217254, 37.2305619 ], [ 15.215207, 37.2319478 ], [ 15.2156799, 37.2324272 ], [ 15.2173488, 37.2314835 ], [ 15.2176498, 37.232622 ], [ 15.2165697, 37.2328592 ], [ 15.2183784, 37.2351507 ], [ 15.2165354, 37.2363708 ], [ 15.2191193, 37.2360386 ], [ 15.2192761, 37.2368298 ], [ 15.21855, 37.2383655 ], [ 15.2166693, 37.2389162 ], [ 15.2167115, 37.2396183 ], [ 15.2157666, 37.2391293 ], [ 15.2164289, 37.2397947 ], [ 15.2152089, 37.2422099 ], [ 15.2157061, 37.2446055 ], [ 15.2166413, 37.2449883 ], [ 15.2139484, 37.2474768 ], [ 15.2133111, 37.2477542 ], [ 15.2124224, 37.2460326 ], [ 15.2064103, 37.2451889 ], [ 15.2049549, 37.2440602 ], [ 15.2081453, 37.2407535 ], [ 15.2066817, 37.2396401 ], [ 15.203429, 37.2398016 ], [ 15.1975298, 37.235356 ], [ 15.1950691, 37.2373264 ], [ 15.1931485, 37.2357485 ], [ 15.1898481, 37.2360531 ], [ 15.1909439, 37.2307155 ], [ 15.195042, 37.2254884 ], [ 15.1944442, 37.2237303 ], [ 15.1902161, 37.2199305 ], [ 15.1886791, 37.2169922 ], [ 15.1834794, 37.216042 ], [ 15.1836788, 37.2144321 ], [ 15.1821954, 37.2124765 ], [ 15.1821131, 37.2110146 ], [ 15.1830458, 37.2101273 ], [ 15.1828605, 37.2089747 ], [ 15.1816842, 37.2087342 ], [ 15.1819897, 37.2073771 ], [ 15.1829218, 37.2076322 ], [ 15.1828062, 37.2059376 ], [ 15.1849019, 37.2050111 ], [ 15.1837165, 37.2004166 ], [ 15.1849473, 37.1987551 ], [ 15.1849855, 37.1952889 ], [ 15.18602, 37.1945056 ], [ 15.1863597, 37.1915033 ], [ 15.1871642, 37.1905577 ], [ 15.186373, 37.1908659 ], [ 15.1857137, 37.1895026 ], [ 15.1876138, 37.190516 ], [ 15.1908893, 37.1870607 ], [ 15.1918403, 37.1870804 ], [ 15.1918013, 37.185591 ], [ 15.1945108, 37.1850161 ], [ 15.1957956, 37.1835699 ], [ 15.1972878, 37.1841394 ], [ 15.1975481, 37.1836281 ], [ 15.1962266, 37.1828031 ], [ 15.1967345, 37.1811419 ], [ 15.1977238, 37.1814205 ], [ 15.2015138, 37.1778822 ], [ 15.2022678, 37.1752354 ], [ 15.1993325, 37.1736413 ], [ 15.1997611, 37.1722426 ], [ 15.2017599, 37.1727555 ], [ 15.2019523, 37.1717718 ], [ 15.2003448, 37.1713785 ], [ 15.2017414, 37.1713536 ], [ 15.200078, 37.1702523 ], [ 15.2002828, 37.1662034 ], [ 15.1993896, 37.1638806 ], [ 15.2002459, 37.1615488 ], [ 15.2009953, 37.1614029 ], [ 15.2004115, 37.1610661 ], [ 15.2013046, 37.1609481 ], [ 15.2044912, 37.1549424 ], [ 15.2069875, 37.1524577 ], [ 15.212046, 37.150062 ], [ 15.2205373, 37.149966 ], [ 15.2251723, 37.151557 ], [ 15.2269325, 37.1529474 ], [ 15.2262595, 37.1541774 ], [ 15.2275169, 37.155649 ], [ 15.2259016, 37.158375 ], [ 15.2332157, 37.1591193 ], [ 15.2358574, 37.1576902 ], [ 15.2394692, 37.151606 ], [ 15.2444683, 37.1461953 ], [ 15.2415995, 37.1457455 ], [ 15.237504, 37.1468834 ], [ 15.2331053, 37.1493075 ], [ 15.2316971, 37.1515568 ], [ 15.2306646, 37.1514134 ], [ 15.2290647, 37.1525648 ], [ 15.2231301, 37.1494521 ], [ 15.2200704, 37.1433981 ], [ 15.219643, 37.1339295 ], [ 15.2208192, 37.129014 ], [ 15.2248945, 37.1251727 ], [ 15.230071, 37.1220622 ], [ 15.2320355, 37.1227618 ], [ 15.2325235, 37.1208337 ], [ 15.2350318, 37.1191446 ], [ 15.2343623, 37.1176597 ], [ 15.2375241, 37.1163087 ], [ 15.2367882, 37.1158639 ], [ 15.2372731, 37.1150962 ], [ 15.2409965, 37.1150593 ], [ 15.2420024, 37.1147098 ], [ 15.242121, 37.1138362 ], [ 15.2444047, 37.1143968 ], [ 15.2503353, 37.1124737 ], [ 15.2517971, 37.1112352 ], [ 15.2515451, 37.1096803 ], [ 15.252247, 37.1115835 ], [ 15.252942, 37.11171 ], [ 15.2520601, 37.1144249 ], [ 15.2528924, 37.1138106 ], [ 15.2533911, 37.111506 ], [ 15.256813, 37.1097964 ], [ 15.2584654, 37.1102442 ], [ 15.2603754, 37.1089257 ], [ 15.2596028, 37.1082338 ], [ 15.2599629, 37.1073033 ], [ 15.262712, 37.1065297 ], [ 15.2627438, 37.1059341 ], [ 15.2674253, 37.1069965 ], [ 15.2671279, 37.1060805 ], [ 15.2683279, 37.1059272 ], [ 15.273398, 37.1080339 ], [ 15.2775904, 37.1075603 ], [ 15.277898, 37.1062855 ], [ 15.2795133, 37.1092245 ], [ 15.2820625, 37.1103094 ], [ 15.2889964, 37.108731 ], [ 15.2905608, 37.1075911 ], [ 15.2934907, 37.1079241 ], [ 15.295936, 37.1064931 ], [ 15.296683, 37.1050865 ], [ 15.2958148, 37.1044828 ], [ 15.2961015, 37.103418 ], [ 15.2983892, 37.100959 ], [ 15.300129, 37.0927663 ], [ 15.3011129, 37.0924115 ], [ 15.3003318, 37.0917485 ], [ 15.3006865, 37.0899457 ], [ 15.2995349, 37.0889237 ], [ 15.299286, 37.0872756 ], [ 15.3011987, 37.0842006 ], [ 15.3007228, 37.0833685 ], [ 15.3013985, 37.0800201 ], [ 15.2968913, 37.0786071 ], [ 15.2975101, 37.0777704 ], [ 15.2958776, 37.0773687 ], [ 15.2964274, 37.0767918 ], [ 15.2956821, 37.0762816 ], [ 15.2963658, 37.0763025 ], [ 15.2951005, 37.0753692 ], [ 15.2958561, 37.0750816 ], [ 15.2952224, 37.0747132 ], [ 15.296305, 37.0732127 ], [ 15.2953573, 37.0731048 ], [ 15.2954082, 37.0717293 ], [ 15.2945162, 37.0720562 ], [ 15.2924183, 37.0701087 ], [ 15.2934915, 37.0681276 ], [ 15.2918965, 37.0693885 ], [ 15.288717, 37.0675454 ], [ 15.2887076, 37.0667394 ], [ 15.2901588, 37.0661367 ], [ 15.2896152, 37.0657579 ], [ 15.2908473, 37.0665184 ], [ 15.2914691, 37.065645 ], [ 15.2912489, 37.0670339 ], [ 15.2929551, 37.0666531 ], [ 15.2935936, 37.0677632 ], [ 15.2936298, 37.0669559 ], [ 15.2957615, 37.0656934 ], [ 15.2976088, 37.0671544 ], [ 15.2961545, 37.0654954 ], [ 15.2963068, 37.0630348 ], [ 15.2986497, 37.0610362 ], [ 15.2987897, 37.0593073 ], [ 15.2980693, 37.0593306 ], [ 15.2975528, 37.0581058 ], [ 15.2949875, 37.0573949 ], [ 15.2959619, 37.0548292 ], [ 15.2953059, 37.0540283 ], [ 15.2966384, 37.0526484 ], [ 15.2946431, 37.0533955 ], [ 15.2920791, 37.0580224 ], [ 15.2910153, 37.0578749 ], [ 15.2919776, 37.0583757 ], [ 15.2911186, 37.0615119 ], [ 15.2902816, 37.0616909 ], [ 15.291044, 37.0619854 ], [ 15.2897401, 37.0629914 ], [ 15.2909881, 37.0639988 ], [ 15.289333, 37.0632566 ], [ 15.2875654, 37.0637714 ], [ 15.2864583, 37.0614252 ], [ 15.2830647, 37.0623407 ], [ 15.2847544, 37.0626109 ], [ 15.2848306, 37.0643496 ], [ 15.2806348, 37.0639823 ], [ 15.2799321, 37.0644666 ], [ 15.2808727, 37.0655344 ], [ 15.2796096, 37.0656321 ], [ 15.2749259, 37.0625264 ], [ 15.271193, 37.0576408 ], [ 15.2702773, 37.0552606 ], [ 15.2709507, 37.0493929 ], [ 15.271503, 37.048479 ], [ 15.2756402, 37.046828 ], [ 15.276584, 37.0452943 ], [ 15.2769618, 37.0442924 ], [ 15.2753145, 37.0428446 ], [ 15.2760677, 37.0406953 ], [ 15.2754644, 37.0396485 ], [ 15.277172, 37.0368982 ], [ 15.2802059, 37.0342722 ], [ 15.2839513, 37.0327934 ], [ 15.2889291, 37.0325423 ], [ 15.2918075, 37.0333694 ], [ 15.292268, 37.0342734 ], [ 15.2916732, 37.0361987 ], [ 15.293385, 37.036197 ], [ 15.2938619, 37.0373828 ], [ 15.2953335, 37.0375912 ], [ 15.2979812, 37.0401469 ], [ 15.2974132, 37.0411027 ], [ 15.2987073, 37.0420373 ], [ 15.3034989, 37.0429304 ], [ 15.3033864, 37.041471 ], [ 15.3018295, 37.041102 ], [ 15.3027642, 37.0401522 ], [ 15.3035755, 37.0409229 ], [ 15.3039846, 37.0401233 ], [ 15.3081863, 37.0416947 ], [ 15.3087468, 37.040651 ], [ 15.3063066, 37.0395125 ], [ 15.3105125, 37.037067 ], [ 15.3122984, 37.0386898 ], [ 15.3149254, 37.0370467 ], [ 15.3158653, 37.0355173 ], [ 15.315654, 37.0330696 ], [ 15.3206442, 37.0252623 ], [ 15.3206733, 37.0244623 ], [ 15.3190543, 37.0236292 ], [ 15.3230739, 37.0231542 ], [ 15.3222011, 37.0221121 ], [ 15.3232763, 37.0207459 ], [ 15.3266484, 37.0192758 ], [ 15.3262961, 37.0188113 ], [ 15.3284662, 37.0171378 ], [ 15.3308804, 37.0175067 ], [ 15.3306608, 37.0164758 ], [ 15.3293215, 37.0162117 ], [ 15.331096, 37.014291 ], [ 15.3323843, 37.0140464 ], [ 15.3331868, 37.0118048 ], [ 15.3350103, 37.0109632 ], [ 15.3367251, 37.007628 ], [ 15.3360189, 37.0052136 ], [ 15.3364774, 37.0019511 ], [ 15.3356351, 37.0023507 ], [ 15.334999, 37.0016213 ], [ 15.3288542, 37.0028663 ], [ 15.3246907, 37.0024125 ], [ 15.3170606, 37.0037903 ], [ 15.3141971, 37.0035833 ], [ 15.3131036, 37.0040173 ], [ 15.3116088, 37.0071943 ], [ 15.3036466, 37.0140395 ], [ 15.3038612, 37.014772 ], [ 15.3015438, 37.0153867 ], [ 15.2981454, 37.0146919 ], [ 15.2973783, 37.01308 ], [ 15.2950828, 37.0124578 ], [ 15.2925879, 37.0097346 ], [ 15.2876177, 37.0081625 ], [ 15.286172, 37.0064875 ], [ 15.2836762, 37.0054197 ], [ 15.2808676, 37.0076233 ], [ 15.2750757, 37.0071215 ], [ 15.2739814, 37.0054819 ], [ 15.2707533, 37.0046016 ], [ 15.2679665, 37.0027315 ], [ 15.2665637, 37.0004759 ], [ 15.2669609, 36.9999385 ], [ 15.2657872, 36.9995066 ], [ 15.2644448, 36.9966951 ], [ 15.2643566, 36.9946278 ], [ 15.2684614, 36.9935706 ], [ 15.2695343, 36.9922274 ], [ 15.268515, 36.9915011 ], [ 15.264143, 36.9915847 ], [ 15.2641565, 36.9896994 ], [ 15.2671766, 36.9884225 ], [ 15.267321, 36.9870977 ], [ 15.2692368, 36.9868145 ], [ 15.2692476, 36.9859934 ], [ 15.2685851, 36.9854188 ], [ 15.2663193, 36.9858512 ], [ 15.2651575, 36.9838306 ], [ 15.2617881, 36.9830909 ], [ 15.2619101, 36.9806354 ], [ 15.2600259, 36.9802272 ], [ 15.2613174, 36.9796331 ], [ 15.2590308, 36.9791409 ], [ 15.2562974, 36.9804945 ], [ 15.2549111, 36.9804103 ], [ 15.2602281, 36.9785485 ], [ 15.2587867, 36.9770507 ], [ 15.2626085, 36.9753624 ], [ 15.2616507, 36.9748347 ], [ 15.2619216, 36.9736821 ], [ 15.2600885, 36.9746685 ], [ 15.2580276, 36.9731476 ], [ 15.2562922, 36.9736533 ], [ 15.2548063, 36.9728711 ], [ 15.2475831, 36.9732247 ], [ 15.2421321, 36.9707696 ], [ 15.2410005, 36.9708868 ], [ 15.2402747, 36.9722286 ], [ 15.2360511, 36.9726542 ], [ 15.2318492, 36.9706576 ], [ 15.2290915, 36.9702802 ], [ 15.2269754, 36.9667221 ], [ 15.2246006, 36.9659729 ], [ 15.2228759, 36.9639573 ], [ 15.2205404, 36.9633685 ], [ 15.2209193, 36.9628756 ], [ 15.2197149, 36.9623344 ], [ 15.2152289, 36.9625911 ], [ 15.2132694, 36.9648788 ], [ 15.2091104, 36.963808 ], [ 15.2063426, 36.9614364 ], [ 15.2053149, 36.9593609 ], [ 15.2065786, 36.9587076 ], [ 15.2081774, 36.9555547 ], [ 15.2100039, 36.9552824 ], [ 15.2077995, 36.9530503 ], [ 15.2063166, 36.9529554 ], [ 15.206127, 36.9541076 ], [ 15.2044957, 36.9539242 ], [ 15.2041365, 36.9549408 ], [ 15.2028894, 36.9549089 ], [ 15.2017206, 36.9523924 ], [ 15.2002838, 36.9531636 ], [ 15.2002204, 36.9520266 ], [ 15.1978958, 36.9529315 ], [ 15.1914703, 36.9485182 ], [ 15.1916662, 36.9477054 ], [ 15.1897863, 36.9476995 ], [ 15.1867033, 36.9461375 ], [ 15.1860924, 36.9453127 ], [ 15.1867086, 36.9449788 ], [ 15.1864684, 36.9427699 ], [ 15.1826426, 36.941734 ], [ 15.1813409, 36.9400706 ], [ 15.1821928, 36.9386404 ], [ 15.1798602, 36.9388185 ], [ 15.1774848, 36.9364427 ], [ 15.1754236, 36.9294377 ], [ 15.1732032, 36.9258816 ], [ 15.1721879, 36.9254535 ], [ 15.1731389, 36.9239452 ], [ 15.1705759, 36.9241197 ], [ 15.1679609, 36.9212327 ], [ 15.1651507, 36.921672 ], [ 15.163875, 36.9203017 ], [ 15.1590748, 36.9198608 ], [ 15.1562444, 36.9179719 ], [ 15.1530756, 36.914268 ], [ 15.147834, 36.9041865 ], [ 15.1482384, 36.9033301 ], [ 15.1469646, 36.9026084 ], [ 15.1455238, 36.9001161 ], [ 15.1476786, 36.8981821 ], [ 15.1456987, 36.8990146 ], [ 15.1442215, 36.8974165 ], [ 15.1436009, 36.8945694 ], [ 15.1413269, 36.8911775 ], [ 15.140809, 36.8893705 ], [ 15.1413998, 36.8882407 ], [ 15.1400828, 36.8877859 ], [ 15.1407668, 36.8873097 ], [ 15.1391038, 36.8834803 ], [ 15.1398522, 36.8823689 ], [ 15.1376249, 36.8813343 ], [ 15.1368964, 36.8796978 ], [ 15.1367058, 36.8763729 ], [ 15.1390173, 36.8744331 ], [ 15.1369795, 36.8701906 ], [ 15.13805, 36.8693703 ], [ 15.1368776, 36.8686735 ], [ 15.1371986, 36.8673718 ], [ 15.1362902, 36.8667745 ], [ 15.1368396, 36.8663682 ], [ 15.1309157, 36.8676196 ], [ 15.129909, 36.8662105 ], [ 15.1272606, 36.8661584 ], [ 15.1218532, 36.8612068 ], [ 15.1201567, 36.8608538 ], [ 15.1125448, 36.851717 ], [ 15.1126047, 36.8505795 ], [ 15.1110931, 36.8488022 ], [ 15.1117088, 36.8462865 ], [ 15.1097425, 36.8455582 ], [ 15.1090868, 36.8436715 ], [ 15.1101189, 36.8422483 ], [ 15.1069567, 36.8402359 ], [ 15.1064841, 36.8372837 ], [ 15.1076324, 36.836678 ], [ 15.1063809, 36.8357369 ], [ 15.1059825, 36.8323171 ], [ 15.1075724, 36.8318676 ], [ 15.1079571, 36.8309165 ], [ 15.1067322, 36.8286374 ], [ 15.1082327, 36.8262703 ], [ 15.1060844, 36.8249704 ], [ 15.1064309, 36.8240922 ], [ 15.1084486, 36.8239836 ], [ 15.1076512, 36.819332 ], [ 15.1103589, 36.8187741 ], [ 15.110239, 36.8163639 ], [ 15.1084174, 36.8154907 ], [ 15.1069967, 36.8119786 ], [ 15.1072711, 36.8105796 ], [ 15.1058452, 36.8086273 ], [ 15.1061623, 36.8061278 ], [ 15.1043788, 36.8048398 ], [ 15.1037214, 36.8052866 ], [ 15.103469, 36.8038202 ], [ 15.1013847, 36.8020204 ], [ 15.1004562, 36.8027847 ], [ 15.0991535, 36.8022662 ], [ 15.0986856, 36.8033038 ], [ 15.0964122, 36.8030439 ], [ 15.0941423, 36.7993055 ], [ 15.0945706, 36.7971583 ], [ 15.0982728, 36.7912318 ], [ 15.0952615, 36.7853712 ], [ 15.0946771, 36.7778361 ], [ 15.0951047, 36.776353 ], [ 15.0963915, 36.776328 ], [ 15.09866, 36.7738736 ], [ 15.0982768, 36.7729561 ], [ 15.0994728, 36.7731183 ], [ 15.099759, 36.771213 ], [ 15.1011147, 36.769932 ], [ 15.1009712, 36.7684912 ], [ 15.0995439, 36.7671419 ], [ 15.1005222, 36.7667067 ], [ 15.099855, 36.7654144 ], [ 15.1022917, 36.7588014 ], [ 15.1051441, 36.754224 ], [ 15.1088682, 36.7521885 ], [ 15.1084774, 36.7496603 ], [ 15.110414, 36.7474239 ], [ 15.1146006, 36.7444789 ], [ 15.1185722, 36.7444215 ], [ 15.1202109, 36.7423355 ], [ 15.1198079, 36.7399066 ], [ 15.1183677, 36.7414753 ], [ 15.1170048, 36.7406593 ], [ 15.1164359, 36.7393858 ], [ 15.1175954, 36.738055 ], [ 15.1170285, 36.7366749 ], [ 15.1181394, 36.7354535 ], [ 15.1213562, 36.7356455 ], [ 15.123395, 36.7337327 ], [ 15.1191401, 36.7351986 ], [ 15.1180201, 36.7332805 ], [ 15.1196709, 36.7313008 ], [ 15.1220391, 36.7333893 ], [ 15.1223344, 36.7331514 ], [ 15.1210956, 36.7318794 ], [ 15.1215861, 36.7231142 ], [ 15.119721, 36.7210254 ], [ 15.1223889, 36.7171086 ], [ 15.12214, 36.7154515 ], [ 15.1204679, 36.7142985 ], [ 15.121217, 36.713794 ], [ 15.1208863, 36.712063 ], [ 15.1223186, 36.7119189 ], [ 15.1205438, 36.7108229 ], [ 15.1222274, 36.7100483 ], [ 15.1222488, 36.7072572 ], [ 15.1246362, 36.7044477 ], [ 15.1229918, 36.7031564 ], [ 15.1234907, 36.7014317 ], [ 15.1271067, 36.69732 ], [ 15.1333405, 36.6939004 ], [ 15.1352659, 36.6906877 ], [ 15.1343429, 36.6898749 ], [ 15.1383803, 36.6859136 ], [ 15.1403527, 36.6853419 ], [ 15.1394901, 36.6834924 ], [ 15.1363661, 36.6809808 ], [ 15.1368297, 36.6740534 ], [ 15.1338469, 36.6710763 ], [ 15.1316509, 36.6667562 ], [ 15.1298198, 36.6667592 ], [ 15.126623, 36.6692867 ], [ 15.121368, 36.6685875 ], [ 15.126002, 36.669775 ], [ 15.1260495, 36.6710981 ], [ 15.1265631, 36.6704977 ], [ 15.1276969, 36.6713678 ], [ 15.1217783, 36.6746162 ], [ 15.1157632, 36.6749124 ], [ 15.1115781, 36.6727137 ], [ 15.1087834, 36.6695603 ], [ 15.1090068, 36.6666 ], [ 15.1131676, 36.6661511 ], [ 15.1088513, 36.6664369 ], [ 15.1088256, 36.6653054 ], [ 15.1068784, 36.663826 ], [ 15.1074973, 36.663207 ], [ 15.1053478, 36.6618373 ], [ 15.1027542, 36.6630447 ], [ 15.1000252, 36.6624062 ], [ 15.0984728, 36.6592912 ], [ 15.0992743, 36.6585548 ], [ 15.093947, 36.657622 ], [ 15.0924128, 36.6549614 ], [ 15.0815893, 36.6494929 ], [ 15.0797939, 36.6467869 ], [ 15.079194, 36.6469297 ], [ 15.079841, 36.6476272 ], [ 15.078599, 36.6504081 ], [ 15.075954, 36.6510905 ], [ 15.0768122, 36.6520931 ], [ 15.0762662, 36.6531144 ], [ 15.0703702, 36.6589934 ], [ 15.061355, 36.6623331 ], [ 15.0583176, 36.6623207 ], [ 15.0552302, 36.6608421 ], [ 15.0562619, 36.663553 ], [ 15.0551296, 36.6632763 ], [ 15.0538934, 36.6642759 ], [ 15.0559872, 36.6658184 ], [ 15.0552536, 36.6672721 ], [ 15.0537795, 36.6671861 ], [ 15.0543524, 36.6674656 ], [ 15.0541145, 36.6691423 ], [ 15.0521012, 36.6698571 ], [ 15.0532234, 36.6726139 ], [ 15.0519638, 36.6779715 ], [ 15.0443291, 36.6874443 ], [ 15.0419251, 36.689177 ], [ 15.0403172, 36.6887147 ], [ 15.0397072, 36.6896937 ], [ 15.036824, 36.6896446 ], [ 15.0366648, 36.6913346 ], [ 15.0327529, 36.6950228 ], [ 15.0260378, 36.6990193 ], [ 15.0186002, 36.7020552 ], [ 15.0088093, 36.7035565 ], [ 14.9990212, 36.7027462 ], [ 14.9921015, 36.7002439 ], [ 14.9905868, 36.6968616 ], [ 14.9913055, 36.6954792 ], [ 14.9911817, 36.6945125 ], [ 14.9894218, 36.6963742 ], [ 14.9831396, 36.6959516 ], [ 14.9736232, 36.6932228 ], [ 14.9719576, 36.6917663 ], [ 14.9657587, 36.694127 ], [ 14.9566213, 36.6941638 ], [ 14.9509833, 36.697155 ], [ 14.9431556, 36.7038865 ], [ 14.9321112, 36.7114915 ], [ 14.911129, 36.7237314 ], [ 14.895599, 36.7292019 ], [ 14.8899064, 36.7288286 ], [ 14.8886552, 36.7297759 ], [ 14.8839912, 36.7306536 ], [ 14.8759401, 36.7310662 ], [ 14.8617004, 36.73028 ], [ 14.8492098, 36.7274203 ], [ 14.8436226, 36.7237234 ], [ 14.8362753, 36.7222628 ], [ 14.8334353, 36.7198927 ], [ 14.833325, 36.7186109 ], [ 14.8316781, 36.7189752 ], [ 14.8309703, 36.718285 ], [ 14.8318088, 36.7175354 ], [ 14.8348822, 36.7188063 ], [ 14.8328382, 36.7172746 ], [ 14.832878, 36.7133587 ], [ 14.8325155, 36.7125561 ], [ 14.8324333, 36.716554 ], [ 14.8309812, 36.7167354 ], [ 14.8269291, 36.7149573 ], [ 14.8303152, 36.7103615 ], [ 14.8317559, 36.7104493 ], [ 14.8316731, 36.709113 ], [ 14.8386581, 36.7080244 ], [ 14.8411117, 36.7094059 ], [ 14.8395678, 36.7078363 ], [ 14.831591, 36.7084758 ], [ 14.8259094, 36.7157039 ], [ 14.8216735, 36.7151099 ], [ 14.8205835, 36.7165439 ], [ 14.8176169, 36.7167868 ], [ 14.8115724, 36.715851 ], [ 14.7989746, 36.7074618 ], [ 14.7810209, 36.7037413 ], [ 14.7803557, 36.70438 ], [ 14.7823513, 36.7058487 ], [ 14.7825766, 36.7069142 ], [ 14.7773632, 36.7109602 ], [ 14.7759595, 36.7114268 ], [ 14.7753608, 36.7107003 ], [ 14.7618842, 36.7100491 ], [ 14.7573842, 36.7105342 ], [ 14.7559205, 36.7123963 ], [ 14.7564266, 36.714374 ], [ 14.7558922, 36.7154105 ], [ 14.7497188, 36.7191033 ], [ 14.7455488, 36.720161 ], [ 14.7375338, 36.7201497 ], [ 14.7355736, 36.7179052 ], [ 14.7336586, 36.7174016 ], [ 14.7323064, 36.7176881 ], [ 14.732198, 36.7192316 ], [ 14.7309001, 36.7205252 ], [ 14.7277959, 36.7216092 ], [ 14.7242735, 36.7198503 ], [ 14.717895, 36.7205858 ], [ 14.7120932, 36.7199277 ], [ 14.704728, 36.7169941 ], [ 14.6998959, 36.7179111 ], [ 14.6985782, 36.7186333 ], [ 14.6982182, 36.7203487 ], [ 14.6956482, 36.7200561 ], [ 14.6895463, 36.7214415 ], [ 14.6854034, 36.7237311 ], [ 14.6856634, 36.7272674 ], [ 14.6819985, 36.7301269 ], [ 14.6807785, 36.7299987 ], [ 14.6806835, 36.7322587 ], [ 14.6791135, 36.7344105 ], [ 14.6724099, 36.7410639 ], [ 14.6607461, 36.7473518 ], [ 14.6497956, 36.7506759 ], [ 14.6382281, 36.7613962 ], [ 14.6328257, 36.7621756 ], [ 14.6341669, 36.7628297 ], [ 14.632466, 36.7625206 ], [ 14.6316215, 36.7611773 ], [ 14.631625, 36.7617391 ], [ 14.6327753, 36.7630007 ], [ 14.6303222, 36.7649471 ], [ 14.6197466, 36.7657999 ], [ 14.6143632, 36.767094 ], [ 14.6109635, 36.769225 ], [ 14.6048372, 36.768624 ], [ 14.6044423, 36.7693515 ], [ 14.595642, 36.7722255 ], [ 14.5888079, 36.7769081 ], [ 14.577632, 36.7778763 ], [ 14.5755954, 36.7772436 ], [ 14.5713746, 36.7796605 ], [ 14.5675076, 36.7790778 ], [ 14.5654404, 36.7807549 ], [ 14.5621539, 36.7811763 ], [ 14.5615589, 36.7803829 ], [ 14.560687, 36.7814373 ], [ 14.5580524, 36.781197 ], [ 14.5576485, 36.7820775 ], [ 14.555461, 36.7825059 ], [ 14.549667, 36.7813456 ], [ 14.5495799, 36.7801653 ], [ 14.5475227, 36.7787341 ], [ 14.54915, 36.780374 ], [ 14.5481894, 36.7825634 ], [ 14.5434629, 36.7820872 ], [ 14.5445325, 36.7802248 ], [ 14.5467211, 36.7799048 ], [ 14.5465336, 36.7783437 ], [ 14.5486537, 36.7778272 ], [ 14.5477454, 36.7776976 ], [ 14.5455686, 36.7784592 ], [ 14.5427816, 36.7815674 ], [ 14.5391598, 36.7803433 ], [ 14.5312275, 36.7805581 ], [ 14.5254804, 36.7842818 ], [ 14.5237421, 36.7840972 ], [ 14.5154866, 36.7874579 ], [ 14.5122819, 36.7877953 ], [ 14.5103638, 36.7867088 ], [ 14.5087468, 36.7875591 ], [ 14.5048351, 36.7878374 ], [ 14.5001323, 36.7859749 ], [ 14.4930868, 36.7864943 ], [ 14.4916204, 36.7874416 ], [ 14.4934598, 36.7866028 ], [ 14.4920908, 36.7875249 ], [ 14.4925828, 36.7888397 ], [ 14.4884872, 36.7917974 ], [ 14.4848032, 36.7959258 ], [ 14.4847958, 36.7968535 ], [ 14.4802747, 36.799613 ], [ 14.4794399, 36.7993593 ], [ 14.4798539, 36.8031975 ], [ 14.4788688, 36.8049259 ], [ 14.4756687, 36.8064747 ], [ 14.4757406, 36.8072211 ], [ 14.4718062, 36.8097166 ], [ 14.4718016, 36.8106713 ], [ 14.4687164, 36.8117563 ], [ 14.4688836, 36.8127689 ], [ 14.4668375, 36.8132025 ], [ 14.4670834, 36.8146721 ], [ 14.4661293, 36.8156798 ], [ 14.4616742, 36.8167107 ], [ 14.4600727, 36.8146623 ], [ 14.4589768, 36.8162563 ], [ 14.4585629, 36.8190313 ], [ 14.4571408, 36.8195506 ], [ 14.4594289, 36.8224726 ], [ 14.458827, 36.8226294 ], [ 14.4597252, 36.8232421 ], [ 14.4599489, 36.8248458 ], [ 14.4572157, 36.836594 ], [ 14.4558924, 36.8410875 ], [ 14.4525773, 36.8420831 ], [ 14.4526262, 36.8467813 ], [ 14.450482, 36.8493069 ], [ 14.4493122, 36.8560096 ], [ 14.4442765, 36.869992 ], [ 14.4424363, 36.8717735 ], [ 14.439843, 36.8726616 ], [ 14.4389156, 36.8784755 ], [ 14.4353093, 36.885467 ], [ 14.4311345, 36.8875457 ], [ 14.4288259, 36.8903844 ], [ 14.4246954, 36.8900722 ], [ 14.4229208, 36.8915898 ], [ 14.4248703, 36.8903725 ], [ 14.4274891, 36.8904366 ], [ 14.4268919, 36.8909537 ], [ 14.427998, 36.8907439 ], [ 14.427795, 36.8920461 ], [ 14.4264484, 36.8918759 ], [ 14.4260794, 36.8908806 ], [ 14.4263569, 36.892351 ], [ 14.4218688, 36.8925272 ], [ 14.4210714, 36.8916236 ], [ 14.4220533, 36.8890059 ], [ 14.4214761, 36.8888599 ], [ 14.4209487, 36.8923495 ], [ 14.4221424, 36.8928834 ], [ 14.4246808, 36.8926594 ], [ 14.4251619, 36.8942414 ], [ 14.4207925, 36.9059888 ], [ 14.4120109, 36.9174311 ], [ 14.4105596, 36.9184637 ], [ 14.4082152, 36.9186984 ], [ 14.4079657, 36.9201842 ], [ 14.4068913, 36.9206821 ], [ 14.4071578, 36.9213115 ], [ 14.3993842, 36.9340119 ], [ 14.3812453, 36.9582426 ], [ 14.3649797, 36.9763528 ], [ 14.3537428, 36.9873462 ], [ 14.3108723, 37.0256147 ], [ 14.2977741, 37.0363167 ], [ 14.2947515, 37.0377974 ], [ 14.2936146, 37.0374505 ], [ 14.2937232, 37.0380784 ], [ 14.2917971, 37.0394123 ], [ 14.2793808, 37.0462457 ], [ 14.2684362, 37.0512296 ], [ 14.2646727, 37.0546894 ], [ 14.2610572, 37.0562287 ], [ 14.2600578, 37.0580977 ], [ 14.2546093, 37.0592809 ], [ 14.252658, 37.0607296 ], [ 14.2476177, 37.062217 ], [ 14.2445499, 37.0645169 ], [ 14.2382569, 37.0668695 ], [ 14.2343425, 37.0669421 ], [ 14.2298451, 37.0627861 ], [ 14.2316316, 37.0646291 ], [ 14.230032, 37.0658316 ], [ 14.2317479, 37.0648613 ], [ 14.233372, 37.0663597 ], [ 14.2316219, 37.0675848 ], [ 14.2288558, 37.0672488 ], [ 14.2280601, 37.0658054 ], [ 14.2289317, 37.0637519 ], [ 14.2277137, 37.0660096 ], [ 14.2265682, 37.0659098 ], [ 14.2242635, 37.0680729 ], [ 14.201886, 37.0797936 ], [ 14.1601629, 37.0942093 ], [ 14.1444778, 37.0979675 ], [ 14.143178, 37.0972562 ], [ 14.1347535, 37.0990251 ], [ 14.1329775, 37.0979579 ], [ 14.1077144, 37.1048322 ], [ 14.0806767, 37.1096372 ], [ 14.0679313, 37.1109397 ], [ 14.0620191, 37.1099643 ], [ 14.0554434, 37.1100043 ], [ 14.0532768, 37.1091884 ], [ 14.0519245, 37.1076897 ], [ 14.0456527, 37.1084201 ], [ 14.0397356, 37.1078356 ], [ 14.0373662, 37.1073036 ], [ 14.0361377, 37.1059183 ], [ 14.0281527, 37.1081333 ], [ 14.0128375, 37.1083606 ], [ 14.0032547, 37.1095941 ], [ 13.9909725, 37.1098736 ], [ 13.9755776, 37.1088208 ], [ 13.9644683, 37.1048155 ], [ 13.953227, 37.102538 ], [ 13.9496277, 37.1010714 ], [ 13.9495334, 37.1004205 ], [ 13.9465882, 37.1004017 ], [ 13.9481021, 37.0982033 ], [ 13.947483, 37.0986938 ], [ 13.9463044, 37.0980851 ], [ 13.9471429, 37.0949383 ], [ 13.9471277, 37.0931236 ], [ 13.9440112, 37.0852961 ], [ 13.9432215, 37.0847023 ], [ 13.9427725, 37.0850135 ], [ 13.9453769, 37.0893534 ], [ 13.9425414, 37.0904783 ], [ 13.9456299, 37.0899423 ], [ 13.9469319, 37.093125 ], [ 13.9469812, 37.0949352 ], [ 13.9457085, 37.0975777 ], [ 13.9421078, 37.0972798 ], [ 13.9417972, 37.0923738 ], [ 13.9433263, 37.0915097 ], [ 13.9415817, 37.092127 ], [ 13.9400399, 37.0914469 ], [ 13.9379011, 37.0913767 ], [ 13.9406923, 37.0918485 ], [ 13.9416979, 37.0935671 ], [ 13.9407373, 37.0958642 ], [ 13.9389424, 37.0969774 ], [ 13.9350213, 37.096162 ], [ 13.9353801, 37.0952867 ], [ 13.9343297, 37.0946435 ], [ 13.9353069, 37.0925427 ], [ 13.9342625, 37.0919271 ], [ 13.9348629, 37.0929079 ], [ 13.9336705, 37.0952602 ], [ 13.9316486, 37.0948696 ], [ 13.9326897, 37.0922614 ], [ 13.9333458, 37.0923956 ], [ 13.9327767, 37.0919149 ], [ 13.9336209, 37.0902963 ], [ 13.9365439, 37.0887842 ], [ 13.9387272, 37.0887812 ], [ 13.9371172, 37.0884178 ], [ 13.9400799, 37.0849722 ], [ 13.9396577, 37.084503 ], [ 13.9371769, 37.0879572 ], [ 13.9331255, 37.0904397 ], [ 13.9306527, 37.0963111 ], [ 13.9269584, 37.0982568 ], [ 13.919592, 37.0989131 ], [ 13.9153503, 37.0981292 ], [ 13.9145769, 37.0970305 ], [ 13.9130839, 37.0966806 ], [ 13.9099047, 37.097008 ], [ 13.9067213, 37.0959561 ], [ 13.9064592, 37.0952211 ], [ 13.9044679, 37.0958446 ], [ 13.903778, 37.0953152 ], [ 13.9034242, 37.0964472 ], [ 13.9019264, 37.096381 ], [ 13.9005333, 37.0980495 ], [ 13.8953345, 37.0972928 ], [ 13.891107, 37.0989276 ], [ 13.8876903, 37.0993069 ], [ 13.8862484, 37.1007157 ], [ 13.8831217, 37.1011441 ], [ 13.8833094, 37.1017606 ], [ 13.8817139, 37.1028938 ], [ 13.8790821, 37.1027877 ], [ 13.8783261, 37.1019842 ], [ 13.8788317, 37.1015112 ], [ 13.8760246, 37.1016046 ], [ 13.8770264, 37.1025723 ], [ 13.8764804, 37.1040803 ], [ 13.8743787, 37.105717 ], [ 13.871248, 37.1066957 ], [ 13.8691737, 37.1094644 ], [ 13.8636519, 37.1097631 ], [ 13.8641238, 37.1109207 ], [ 13.8583211, 37.1122747 ], [ 13.8589737, 37.1153352 ], [ 13.8569438, 37.1194037 ], [ 13.8444537, 37.1331262 ], [ 13.838411, 37.1375562 ], [ 13.8339949, 37.1394839 ], [ 13.8313985, 37.1394159 ], [ 13.8297688, 37.1414777 ], [ 13.8242949, 37.1443831 ], [ 13.8153144, 37.1457363 ], [ 13.8110894, 37.1446354 ], [ 13.8079834, 37.1457754 ], [ 13.7948663, 37.1454839 ], [ 13.789074, 37.146974 ], [ 13.7862767, 37.146285 ], [ 13.7791711, 37.1470501 ], [ 13.7773058, 37.1458769 ], [ 13.774166, 37.1455278 ], [ 13.7712636, 37.1466046 ], [ 13.7674197, 37.1461359 ], [ 13.7669259, 37.1470673 ], [ 13.7621682, 37.1479003 ], [ 13.7586368, 37.1494577 ], [ 13.7569247, 37.1488372 ], [ 13.7501081, 37.1494971 ], [ 13.7504615, 37.1502707 ], [ 13.7479032, 37.1528817 ], [ 13.7402194, 37.1560236 ], [ 13.7402727, 37.1571607 ], [ 13.7353124, 37.1604951 ], [ 13.7363966, 37.1617812 ], [ 13.736023, 37.1624459 ], [ 13.7300103, 37.1663194 ], [ 13.7288024, 37.1687034 ], [ 13.7267977, 37.169429 ], [ 13.7272759, 37.1689726 ], [ 13.7261816, 37.1698014 ], [ 13.7262384, 37.1702514 ], [ 13.7258203, 37.1697078 ], [ 13.724801, 37.1707229 ], [ 13.7240661, 37.1705033 ], [ 13.7245221, 37.170238 ], [ 13.7233373, 37.1706965 ], [ 13.7239331, 37.1708774 ], [ 13.7233873, 37.1714005 ], [ 13.7230379, 37.1709157 ], [ 13.7204792, 37.1720585 ], [ 13.719723, 37.1714948 ], [ 13.7205203, 37.1711137 ], [ 13.7195713, 37.1708903 ], [ 13.717076, 37.1715989 ], [ 13.7193908, 37.1705102 ], [ 13.7156283, 37.1721508 ], [ 13.7106206, 37.1719555 ], [ 13.7071007, 37.1737311 ], [ 13.7071957, 37.1756736 ], [ 13.7062564, 37.1765944 ], [ 13.7015652, 37.1768383 ], [ 13.6977182, 37.1787093 ], [ 13.6967156, 37.1784234 ], [ 13.6961404, 37.1791592 ], [ 13.6970639, 37.179731 ], [ 13.6968348, 37.180701 ], [ 13.6947209, 37.18074 ], [ 13.691275, 37.1841875 ], [ 13.6883992, 37.1845509 ], [ 13.6871168, 37.1857641 ], [ 13.6846788, 37.1863526 ], [ 13.6852478, 37.1876338 ], [ 13.6830904, 37.1878451 ], [ 13.6819401, 37.1892786 ], [ 13.6753174, 37.1905944 ], [ 13.6742447, 37.1917969 ], [ 13.6706895, 37.1917883 ], [ 13.6681618, 37.1935622 ], [ 13.6649534, 37.1936127 ], [ 13.6642252, 37.1925365 ], [ 13.6629112, 37.1939069 ], [ 13.6613492, 37.1939868 ], [ 13.6620669, 37.1960045 ], [ 13.6604858, 37.2026471 ], [ 13.6555709, 37.2118091 ], [ 13.6487547, 37.2205851 ], [ 13.645967, 37.2221249 ], [ 13.6455753, 37.2234541 ], [ 13.6443864, 37.2237632 ], [ 13.6435534, 37.2256087 ], [ 13.6384265, 37.2302037 ], [ 13.6276783, 37.235463 ], [ 13.6248145, 37.2356647 ], [ 13.6208302, 37.2329346 ], [ 13.621363, 37.2341878 ], [ 13.6203582, 37.2338036 ], [ 13.6200639, 37.2358018 ], [ 13.6181636, 37.2363146 ], [ 13.6129175, 37.2428406 ], [ 13.6113061, 37.2430531 ], [ 13.6110457, 37.24473 ], [ 13.6037573, 37.250954 ], [ 13.6021717, 37.251217 ], [ 13.6017808, 37.2525953 ], [ 13.5965907, 37.2566875 ], [ 13.5929052, 37.2583935 ], [ 13.5925214, 37.2578835 ], [ 13.5912006, 37.2593776 ], [ 13.5884037, 37.2600622 ], [ 13.5874531, 37.2596178 ], [ 13.5877442, 37.2589564 ], [ 13.5802136, 37.2609735 ], [ 13.5789515, 37.2593005 ], [ 13.5800457, 37.2612846 ], [ 13.5776831, 37.2623911 ], [ 13.5767843, 37.2609326 ], [ 13.5786331, 37.2582351 ], [ 13.5767085, 37.2597369 ], [ 13.5768168, 37.2616802 ], [ 13.5761159, 37.2621405 ], [ 13.5784483, 37.2649495 ], [ 13.577166, 37.2644356 ], [ 13.5777612, 37.2661756 ], [ 13.5768617, 37.2678167 ], [ 13.5757368, 37.2678381 ], [ 13.575077, 37.268394 ], [ 13.575504, 37.2687979 ], [ 13.5748664, 37.2685711 ], [ 13.5741495, 37.2691411 ], [ 13.5745139, 37.2696874 ], [ 13.5739643, 37.2693312 ], [ 13.5733493, 37.2698432 ], [ 13.5739917, 37.2704715 ], [ 13.5722015, 37.2708585 ], [ 13.5715446, 37.2714576 ], [ 13.5720538, 37.2719266 ], [ 13.5713902, 37.271641 ], [ 13.5707547, 37.2722476 ], [ 13.5714926, 37.2726736 ], [ 13.5679371, 37.2754793 ], [ 13.5681603, 37.2764263 ], [ 13.5656018, 37.2788888 ], [ 13.5555602, 37.2856209 ], [ 13.5512206, 37.2871151 ], [ 13.5499965, 37.2867745 ], [ 13.5499518, 37.285785 ], [ 13.547725, 37.2868946 ], [ 13.5418835, 37.2862659 ], [ 13.5376351, 37.2815707 ], [ 13.5336363, 37.2879505 ], [ 13.5327329, 37.2875321 ], [ 13.5329955, 37.2840122 ], [ 13.5320137, 37.2818879 ], [ 13.5284569, 37.2797233 ], [ 13.5278063, 37.280199 ], [ 13.5288428, 37.2801967 ], [ 13.5286255, 37.2807857 ], [ 13.5325379, 37.2840266 ], [ 13.5302311, 37.2874787 ], [ 13.5270057, 37.2858168 ], [ 13.5285852, 37.2846525 ], [ 13.5299099, 37.2848876 ], [ 13.5288277, 37.2839752 ], [ 13.5260848, 37.2863643 ], [ 13.524339, 37.2865398 ], [ 13.5239595, 37.2824478 ], [ 13.5274429, 37.2747332 ], [ 13.5226894, 37.2850128 ], [ 13.5166528, 37.2891481 ], [ 13.5100511, 37.2913464 ], [ 13.5005092, 37.2914773 ], [ 13.4976574, 37.2901733 ], [ 13.4971073, 37.288283 ], [ 13.4864453, 37.2893094 ], [ 13.4822854, 37.2881103 ], [ 13.4820941, 37.2865544 ], [ 13.4810229, 37.2859046 ], [ 13.4737174, 37.2898165 ], [ 13.4724228, 37.2894953 ], [ 13.4721094, 37.2909781 ], [ 13.4705215, 37.2924499 ], [ 13.4648068, 37.295223 ], [ 13.4621396, 37.2952402 ], [ 13.45954, 37.2939523 ], [ 13.4552757, 37.2946087 ], [ 13.4485597, 37.2932965 ], [ 13.447703, 37.2968995 ], [ 13.4433391, 37.3004298 ], [ 13.4384958, 37.3021141 ], [ 13.4335522, 37.30224 ], [ 13.4325737, 37.3041584 ], [ 13.4283276, 37.3043539 ], [ 13.427466, 37.3047176 ], [ 13.427462, 37.3056603 ], [ 13.425834, 37.3059526 ], [ 13.426957, 37.3085845 ], [ 13.4251804, 37.3116137 ], [ 13.4223636, 37.3143255 ], [ 13.4190608, 37.3148291 ], [ 13.4172465, 37.3142878 ], [ 13.4172212, 37.3172132 ], [ 13.4140699, 37.3223587 ], [ 13.4035066, 37.3323983 ], [ 13.3997522, 37.3338968 ], [ 13.3939123, 37.3336324 ], [ 13.3926503, 37.3344918 ], [ 13.3904443, 37.3334242 ], [ 13.3905238, 37.3342 ], [ 13.3892468, 37.3341826 ], [ 13.3891307, 37.3333025 ], [ 13.3871089, 37.3371958 ], [ 13.3851924, 37.3377078 ], [ 13.383999, 37.339707 ], [ 13.3768291, 37.3455923 ], [ 13.3702738, 37.3488716 ], [ 13.3674144, 37.3483208 ], [ 13.3631913, 37.3491422 ], [ 13.3595686, 37.3532696 ], [ 13.3504683, 37.3588121 ], [ 13.3449904, 37.3600824 ], [ 13.3411145, 37.358816 ], [ 13.3356519, 37.3607098 ], [ 13.3312928, 37.3610061 ], [ 13.3216846, 37.3636384 ], [ 13.3090767, 37.378906 ], [ 13.3005449, 37.3853718 ], [ 13.2922379, 37.3899403 ], [ 13.2820127, 37.3920446 ], [ 13.2769344, 37.3900853 ], [ 13.2752309, 37.388656 ], [ 13.2723302, 37.3891883 ], [ 13.2643708, 37.4089235 ], [ 13.2591727, 37.4178244 ], [ 13.2538888, 37.4243982 ], [ 13.2494402, 37.426368 ], [ 13.2478059, 37.4294115 ], [ 13.243927, 37.4321614 ], [ 13.2371355, 37.4333447 ], [ 13.2345522, 37.4382664 ], [ 13.2299646, 37.4423084 ], [ 13.2274175, 37.4480717 ], [ 13.2256278, 37.4490808 ], [ 13.2252284, 37.4505562 ], [ 13.2182864, 37.4585579 ], [ 13.2116814, 37.4632193 ], [ 13.2080855, 37.4646659 ], [ 13.2027202, 37.4640527 ], [ 13.1962646, 37.4650927 ], [ 13.1931214, 37.4700111 ], [ 13.1914521, 37.4746012 ], [ 13.188227, 37.479039 ], [ 13.1865097, 37.4801403 ], [ 13.1835279, 37.4801222 ], [ 13.1814051, 37.481246 ], [ 13.1811828, 37.4824691 ], [ 13.1761387, 37.4854391 ], [ 13.1746408, 37.4879972 ], [ 13.1692712, 37.4920944 ], [ 13.1654391, 37.4925522 ], [ 13.1631476, 37.4941938 ], [ 13.1582885, 37.4950343 ], [ 13.1579708, 37.4957755 ], [ 13.1550681, 37.4967759 ], [ 13.1466556, 37.4975372 ], [ 13.144237, 37.4972869 ], [ 13.1417133, 37.4951282 ], [ 13.1371349, 37.4959014 ], [ 13.1346707, 37.4955271 ], [ 13.1308012, 37.4925517 ], [ 13.1222064, 37.4948493 ], [ 13.1184214, 37.4974972 ], [ 13.1149976, 37.4982292 ], [ 13.1115382, 37.4977797 ], [ 13.1094347, 37.4997256 ], [ 13.1073833, 37.5004144 ], [ 13.1057335, 37.4995546 ], [ 13.1035637, 37.4999843 ], [ 13.0923115, 37.5037561 ], [ 13.0893604, 37.5037179 ], [ 13.0889145, 37.5030663 ], [ 13.0858498, 37.5041368 ], [ 13.0842079, 37.5022182 ], [ 13.0813769, 37.5006565 ], [ 13.0782645, 37.5001238 ], [ 13.0755952, 37.5005143 ], [ 13.0800943, 37.5006949 ], [ 13.0835384, 37.5024778 ], [ 13.0802969, 37.5034294 ], [ 13.0786126, 37.5021816 ], [ 13.0801168, 37.5037031 ], [ 13.0838151, 37.5035179 ], [ 13.0835479, 37.5045953 ], [ 13.0826072, 37.5041446 ], [ 13.0768853, 37.5055828 ], [ 13.076635, 37.5022686 ], [ 13.0755001, 37.5048609 ], [ 13.0739668, 37.5054273 ], [ 13.0732087, 37.5047718 ], [ 13.0673489, 37.5045036 ], [ 13.0623491, 37.5050062 ], [ 13.0591059, 37.5038167 ], [ 13.0535626, 37.5040821 ], [ 13.0486286, 37.5023626 ], [ 13.0484994, 37.5015522 ], [ 13.0471253, 37.5012868 ], [ 13.0473171, 37.5006103 ], [ 13.0479711, 37.5008739 ], [ 13.0467726, 37.5000344 ], [ 13.0461425, 37.5003631 ], [ 13.0457907, 37.4995176 ], [ 13.0391484, 37.4958507 ], [ 13.0363485, 37.4957583 ], [ 13.0289381, 37.4977026 ], [ 13.0263864, 37.4975275 ], [ 13.0241128, 37.4952921 ], [ 13.0201094, 37.495282 ], [ 13.0166578, 37.4969778 ], [ 13.0152407, 37.4991893 ], [ 13.0134307, 37.499115 ], [ 13.0127101, 37.4998533 ], [ 13.0123036, 37.5010964 ], [ 13.0130613, 37.5031482 ], [ 13.0151424, 37.5054213 ], [ 13.0135899, 37.5102454 ], [ 13.0086859, 37.5170188 ], [ 13.0045687, 37.520054 ], [ 13.003056, 37.5238069 ], [ 13.0009612, 37.524628 ], [ 13.0004788, 37.5277644 ], [ 12.9964813, 37.5308358 ], [ 12.99331, 37.5360149 ], [ 12.9884574, 37.5412017 ], [ 12.9698558, 37.5550021 ], [ 12.9623664, 37.5631469 ], [ 12.9556252, 37.5674687 ], [ 12.9432847, 37.5723149 ], [ 12.91757, 37.5771287 ], [ 12.9109041, 37.5764346 ], [ 12.9084243, 37.5746018 ], [ 12.909242, 37.5735985 ], [ 12.9069979, 37.575031 ], [ 12.9052421, 37.5737898 ], [ 12.9069785, 37.5726081 ], [ 12.909095, 37.5729595 ], [ 12.9104593, 37.572474 ], [ 12.9067731, 37.5724083 ], [ 12.9044246, 37.573809 ], [ 12.8999007, 37.574798 ], [ 12.8966561, 37.5771236 ], [ 12.8878109, 37.5775036 ], [ 12.8734356, 37.5808599 ], [ 12.8568569, 37.5828199 ], [ 12.8526978, 37.5826056 ], [ 12.849077, 37.5812906 ], [ 12.8419544, 37.5814601 ], [ 12.841576, 37.580734 ], [ 12.8416645, 37.581451 ], [ 12.8403557, 37.5817676 ], [ 12.8417577, 37.5802692 ], [ 12.8399725, 37.5816796 ], [ 12.8392375, 37.5814367 ], [ 12.8394119, 37.5806538 ], [ 12.8386341, 37.5816247 ], [ 12.8290914, 37.5822856 ], [ 12.8254062, 37.5814461 ], [ 12.8190755, 37.5825061 ], [ 12.8120945, 37.5820272 ], [ 12.8084459, 37.5809185 ], [ 12.7971908, 37.5814176 ], [ 12.7803928, 37.5808703 ], [ 12.7548669, 37.576954 ], [ 12.7322912, 37.5713688 ], [ 12.7228729, 37.5681081 ], [ 12.708634, 37.565774 ], [ 12.7020181, 37.5637489 ], [ 12.6912654, 37.5628405 ], [ 12.6837686, 37.5600177 ], [ 12.6787403, 37.5594659 ], [ 12.6762289, 37.5602724 ], [ 12.6729571, 37.5600814 ], [ 12.6675704, 37.5657187 ], [ 12.664341, 37.5665211 ], [ 12.6622082, 37.5656606 ], [ 12.660802, 37.5666169 ], [ 12.6596883, 37.5696517 ], [ 12.6602438, 37.5706293 ], [ 12.6575724, 37.5711988 ], [ 12.6591908, 37.5715623 ], [ 12.6581203, 37.5723126 ], [ 12.6570801, 37.5707192 ], [ 12.6577131, 37.5726026 ], [ 12.6569068, 37.5726834 ], [ 12.6557209, 37.5754064 ], [ 12.6538913, 37.575107 ], [ 12.6526532, 37.576125 ], [ 12.6503127, 37.5757762 ], [ 12.6493148, 37.5765649 ], [ 12.6499792, 37.5798353 ], [ 12.6471271, 37.5806233 ], [ 12.6466766, 37.5822738 ], [ 12.6473455, 37.5829159 ], [ 12.6453075, 37.5832811 ], [ 12.6450539, 37.5852888 ], [ 12.6406058, 37.5890156 ], [ 12.6370291, 37.5941174 ], [ 12.6319698, 37.5986227 ], [ 12.6276793, 37.6039461 ], [ 12.6269689, 37.6059864 ], [ 12.6252298, 37.6074029 ], [ 12.6246857, 37.6095861 ], [ 12.6223942, 37.6117716 ], [ 12.6220305, 37.6148653 ], [ 12.6199752, 37.6163067 ], [ 12.6167881, 37.6251485 ], [ 12.615939, 37.625778 ], [ 12.6136626, 37.6352971 ], [ 12.6116021, 37.6377022 ], [ 12.6064048, 37.6414318 ], [ 12.6012306, 37.6430542 ], [ 12.6020949, 37.6435876 ], [ 12.6012513, 37.6434007 ], [ 12.6016214, 37.6439837 ], [ 12.6008047, 37.6436344 ], [ 12.6010039, 37.6433731 ], [ 12.6010435, 37.6428404 ], [ 12.5952251, 37.6476731 ], [ 12.590832, 37.6499294 ], [ 12.5862801, 37.6499708 ], [ 12.5860433, 37.6486162 ], [ 12.5827387, 37.6471097 ], [ 12.5828542, 37.6478736 ], [ 12.5857572, 37.64876 ], [ 12.5866129, 37.6511111 ], [ 12.5792854, 37.6511379 ], [ 12.5792497, 37.6499408 ], [ 12.5809532, 37.6499067 ], [ 12.5792427, 37.6496671 ], [ 12.5792275, 37.6484469 ], [ 12.5811506, 37.6481958 ], [ 12.5793014, 37.6479329 ], [ 12.5797795, 37.646676 ], [ 12.5862411, 37.6423317 ], [ 12.5796779, 37.6464081 ], [ 12.5784286, 37.6486447 ], [ 12.5788419, 37.6536861 ], [ 12.578115, 37.6541701 ], [ 12.575922, 37.6535124 ], [ 12.5762843, 37.6527822 ], [ 12.5725119, 37.6553793 ], [ 12.5712953, 37.657356 ], [ 12.5676778, 37.6602905 ], [ 12.5595454, 37.6629018 ], [ 12.5531865, 37.6633698 ], [ 12.5427406, 37.6617199 ], [ 12.5379163, 37.6591195 ], [ 12.5363654, 37.6573224 ], [ 12.5310551, 37.6595743 ], [ 12.5193688, 37.6608737 ], [ 12.5174775, 37.6656441 ], [ 12.5128659, 37.6670931 ], [ 12.5099872, 37.6690821 ], [ 12.506428, 37.6736519 ], [ 12.49911, 37.6757166 ], [ 12.4965688, 37.6819391 ], [ 12.4932068, 37.6837375 ], [ 12.4941196, 37.686225 ], [ 12.4919123, 37.6888775 ], [ 12.4865439, 37.6909303 ], [ 12.4857128, 37.6909661 ], [ 12.4854447, 37.6900006 ], [ 12.4853127, 37.6911168 ], [ 12.4837577, 37.6925803 ], [ 12.4845221, 37.693769 ], [ 12.4838807, 37.6952 ], [ 12.4765106, 37.6986217 ], [ 12.4697875, 37.7051168 ], [ 12.4711239, 37.7048217 ], [ 12.4701559, 37.7052472 ], [ 12.4712223, 37.7052074 ], [ 12.4713421, 37.7064671 ], [ 12.4742671, 37.7077198 ], [ 12.4740603, 37.7089965 ], [ 12.4752767, 37.7100659 ], [ 12.4746653, 37.7112137 ], [ 12.4710408, 37.7127702 ], [ 12.4725777, 37.716844 ], [ 12.4675742, 37.718268 ], [ 12.4668094, 37.7196678 ], [ 12.4709923, 37.7212134 ], [ 12.4718441, 37.7232439 ], [ 12.4711644, 37.7250178 ], [ 12.4681122, 37.7264988 ], [ 12.4706758, 37.728741 ], [ 12.4725613, 37.7351434 ], [ 12.4718694, 37.7423899 ], [ 12.470154, 37.7470851 ], [ 12.4637601, 37.7558208 ], [ 12.45993, 37.7586407 ], [ 12.4569978, 37.7653525 ], [ 12.4569345, 37.7684172 ], [ 12.4563039, 37.768269 ], [ 12.454384, 37.7729496 ], [ 12.4542658, 37.7735756 ], [ 12.454979, 37.7735071 ], [ 12.4535447, 37.7747062 ], [ 12.4541457, 37.7732253 ], [ 12.4497005, 37.7796594 ], [ 12.4501686, 37.7799176 ], [ 12.4495202, 37.7798649 ], [ 12.4490218, 37.7804488 ], [ 12.4495372, 37.7805996 ], [ 12.4491106, 37.7814551 ], [ 12.4470279, 37.7823896 ], [ 12.4445888, 37.7863146 ], [ 12.4391847, 37.786807 ], [ 12.4433589, 37.7881494 ], [ 12.4398094, 37.7906751 ], [ 12.4381802, 37.790622 ], [ 12.4382605, 37.789774 ], [ 12.4374756, 37.7912207 ], [ 12.4353709, 37.7916955 ], [ 12.4341537, 37.7937531 ], [ 12.4331724, 37.79391 ], [ 12.4322521, 37.7924808 ], [ 12.4326226, 37.7903587 ], [ 12.4370653, 37.787348 ], [ 12.4351225, 37.7878031 ], [ 12.4350607, 37.783413 ], [ 12.4348312, 37.7833963 ], [ 12.4349373, 37.7884343 ], [ 12.432426, 37.7900551 ], [ 12.4308754, 37.7953458 ], [ 12.4271378, 37.8005831 ], [ 12.4242472, 37.8020705 ] ] ], [ [ [ 13.6078708, 38.0207195 ], [ 13.6079018, 38.0206817 ], [ 13.6078668, 38.0206888 ], [ 13.6078708, 38.0207195 ] ] ], [ [ [ 13.6077978, 38.0209213 ], [ 13.6078428, 38.0208922 ], [ 13.6077848, 38.0209087 ], [ 13.6077978, 38.0209213 ] ] ], [ [ [ 13.6072054, 38.0211168 ], [ 13.6072404, 38.0211744 ], [ 13.6072724, 38.0211302 ], [ 13.6072054, 38.0211168 ] ] ], [ [ [ 13.6070423, 38.0211878 ], [ 13.6070393, 38.0211602 ], [ 13.6070273, 38.0211681 ], [ 13.6070423, 38.0211878 ] ] ], [ [ [ 13.6069042, 38.0212461 ], [ 13.6068852, 38.0212209 ], [ 13.6068942, 38.0212556 ], [ 13.6069042, 38.0212461 ] ] ], [ [ [ 13.6064869, 38.0217135 ], [ 13.6064199, 38.021738 ], [ 13.606515, 38.0217459 ], [ 13.6064869, 38.0217135 ] ] ], [ [ [ 13.6056398, 38.0220125 ], [ 13.6056387, 38.0220402 ], [ 13.6056481, 38.0220288 ], [ 13.6056398, 38.0220125 ] ] ], [ [ [ 13.6055818, 38.0220467 ], [ 13.6056025, 38.0220818 ], [ 13.6056025, 38.0220524 ], [ 13.6055818, 38.0220467 ] ] ], [ [ [ 13.6053582, 38.022253 ], [ 13.6053903, 38.022306 ], [ 13.6054017, 38.0222579 ], [ 13.6053582, 38.022253 ] ] ], [ [ [ 14.5109843, 38.0418855 ], [ 14.510979, 38.0417361 ], [ 14.5108895, 38.0418086 ], [ 14.5109843, 38.0418855 ] ] ], [ [ [ 14.7828554, 38.1541108 ], [ 14.7828308, 38.1538611 ], [ 14.7827077, 38.1538861 ], [ 14.7828554, 38.1541108 ] ] ], [ [ [ 14.7830006, 38.1544842 ], [ 14.783184, 38.1541518 ], [ 14.782477, 38.1542536 ], [ 14.7830006, 38.1544842 ] ] ], [ [ [ 14.7591798, 38.1591847 ], [ 14.7592368, 38.1591034 ], [ 14.7591478, 38.1591581 ], [ 14.7591798, 38.1591847 ] ] ], [ [ [ 14.7582574, 38.1594332 ], [ 14.7583732, 38.1593925 ], [ 14.7582805, 38.1593743 ], [ 14.7582574, 38.1594332 ] ] ], [ [ [ 14.755924, 38.1602769 ], [ 14.7559674, 38.1604592 ], [ 14.7559985, 38.1604314 ], [ 14.755924, 38.1602769 ] ] ], [ [ [ 14.7554953, 38.161588 ], [ 14.755512, 38.1615026 ], [ 14.7554535, 38.1615398 ], [ 14.7554953, 38.161588 ] ] ], [ [ [ 14.7480481, 38.1658128 ], [ 14.747694, 38.1655274 ], [ 14.7480913, 38.165952 ], [ 14.7480481, 38.1658128 ] ] ], [ [ [ 14.8630934, 38.169104 ], [ 14.8630379, 38.1690976 ], [ 14.8630749, 38.1691266 ], [ 14.8630934, 38.169104 ] ] ], [ [ [ 14.9364596, 38.4034946 ], [ 14.9415789, 38.4046254 ], [ 14.9414623, 38.4053287 ], [ 14.9405599, 38.4053352 ], [ 14.9408235, 38.4066652 ], [ 14.9388701, 38.4070976 ], [ 14.9389064, 38.409381 ], [ 14.9398281, 38.410635 ], [ 14.9386532, 38.4118496 ], [ 14.9421795, 38.4111524 ], [ 14.9416451, 38.4120929 ], [ 14.9428124, 38.4121403 ], [ 14.9433241, 38.4130201 ], [ 14.9426882, 38.4137321 ], [ 14.9452755, 38.413672 ], [ 14.9471223, 38.4158124 ], [ 14.9471524, 38.4166822 ], [ 14.9437681, 38.4171552 ], [ 14.9418353, 38.4189065 ], [ 14.9471459, 38.4171851 ], [ 14.9494622, 38.4182388 ], [ 14.9480067, 38.4203723 ], [ 14.9525322, 38.4191666 ], [ 14.9532552, 38.4177564 ], [ 14.9556287, 38.4186008 ], [ 14.9563982, 38.4196937 ], [ 14.9561286, 38.4212151 ], [ 14.9545567, 38.4212417 ], [ 14.9526285, 38.4230274 ], [ 14.9533062, 38.4234288 ], [ 14.9525442, 38.4238343 ], [ 14.9534652, 38.4242957 ], [ 14.9536314, 38.428165 ], [ 14.9560985, 38.4307885 ], [ 14.9604613, 38.4322304 ], [ 14.9652272, 38.4294822 ], [ 14.9661583, 38.4272727 ], [ 14.9690037, 38.426094 ], [ 14.9675603, 38.4225391 ], [ 14.9599582, 38.4189747 ], [ 14.9599504, 38.4163631 ], [ 14.9619733, 38.4155197 ], [ 14.9608768, 38.4153538 ], [ 14.9602339, 38.4138374 ], [ 14.9618835, 38.4123795 ], [ 14.9635098, 38.4121061 ], [ 14.9667376, 38.4138942 ], [ 14.9695565, 38.4135378 ], [ 14.9702249, 38.4128448 ], [ 14.9696209, 38.4124184 ], [ 14.9709145, 38.4112234 ], [ 14.9708693, 38.4098516 ], [ 14.9763162, 38.4070574 ], [ 14.9803892, 38.408865 ], [ 14.9812747, 38.4104036 ], [ 14.9834433, 38.4096625 ], [ 14.9852313, 38.4071317 ], [ 14.9858628, 38.4041565 ], [ 14.9898086, 38.4020482 ], [ 14.99099, 38.4023411 ], [ 14.9904958, 38.4008783 ], [ 14.9916571, 38.4007098 ], [ 14.9915669, 38.3997986 ], [ 14.9934151, 38.3994509 ], [ 14.99448, 38.3986982 ], [ 14.9942346, 38.3979033 ], [ 14.9958061, 38.3976998 ], [ 14.9958152, 38.3963595 ], [ 14.9971069, 38.3962453 ], [ 14.9972318, 38.3933015 ], [ 14.998937, 38.3915494 ], [ 14.9998054, 38.3873273 ], [ 15.0009547, 38.386313 ], [ 14.9997418, 38.3854563 ], [ 14.9993755, 38.3824606 ], [ 15.0036024, 38.3772309 ], [ 15.0066427, 38.3755523 ], [ 15.0066071, 38.3738525 ], [ 15.0035325, 38.3738602 ], [ 15.0022562, 38.3723982 ], [ 15.002453, 38.370165 ], [ 15.0006685, 38.3704779 ], [ 14.9998799, 38.3697493 ], [ 14.9977777, 38.3703846 ], [ 14.9947005, 38.369622 ], [ 14.9912565, 38.3667147 ], [ 14.983189, 38.3671392 ], [ 14.9761364, 38.3692653 ], [ 14.9728332, 38.3730428 ], [ 14.9654776, 38.3782344 ], [ 14.9637555, 38.3785538 ], [ 14.9641928, 38.379326 ], [ 14.9611071, 38.3815257 ], [ 14.9536454, 38.3820934 ], [ 14.9495225, 38.3844968 ], [ 14.9485939, 38.3895169 ], [ 14.9472391, 38.3922924 ], [ 14.942018, 38.3985152 ], [ 14.9416713, 38.4011517 ], [ 14.9390264, 38.4004625 ], [ 14.9398412, 38.4027376 ], [ 14.9367179, 38.4025019 ], [ 14.9364596, 38.4034946 ] ] ], [ [ [ 14.9388482, 38.399668 ], [ 14.938218, 38.3998796 ], [ 14.9389413, 38.3999915 ], [ 14.9388482, 38.399668 ] ] ], [ [ [ 14.9511555, 38.4203648 ], [ 14.9510292, 38.4200051 ], [ 14.9509148, 38.420237 ], [ 14.9511555, 38.4203648 ] ] ], [ [ [ 14.9541323, 38.4389973 ], [ 14.9542826, 38.4385192 ], [ 14.9538817, 38.4388028 ], [ 14.9541323, 38.4389973 ] ] ], [ [ [ 14.9413417, 38.43879 ], [ 14.9418092, 38.4389889 ], [ 14.9420067, 38.4389058 ], [ 14.9413417, 38.43879 ] ] ], [ [ [ 14.9429339, 38.439836 ], [ 14.9434081, 38.4397277 ], [ 14.9428318, 38.4396498 ], [ 14.9429339, 38.439836 ] ] ], [ [ [ 14.939925, 38.4433101 ], [ 14.9398148, 38.443369 ], [ 14.9399626, 38.4433469 ], [ 14.939925, 38.4433101 ] ] ], [ [ [ 14.9402071, 38.4435584 ], [ 14.9400593, 38.44357 ], [ 14.9401439, 38.4436215 ], [ 14.9402071, 38.4435584 ] ] ], [ [ [ 14.9402143, 38.4437103 ], [ 14.940264, 38.4437092 ], [ 14.9402546, 38.4436924 ], [ 14.9402143, 38.4437103 ] ] ], [ [ [ 14.9426858, 38.444823 ], [ 14.942641, 38.4444943 ], [ 14.9424555, 38.444645 ], [ 14.9426858, 38.444823 ] ] ], [ [ [ 14.8956424, 38.4748213 ], [ 14.8963639, 38.4750355 ], [ 14.89627, 38.4746954 ], [ 14.8956424, 38.4748213 ] ] ], [ [ [ 14.8989561, 38.4798412 ], [ 14.899412, 38.4792211 ], [ 14.8988827, 38.4791787 ], [ 14.8989561, 38.4798412 ] ] ], [ [ [ 14.898786, 38.4797081 ], [ 14.8984769, 38.4798805 ], [ 14.8987397, 38.4800438 ], [ 14.898786, 38.4797081 ] ] ], [ [ [ 14.8976357, 38.4861379 ], [ 14.9010994, 38.4884055 ], [ 14.8982558, 38.4900494 ], [ 14.9001531, 38.4905424 ], [ 14.8996623, 38.4909809 ], [ 14.9018531, 38.4930858 ], [ 14.9025752, 38.4947428 ], [ 14.9018031, 38.4957232 ], [ 14.9034273, 38.4980911 ], [ 14.9031601, 38.4988615 ], [ 14.9040054, 38.4990921 ], [ 14.9039742, 38.5073196 ], [ 14.9053953, 38.5119908 ], [ 14.9129073, 38.5184854 ], [ 14.9263027, 38.5227345 ], [ 14.9316735, 38.5201233 ], [ 14.9432168, 38.5194798 ], [ 14.9481474, 38.5199815 ], [ 14.9518788, 38.5217531 ], [ 14.9543865, 38.5218092 ], [ 14.9596781, 38.5235718 ], [ 14.962392, 38.521201 ], [ 14.9600813, 38.5164908 ], [ 14.9638478, 38.5097147 ], [ 14.9634228, 38.5083171 ], [ 14.9648094, 38.5054663 ], [ 14.9616752, 38.498865 ], [ 14.9620767, 38.4942188 ], [ 14.9633088, 38.4913632 ], [ 14.9627809, 38.4906504 ], [ 14.9677415, 38.4861832 ], [ 14.971508, 38.4850469 ], [ 14.9762928, 38.4859949 ], [ 14.979538, 38.4844991 ], [ 14.9805495, 38.4827839 ], [ 14.9794563, 38.479204 ], [ 14.9687269, 38.477198 ], [ 14.9655454, 38.4777612 ], [ 14.9628968, 38.4767976 ], [ 14.9651455, 38.4780231 ], [ 14.9622808, 38.4788001 ], [ 14.9572964, 38.4771478 ], [ 14.954752, 38.4737321 ], [ 14.9543647, 38.4714865 ], [ 14.9560106, 38.4695505 ], [ 14.9573497, 38.4696953 ], [ 14.9572867, 38.468126 ], [ 14.9581261, 38.4670663 ], [ 14.9568978, 38.4649878 ], [ 14.958265, 38.4656185 ], [ 14.9575597, 38.4649177 ], [ 14.9580384, 38.4636165 ], [ 14.9567464, 38.4645725 ], [ 14.9570354, 38.461696 ], [ 14.9561451, 38.4601001 ], [ 14.9577766, 38.4588284 ], [ 14.9577022, 38.4571948 ], [ 14.95888, 38.4552147 ], [ 14.9600565, 38.455203 ], [ 14.9602222, 38.4542095 ], [ 14.9622536, 38.4535221 ], [ 14.9625949, 38.4523689 ], [ 14.9622296, 38.4512311 ], [ 14.960794, 38.4507751 ], [ 14.9615285, 38.448964 ], [ 14.9595043, 38.447505 ], [ 14.9595451, 38.4446211 ], [ 14.958236, 38.4417256 ], [ 14.9564511, 38.4397981 ], [ 14.9541906, 38.4390799 ], [ 14.9499533, 38.4418025 ], [ 14.9464949, 38.4410187 ], [ 14.9438593, 38.442651 ], [ 14.941877, 38.4426722 ], [ 14.9431861, 38.4432123 ], [ 14.9426462, 38.449148 ], [ 14.938642, 38.4532983 ], [ 14.9358772, 38.4536235 ], [ 14.9369026, 38.4538865 ], [ 14.9362152, 38.45464 ], [ 14.9369599, 38.4552857 ], [ 14.9334112, 38.4607621 ], [ 14.9320625, 38.4613078 ], [ 14.9303682, 38.4608378 ], [ 14.9251565, 38.4623998 ], [ 14.9199399, 38.4624982 ], [ 14.9185971, 38.4633529 ], [ 14.9174958, 38.4628991 ], [ 14.9162886, 38.4641958 ], [ 14.9107269, 38.4665757 ], [ 14.9106574, 38.4691515 ], [ 14.8991852, 38.4788137 ], [ 14.9003005, 38.4805249 ], [ 14.8990925, 38.4812446 ], [ 14.9009241, 38.4843382 ], [ 14.9004762, 38.485764 ], [ 14.8979332, 38.4855875 ], [ 14.8976357, 38.4861379 ] ] ], [ [ [ 14.8972481, 38.4860449 ], [ 14.8973486, 38.485933 ], [ 14.8970781, 38.4859754 ], [ 14.8972481, 38.4860449 ] ] ], [ [ [ 14.9002715, 38.4922773 ], [ 14.900088, 38.4921731 ], [ 14.9000361, 38.4922272 ], [ 14.9002715, 38.4922773 ] ] ], [ [ [ 14.8994846, 38.4925517 ], [ 14.8991587, 38.4927635 ], [ 14.8994906, 38.4928968 ], [ 14.8994846, 38.4925517 ] ] ], [ [ [ 14.9016384, 38.4961034 ], [ 14.9018799, 38.4960543 ], [ 14.9017061, 38.4959938 ], [ 14.9016384, 38.4961034 ] ] ], [ [ [ 14.9514422, 38.5218645 ], [ 14.9511431, 38.5218131 ], [ 14.9514271, 38.5219287 ], [ 14.9514422, 38.5218645 ] ] ], [ [ [ 14.3604149, 38.5324624 ], [ 14.3603827, 38.5324246 ], [ 14.3603666, 38.5325106 ], [ 14.3604149, 38.5324624 ] ] ], [ [ [ 14.8574991, 38.534342 ], [ 14.8574197, 38.5344156 ], [ 14.8575786, 38.5344397 ], [ 14.8574991, 38.534342 ] ] ], [ [ [ 14.3393144, 38.5444671 ], [ 14.3403483, 38.5483954 ], [ 14.3431355, 38.5511856 ], [ 14.3479019, 38.5536569 ], [ 14.3612848, 38.554399 ], [ 14.3646147, 38.5528688 ], [ 14.366296, 38.5500911 ], [ 14.3659988, 38.5457199 ], [ 14.3613149, 38.5338444 ], [ 14.359254, 38.5317957 ], [ 14.3565428, 38.5309176 ], [ 14.3484354, 38.53095 ], [ 14.3425405, 38.5332268 ], [ 14.3398668, 38.5381587 ], [ 14.3393144, 38.5444671 ] ] ], [ [ [ 14.7958753, 38.5628338 ], [ 14.7996629, 38.5670136 ], [ 14.7985577, 38.5705568 ], [ 14.8002646, 38.5722578 ], [ 14.7999448, 38.5738746 ], [ 14.8018514, 38.5742067 ], [ 14.8039194, 38.5773513 ], [ 14.8070269, 38.5797047 ], [ 14.8070942, 38.5804753 ], [ 14.8053326, 38.5813913 ], [ 14.8068249, 38.5824409 ], [ 14.8065044, 38.582988 ], [ 14.8096386, 38.5823697 ], [ 14.8174852, 38.583982 ], [ 14.8232975, 38.582116 ], [ 14.8353, 38.5829166 ], [ 14.8358292, 38.5819483 ], [ 14.8372133, 38.5816071 ], [ 14.840303, 38.5820633 ], [ 14.8404021, 38.5813624 ], [ 14.8387728, 38.581608 ], [ 14.8390438, 38.5807534 ], [ 14.8395672, 38.5811817 ], [ 14.8459767, 38.5794892 ], [ 14.850875, 38.5801255 ], [ 14.8576016, 38.582609 ], [ 14.8685068, 38.582747 ], [ 14.872432, 38.5803252 ], [ 14.8709341, 38.577038 ], [ 14.8714016, 38.5711438 ], [ 14.8750184, 38.5630829 ], [ 14.872853, 38.559439 ], [ 14.8727924, 38.5587557 ], [ 14.8734981, 38.5582396 ], [ 14.8736204, 38.5571324 ], [ 14.8733242, 38.5581009 ], [ 14.8717598, 38.5585804 ], [ 14.8716289, 38.556948 ], [ 14.8723177, 38.5569822 ], [ 14.8723735, 38.5560127 ], [ 14.8717638, 38.5545136 ], [ 14.8718837, 38.5566993 ], [ 14.8692257, 38.554257 ], [ 14.8683115, 38.5518864 ], [ 14.8695313, 38.5409673 ], [ 14.8716537, 38.5371746 ], [ 14.8662856, 38.5360211 ], [ 14.8609524, 38.5360948 ], [ 14.8587407, 38.5346065 ], [ 14.856469, 38.5342826 ], [ 14.8491335, 38.5365366 ], [ 14.8434076, 38.5400936 ], [ 14.8390101, 38.5417596 ], [ 14.8304457, 38.5477116 ], [ 14.8287209, 38.5476834 ], [ 14.8286561, 38.5463639 ], [ 14.8280643, 38.5473341 ], [ 14.8211267, 38.5477601 ], [ 14.8202368, 38.549531 ], [ 14.8187832, 38.5502864 ], [ 14.8153693, 38.5511805 ], [ 14.8134093, 38.5508043 ], [ 14.80966, 38.5529786 ], [ 14.8076977, 38.5528764 ], [ 14.8036839, 38.5547436 ], [ 14.8017803, 38.5573284 ], [ 14.7966028, 38.5609332 ], [ 14.7958753, 38.5628338 ] ] ], [ [ [ 14.5394554, 38.5777238 ], [ 14.5418816, 38.5833195 ], [ 14.544492, 38.5848804 ], [ 14.5441209, 38.5857769 ], [ 14.545665, 38.5851761 ], [ 14.5472426, 38.5860694 ], [ 14.5476204, 38.5853636 ], [ 14.5539369, 38.585867 ], [ 14.5616084, 38.5847553 ], [ 14.5699198, 38.5818619 ], [ 14.576268, 38.5810899 ], [ 14.5807221, 38.5749968 ], [ 14.5815497, 38.5722715 ], [ 14.5796496, 38.5681665 ], [ 14.5804471, 38.5623981 ], [ 14.5816024, 38.5620974 ], [ 14.5811875, 38.5613865 ], [ 14.5826121, 38.5603765 ], [ 14.5862075, 38.5588623 ], [ 14.5884186, 38.5585889 ], [ 14.5897615, 38.559534 ], [ 14.5922158, 38.559581 ], [ 14.5938459, 38.5577423 ], [ 14.5934239, 38.5561802 ], [ 14.5857145, 38.5532935 ], [ 14.5823724, 38.5561634 ], [ 14.5766374, 38.5576533 ], [ 14.571819, 38.5573535 ], [ 14.5684414, 38.5589667 ], [ 14.5660797, 38.5582466 ], [ 14.5642418, 38.558796 ], [ 14.5594414, 38.5577136 ], [ 14.5557313, 38.5579261 ], [ 14.552022, 38.5631536 ], [ 14.5474208, 38.5661878 ], [ 14.5453628, 38.5692316 ], [ 14.5406391, 38.5721322 ], [ 14.5417114, 38.5723697 ], [ 14.5394554, 38.5777238 ] ] ], [ [ [ 14.8006166, 38.5798247 ], [ 14.8013571, 38.5795168 ], [ 14.8015, 38.5793194 ], [ 14.8005095, 38.579126 ], [ 14.8006166, 38.5798247 ] ] ], [ [ [ 15.0768279, 36.644862 ], [ 15.077597, 36.6464302 ], [ 15.0787598, 36.6466867 ], [ 15.0779643, 36.6441997 ], [ 15.0768279, 36.644862 ] ] ], [ [ [ 15.1499667, 36.6836947 ], [ 15.1499634, 36.6835213 ], [ 15.1498567, 36.6836194 ], [ 15.1499667, 36.6836947 ] ] ], [ [ [ 15.1440992, 36.6847874 ], [ 15.1455294, 36.6878454 ], [ 15.1479383, 36.6890512 ], [ 15.1541193, 36.6888926 ], [ 15.1527186, 36.6859252 ], [ 15.1519327, 36.6857568 ], [ 15.1523899, 36.6852538 ], [ 15.1493914, 36.685534 ], [ 15.1480808, 36.6837814 ], [ 15.1446178, 36.6845177 ], [ 15.1436927, 36.6816581 ], [ 15.1435545, 36.6842267 ], [ 15.1429204, 36.684318 ], [ 15.1440992, 36.6847874 ] ] ], [ [ [ 15.1381263, 36.6868222 ], [ 15.1379905, 36.6866977 ], [ 15.1378186, 36.6867977 ], [ 15.1381263, 36.6868222 ] ] ], [ [ [ 14.9720894, 36.6916621 ], [ 14.972173, 36.6915001 ], [ 14.9719318, 36.6916068 ], [ 14.9720894, 36.6916621 ] ] ], [ [ [ 14.9792499, 36.6946956 ], [ 14.9793046, 36.6946644 ], [ 14.9792482, 36.6946407 ], [ 14.9792499, 36.6946956 ] ] ], [ [ [ 14.980237, 36.6950002 ], [ 14.9801512, 36.6950475 ], [ 14.9802649, 36.6950464 ], [ 14.980237, 36.6950002 ] ] ], [ [ [ 15.1185813, 36.7383425 ], [ 15.1193831, 36.7381076 ], [ 15.1184982, 36.7380995 ], [ 15.1185813, 36.7383425 ] ] ], [ [ [ 15.1033906, 36.7922971 ], [ 15.10627, 36.7923304 ], [ 15.105361, 36.7900374 ], [ 15.1033906, 36.7922971 ] ] ], [ [ [ 15.1592829, 37.2924482 ], [ 15.1591354, 37.2922985 ], [ 15.1590668, 37.2924421 ], [ 15.1592829, 37.2924482 ] ] ], [ [ [ 15.1317798, 37.309935 ], [ 15.1317522, 37.3099816 ], [ 15.1318059, 37.3099803 ], [ 15.1317798, 37.309935 ] ] ], [ [ [ 15.091845, 37.4032189 ], [ 15.0923258, 37.4031213 ], [ 15.0916125, 37.4029561 ], [ 15.091845, 37.4032189 ] ] ], [ [ [ 15.1618243, 37.5585577 ], [ 15.1617101, 37.5584488 ], [ 15.1617217, 37.5585963 ], [ 15.1618243, 37.5585577 ] ] ], [ [ [ 15.1618593, 37.5585902 ], [ 15.1617965, 37.558684 ], [ 15.1619191, 37.5586303 ], [ 15.1618593, 37.5585902 ] ] ], [ [ [ 15.1573475, 37.5587044 ], [ 15.1573239, 37.5587722 ], [ 15.15738, 37.5587582 ], [ 15.1573475, 37.5587044 ] ] ], [ [ [ 15.1619601, 37.5587273 ], [ 15.1619308, 37.5587714 ], [ 15.1619834, 37.5587457 ], [ 15.1619601, 37.5587273 ] ] ], [ [ [ 15.1626396, 37.5586872 ], [ 15.1623671, 37.5587081 ], [ 15.1623997, 37.5589161 ], [ 15.1626396, 37.5586872 ] ] ], [ [ [ 15.1622945, 37.558924 ], [ 15.1621397, 37.5586995 ], [ 15.1619792, 37.5588821 ], [ 15.1622945, 37.558924 ] ] ], [ [ [ 15.1630438, 37.5588939 ], [ 15.1628251, 37.5587158 ], [ 15.1626646, 37.5589169 ], [ 15.1630438, 37.5588939 ] ] ], [ [ [ 15.1610334, 37.5589573 ], [ 15.1608943, 37.559046 ], [ 15.1610989, 37.5590619 ], [ 15.1610334, 37.5589573 ] ] ], [ [ [ 15.1615726, 37.5593535 ], [ 15.1615072, 37.5593635 ], [ 15.1615473, 37.5593954 ], [ 15.1615726, 37.5593535 ] ] ], [ [ [ 15.1614307, 37.5597104 ], [ 15.1615733, 37.55956 ], [ 15.1614072, 37.5595554 ], [ 15.1614307, 37.5597104 ] ] ], [ [ [ 15.1652536, 37.5601702 ], [ 15.1659274, 37.5595625 ], [ 15.1659188, 37.5593787 ], [ 15.1651892, 37.5594944 ], [ 15.1652536, 37.5601702 ] ] ], [ [ [ 15.1614578, 37.5597865 ], [ 15.1613534, 37.5597874 ], [ 15.1613534, 37.5598137 ], [ 15.1614578, 37.5597865 ] ] ], [ [ [ 15.1586492, 37.5598 ], [ 15.1587793, 37.5597808 ], [ 15.1586644, 37.5597484 ], [ 15.1586492, 37.5598 ] ] ], [ [ [ 15.1578904, 37.5598203 ], [ 15.1577767, 37.559755 ], [ 15.1577754, 37.5598183 ], [ 15.1578904, 37.5598203 ] ] ], [ [ [ 15.1665282, 37.5601476 ], [ 15.1664949, 37.5600553 ], [ 15.1663394, 37.560202 ], [ 15.1665282, 37.5601476 ] ] ], [ [ [ 15.1647077, 37.5604019 ], [ 15.1646216, 37.5604019 ], [ 15.1646915, 37.560426 ], [ 15.1647077, 37.5604019 ] ] ], [ [ [ 15.1661248, 37.5607055 ], [ 15.1658759, 37.5605014 ], [ 15.1657214, 37.5608552 ], [ 15.1661248, 37.5607055 ] ] ], [ [ [ 15.1662535, 37.5622432 ], [ 15.1676697, 37.5614811 ], [ 15.1665716, 37.561585 ], [ 15.1672578, 37.5605422 ], [ 15.1657042, 37.5611205 ], [ 15.1662535, 37.5622432 ] ] ], [ [ [ 15.1634206, 37.5631815 ], [ 15.1633175, 37.5631491 ], [ 15.1633414, 37.5631955 ], [ 15.1634206, 37.5631815 ] ] ], [ [ [ 15.1633616, 37.5632927 ], [ 15.1634098, 37.5631992 ], [ 15.1633449, 37.5632156 ], [ 15.1633616, 37.5632927 ] ] ], [ [ [ 15.1634521, 37.5634542 ], [ 15.1633554, 37.5634025 ], [ 15.1633248, 37.5634611 ], [ 15.1634521, 37.5634542 ] ] ], [ [ [ 15.1637791, 37.5634621 ], [ 15.1637938, 37.5635925 ], [ 15.1638269, 37.563466 ], [ 15.1637791, 37.5634621 ] ] ], [ [ [ 15.1632805, 37.5636616 ], [ 15.1632302, 37.5637181 ], [ 15.1633198, 37.5637006 ], [ 15.1632805, 37.5636616 ] ] ], [ [ [ 15.1632235, 37.5640062 ], [ 15.1632744, 37.5639615 ], [ 15.1632345, 37.5639713 ], [ 15.1632235, 37.5640062 ] ] ], [ [ [ 15.0470835, 38.1499379 ], [ 15.0470465, 38.1498567 ], [ 15.0470056, 38.1499287 ], [ 15.0470835, 38.1499379 ] ] ], [ [ [ 15.0471419, 38.1500328 ], [ 15.0471633, 38.1501369 ], [ 15.0471789, 38.1500757 ], [ 15.0471419, 38.1500328 ] ] ], [ [ [ 15.1067812, 38.6346663 ], [ 15.106709, 38.6346017 ], [ 15.1065094, 38.6347081 ], [ 15.1067596, 38.634736 ], [ 15.1067812, 38.6346663 ] ] ], [ [ [ 15.106683, 38.6349392 ], [ 15.106681, 38.6347853 ], [ 15.1065958, 38.6348937 ], [ 15.106683, 38.6349392 ] ] ], [ [ [ 15.1069837, 38.6351007 ], [ 15.1068635, 38.6348915 ], [ 15.1068283, 38.6350129 ], [ 15.1069837, 38.6351007 ] ] ], [ [ [ 15.106586, 38.6353034 ], [ 15.1066543, 38.6351378 ], [ 15.1065263, 38.635239 ], [ 15.106586, 38.6353034 ] ] ], [ [ [ 15.1066295, 38.6355751 ], [ 15.1064807, 38.6355212 ], [ 15.1064348, 38.6355804 ], [ 15.1066295, 38.6355751 ] ] ], [ [ [ 15.0555201, 38.6310097 ], [ 15.0570158, 38.6373721 ], [ 15.0597099, 38.6413817 ], [ 15.0585987, 38.6426586 ], [ 15.0589321, 38.6431961 ], [ 15.0598505, 38.6430777 ], [ 15.0611317, 38.6442646 ], [ 15.0622891, 38.6432832 ], [ 15.0634334, 38.6436908 ], [ 15.0660031, 38.6459691 ], [ 15.0700011, 38.6473708 ], [ 15.0738566, 38.6461756 ], [ 15.0769236, 38.6438747 ], [ 15.077489, 38.6408815 ], [ 15.0769558, 38.6382447 ], [ 15.0782201, 38.637942 ], [ 15.0770584, 38.6373503 ], [ 15.0785585, 38.6364503 ], [ 15.0771189, 38.6356271 ], [ 15.0758546, 38.6318875 ], [ 15.0734354, 38.6290275 ], [ 15.0719749, 38.6286194 ], [ 15.0700852, 38.6295692 ], [ 15.0688477, 38.6291559 ], [ 15.0680835, 38.6277848 ], [ 15.0665227, 38.6287674 ], [ 15.0648885, 38.6282995 ], [ 15.0647122, 38.6268374 ], [ 15.0637511, 38.6261309 ], [ 15.0645148, 38.6253671 ], [ 15.0641776, 38.6246731 ], [ 15.0623485, 38.6257936 ], [ 15.0568912, 38.6248929 ], [ 15.0552466, 38.6259921 ], [ 15.0543305, 38.6295028 ], [ 15.0555201, 38.6310097 ] ] ], [ [ [ 15.1112008, 38.6378467 ], [ 15.1107251, 38.6373064 ], [ 15.1101897, 38.6384858 ], [ 15.1112008, 38.6378467 ] ] ], [ [ [ 15.1124843, 38.6391815 ], [ 15.1141391, 38.6403321 ], [ 15.1156429, 38.6389836 ], [ 15.1141573, 38.6384957 ], [ 15.1124843, 38.6391815 ] ] ], [ [ [ 15.0963761, 38.6392015 ], [ 15.0967806, 38.6402701 ], [ 15.0976706, 38.6403419 ], [ 15.0982393, 38.638778 ], [ 15.09684, 38.6386776 ], [ 15.0963761, 38.6392015 ] ] ], [ [ [ 15.1088109, 38.6636604 ], [ 15.1114265, 38.6643148 ], [ 15.1116273, 38.6652453 ], [ 15.1129782, 38.6652429 ], [ 15.1133419, 38.6661747 ], [ 15.115454, 38.6660485 ], [ 15.1163722, 38.6645952 ], [ 15.1180503, 38.6645268 ], [ 15.1183132, 38.6631198 ], [ 15.1175245, 38.6625874 ], [ 15.1180944, 38.6613226 ], [ 15.1165554, 38.6608858 ], [ 15.1136689, 38.6620113 ], [ 15.1104106, 38.6616608 ], [ 15.1106908, 38.6625895 ], [ 15.1095807, 38.6629954 ], [ 15.110089, 38.663395 ], [ 15.1088109, 38.6636604 ] ] ], [ [ [ 15.107599, 38.6649488 ], [ 15.108511, 38.6649384 ], [ 15.1088932, 38.664368 ], [ 15.107599, 38.6649488 ] ] ], [ [ [ 15.185838, 36.9419428 ], [ 15.1857646, 36.9421138 ], [ 15.1859306, 36.9420219 ], [ 15.185838, 36.9419428 ] ] ], [ [ [ 15.186384, 36.9426522 ], [ 15.186649, 36.9421418 ], [ 15.186087, 36.9425042 ], [ 15.186384, 36.9426522 ] ] ], [ [ [ 15.1870051, 36.9439659 ], [ 15.1868346, 36.9440086 ], [ 15.1868764, 36.9440554 ], [ 15.1870051, 36.9439659 ] ] ], [ [ [ 15.2563796, 36.9732147 ], [ 15.2560229, 36.97346 ], [ 15.2560956, 36.9735445 ], [ 15.2563796, 36.9732147 ] ] ], [ [ [ 15.262973, 36.9790909 ], [ 15.2633368, 36.9797816 ], [ 15.2647126, 36.9788913 ], [ 15.2636084, 36.9787016 ], [ 15.262973, 36.9790909 ] ] ], [ [ [ 15.2827146, 37.0041088 ], [ 15.2827334, 37.0042417 ], [ 15.2828219, 37.0041945 ], [ 15.2827146, 37.0041088 ] ] ], [ [ [ 15.2812683, 37.0043303 ], [ 15.281572, 37.0041379 ], [ 15.2812605, 37.004127 ], [ 15.2812683, 37.0043303 ] ] ], [ [ [ 15.3295311, 37.0181764 ], [ 15.3294939, 37.0181059 ], [ 15.3294574, 37.018149 ], [ 15.3295311, 37.0181764 ] ] ], [ [ [ 15.3273282, 37.01874 ], [ 15.3274328, 37.0185847 ], [ 15.3271985, 37.018755 ], [ 15.3273282, 37.01874 ] ] ], [ [ [ 15.3236213, 37.0208882 ], [ 15.3236362, 37.020718 ], [ 15.3235312, 37.0208855 ], [ 15.3236213, 37.0208882 ] ] ], [ [ [ 15.304635, 37.0408019 ], [ 15.3046095, 37.0407056 ], [ 15.3045076, 37.0407163 ], [ 15.304635, 37.0408019 ] ] ], [ [ [ 15.3040564, 37.0411296 ], [ 15.3044127, 37.0406046 ], [ 15.3040932, 37.0406392 ], [ 15.3040564, 37.0411296 ] ] ], [ [ [ 15.3050099, 37.0412694 ], [ 15.3052218, 37.0411966 ], [ 15.3049697, 37.041126 ], [ 15.3050099, 37.0412694 ] ] ], [ [ [ 15.3040369, 37.0413886 ], [ 15.3042354, 37.0413168 ], [ 15.3040315, 37.0413126 ], [ 15.3040369, 37.0413886 ] ] ], [ [ [ 15.3050776, 37.0414346 ], [ 15.3049918, 37.0413661 ], [ 15.3050709, 37.041456 ], [ 15.3050776, 37.0414346 ] ] ], [ [ [ 15.3043976, 37.0414603 ], [ 15.3046015, 37.0414025 ], [ 15.3044754, 37.0412911 ], [ 15.3043976, 37.0414603 ] ] ], [ [ [ 15.2953397, 37.0415193 ], [ 15.2955302, 37.0417312 ], [ 15.2952673, 37.0412731 ], [ 15.2953397, 37.0415193 ] ] ], [ [ [ 15.3013422, 37.0430792 ], [ 15.3014845, 37.0434519 ], [ 15.3017844, 37.0433299 ], [ 15.3013422, 37.0430792 ] ] ], [ [ [ 15.3022927, 37.0435194 ], [ 15.3025285, 37.0442205 ], [ 15.3027733, 37.0442438 ], [ 15.3022927, 37.0435194 ] ] ], [ [ [ 15.2986201, 37.059254 ], [ 15.2988603, 37.0590935 ], [ 15.2985981, 37.0592395 ], [ 15.2986201, 37.059254 ] ] ], [ [ [ 15.2988709, 37.0593303 ], [ 15.2991845, 37.0590559 ], [ 15.2989471, 37.0590718 ], [ 15.2988709, 37.0593303 ] ] ], [ [ [ 15.3022679, 37.060676 ], [ 15.3022571, 37.0608343 ], [ 15.3023627, 37.0606768 ], [ 15.3022679, 37.060676 ] ] ], [ [ [ 15.2987138, 37.0612347 ], [ 15.299052, 37.0613966 ], [ 15.299023, 37.061254 ], [ 15.2987138, 37.0612347 ] ] ], [ [ [ 15.2983118, 37.0722417 ], [ 15.2980019, 37.0717239 ], [ 15.2978323, 37.0721437 ], [ 15.2983118, 37.0722417 ] ] ], [ [ [ 15.2975097, 37.0783428 ], [ 15.2975633, 37.0782872 ], [ 15.2974866, 37.0783238 ], [ 15.2975097, 37.0783428 ] ] ], [ [ [ 15.3010213, 37.0835122 ], [ 15.3009114, 37.0834082 ], [ 15.30093, 37.0835272 ], [ 15.3010213, 37.0835122 ] ] ], [ [ [ 15.3013772, 37.0852334 ], [ 15.3013852, 37.0853901 ], [ 15.3014557, 37.0852557 ], [ 15.3013772, 37.0852334 ] ] ], [ [ [ 15.3018513, 37.0855329 ], [ 15.3016136, 37.0855024 ], [ 15.3018194, 37.0856769 ], [ 15.3018513, 37.0855329 ] ] ], [ [ [ 15.3000404, 37.0867822 ], [ 15.2998815, 37.0867937 ], [ 15.2999223, 37.0868707 ], [ 15.3000404, 37.0867822 ] ] ], [ [ [ 15.2995018, 37.0874554 ], [ 15.2993735, 37.0873597 ], [ 15.2994273, 37.0874983 ], [ 15.2995018, 37.0874554 ] ] ], [ [ [ 15.2996589, 37.0878612 ], [ 15.2995555, 37.0878183 ], [ 15.2995224, 37.0879272 ], [ 15.2996589, 37.0878612 ] ] ], [ [ [ 15.3011298, 37.0919098 ], [ 15.3012463, 37.0919875 ], [ 15.3012484, 37.0918388 ], [ 15.3011298, 37.0919098 ] ] ], [ [ [ 15.2389555, 37.1156037 ], [ 15.2388881, 37.1153909 ], [ 15.2388315, 37.1153909 ], [ 15.2389555, 37.1156037 ] ] ], [ [ [ 15.2238066, 37.2115886 ], [ 15.2243487, 37.2119211 ], [ 15.2243219, 37.2115872 ], [ 15.2238066, 37.2115886 ] ] ], [ [ [ 15.204222, 37.2363189 ], [ 15.2055646, 37.2361479 ], [ 15.2056076, 37.2357176 ], [ 15.2045426, 37.2361344 ], [ 15.2035855, 37.2352381 ], [ 15.204222, 37.2363189 ] ] ], [ [ [ 15.2560709, 37.2415358 ], [ 15.2561434, 37.2414546 ], [ 15.2560441, 37.2414461 ], [ 15.2560709, 37.2415358 ] ] ], [ [ [ 15.2578771, 37.2431137 ], [ 15.2578255, 37.2428456 ], [ 15.2577826, 37.2430535 ], [ 15.2578771, 37.2431137 ] ] ], [ [ [ 15.2454092, 37.2507825 ], [ 15.2453604, 37.2509153 ], [ 15.2454803, 37.2508152 ], [ 15.2454092, 37.2507825 ] ] ], [ [ [ 15.2459541, 37.253412 ], [ 15.2457328, 37.2526731 ], [ 15.2452469, 37.2529355 ], [ 15.2453901, 37.2533361 ], [ 15.2459541, 37.253412 ] ] ], [ [ [ 15.2400112, 37.2614444 ], [ 15.239921, 37.2617538 ], [ 15.24015, 37.2613947 ], [ 15.2400112, 37.2614444 ] ] ], [ [ [ 15.1752607, 37.6185045 ], [ 15.1751263, 37.6184317 ], [ 15.1751539, 37.6185293 ], [ 15.1752607, 37.6185045 ] ] ], [ [ [ 15.1752007, 37.6186684 ], [ 15.1750083, 37.6186103 ], [ 15.1749891, 37.6187185 ], [ 15.1752007, 37.6186684 ] ] ], [ [ [ 15.2701813, 37.8178491 ], [ 15.2707476, 37.8176146 ], [ 15.2703325, 37.8174039 ], [ 15.2701813, 37.8178491 ] ] ], [ [ [ 15.3467594, 37.9171903 ], [ 15.3466965, 37.9170322 ], [ 15.3466777, 37.9171177 ], [ 15.3467594, 37.9171903 ] ] ], [ [ [ 15.1873917, 38.790007 ], [ 15.1900277, 38.796067 ], [ 15.1946942, 38.7966543 ], [ 15.1975864, 38.7979213 ], [ 15.2057567, 38.8031694 ], [ 15.2132842, 38.8102567 ], [ 15.2168065, 38.8116428 ], [ 15.2206428, 38.8119843 ], [ 15.2260483, 38.8104245 ], [ 15.2287136, 38.8106024 ], [ 15.2367459, 38.8064888 ], [ 15.2399053, 38.8066296 ], [ 15.2402529, 38.8057027 ], [ 15.2423803, 38.8048541 ], [ 15.2430671, 38.8031348 ], [ 15.2423675, 38.8005094 ], [ 15.2400225, 38.7974006 ], [ 15.2391491, 38.7972908 ], [ 15.2350107, 38.7921635 ], [ 15.2314818, 38.7891533 ], [ 15.2270524, 38.7770772 ], [ 15.222266, 38.7769792 ], [ 15.2154404, 38.7716751 ], [ 15.210631, 38.7727452 ], [ 15.2004179, 38.7796927 ], [ 15.1952181, 38.7800466 ], [ 15.1914702, 38.7848017 ], [ 15.190276, 38.7851163 ], [ 15.1908481, 38.785357 ], [ 15.1889592, 38.7854394 ], [ 15.1898635, 38.7863304 ], [ 15.1880764, 38.7879043 ], [ 15.1885943, 38.788473 ], [ 15.1873917, 38.790007 ] ] ], [ [ [ 15.2512694, 38.8176094 ], [ 15.2519108, 38.8175344 ], [ 15.2526751, 38.8173972 ], [ 15.2517348, 38.8170566 ], [ 15.2512694, 38.8176094 ] ] ] ] } }
]
}
